elapsed_s,esp_ms,state,clutch_mode,angle_deg,motor3_pwm,error,motor2_count,target_count,position_error,motor2_pwm,target_step
0.000,7305369,0,0,0.0,0,0,409,409,0,0,0
0.100,7305469,0,0,0.0,0,0,409,409,0,0,0
0.200,7305569,0,0,0.0,0,0,409,409,0,0,0
0.300,7305669,0,0,0.0,0,0,409,409,0,0,0
0.400,7305769,0,0,0.0,0,0,409,409,0,0,0
0.513,7305881,0,0,0.0,0,0,409,409,0,0,0
0.601,7305969,0,0,0.0,0,0,409,409,0,0,0
0.700,7306069,0,0,0.0,0,0,409,409,0,0,0
0.800,7306169,0,0,0.0,0,0,409,409,0,0,0
0.900,7306269,0,0,0.0,0,0,409,409,0,0,0
1.000,7306369,0,0,0.0,0,0,409,409,0,0,0
1.100,7306469,0,0,0.0,0,0,409,409,0,0,0
1.200,7306569,0,0,0.0,0,0,409,409,0,0,0
1.300,7306669,0,0,0.0,0,0,409,409,0,0,0
1.401,7306769,0,0,0.0,0,0,409,409,0,0,0
1.500,7306869,0,0,0.0,0,0,409,409,0,0,0
1.600,7306969,0,0,0.0,0,0,409,409,0,0,0
1.700,7307069,0,0,0.0,0,0,409,409,0,0,0
1.800,7307169,0,0,0.0,0,0,409,409,0,0,0
1.900,7307269,0,0,0.0,0,0,409,409,0,0,0
2.000,7307369,0,0,0.0,0,0,409,409,0,0,0
2.100,7307469,0,0,0.0,0,0,409,409,0,0,0
2.200,7307569,0,0,0.0,0,0,409,409,0,0,0
2.300,7307669,0,0,0.0,0,0,409,409,0,0,0
2.400,7307769,0,0,0.0,0,0,409,409,0,0,0
2.514,7307881,0,0,0.0,0,0,409,409,0,0,0
2.600,7307969,0,0,0.0,0,0,409,409,0,0,0
2.700,7308069,0,0,0.0,0,0,409,409,0,0,0
2.800,7308169,0,0,0.0,0,0,409,409,0,0,0
2.900,7308269,0,0,0.0,0,0,409,409,0,0,0
3.000,7308369,0,0,0.0,0,0,409,409,0,0,0
3.100,7308469,0,0,0.0,0,0,409,409,0,0,0
3.200,7308569,0,0,0.0,0,0,409,409,0,0,0
3.300,7308669,0,0,0.0,0,0,409,409,0,0,0
3.400,7308769,0,0,0.0,0,0,409,409,0,0,0
3.500,7308869,0,0,0.0,0,0,409,409,0,0,0
3.600,7308969,0,0,0.0,0,0,409,409,0,0,0
3.700,7309069,0,0,0.0,0,0,409,409,0,0,0
3.800,7309169,0,0,0.0,0,0,409,409,0,0,0
3.901,7309269,0,0,0.0,0,0,409,409,0,0,0
4.000,7309369,0,0,0.0,0,0,409,409,0,0,0
4.100,7309469,0,0,0.0,0,0,409,409,0,0,0
4.200,7309569,0,0,0.0,0,0,409,409,0,0,0
4.300,7309669,0,0,0.0,0,0,409,409,0,0,0
4.400,7309769,0,0,0.0,0,0,409,409,0,0,0
4.514,7309881,0,0,0.0,0,0,409,409,0,0,0
4.600,7309969,0,0,0.0,0,0,409,409,0,0,0
4.700,7310069,0,0,0.0,0,0,409,409,0,0,0
4.800,7310169,0,0,0.0,0,0,409,409,0,0,0
4.900,7310269,0,0,0.0,0,0,409,409,0,0,0
5.000,7310369,0,0,0.0,0,0,409,409,0,0,0
5.100,7310469,0,0,0.0,0,0,409,409,0,0,0
5.200,7310569,0,0,0.0,0,0,409,409,0,0,0
5.300,7310669,0,0,0.0,0,0,409,409,0,0,0
5.400,7310769,0,0,0.0,0,0,409,409,0,0,0
5.500,7310869,0,0,0.0,0,0,409,409,0,0,0
5.600,7310969,0,0,0.0,0,0,409,409,0,0,0
5.700,7311069,0,0,0.0,0,0,409,409,0,0,0
5.800,7311169,0,0,0.0,0,0,409,409,0,0,0
5.900,7311269,0,0,0.0,0,0,409,409,0,0,0
6.000,7311369,0,0,0.0,0,0,409,409,0,0,0
6.100,7311469,0,0,0.0,0,0,409,409,0,0,0
6.200,7311569,0,0,0.0,0,0,409,409,0,0,0
6.300,7311669,0,0,0.0,0,0,409,409,0,0,0
6.400,7311769,0,0,0.0,0,0,409,409,0,0,0
6.513,7311881,0,0,0.0,0,0,409,409,0,0,0
6.600,7311969,0,0,0.0,0,0,409,409,0,0,0
6.702,7312069,0,0,0.0,0,0,409,409,0,0,0
6.800,7312169,0,0,0.0,0,0,409,409,0,0,0
6.900,7312269,0,0,0.0,0,0,409,409,0,0,0
6.999,7312369,0,0,0.0,0,0,409,409,0,0,0
7.099,7312469,0,0,0.0,0,0,409,409,0,0,0
7.200,7312569,0,0,0.0,0,0,409,409,0,0,0
7.300,7312669,0,0,0.0,0,0,409,409,0,0,0
7.400,7312769,0,0,0.0,0,0,409,409,0,0,0
7.500,7312869,0,0,0.0,0,0,409,409,0,0,0
7.600,7312969,0,0,0.0,0,0,409,409,0,0,0
7.700,7313069,0,0,0.0,0,0,409,409,0,0,0
7.800,7313169,0,0,0.0,0,0,409,409,0,0,0
7.900,7313269,0,0,0.0,0,0,409,409,0,0,0
8.000,7313369,0,0,0.0,0,0,409,409,0,0,0
8.099,7313469,0,0,0.0,0,0,409,409,0,0,0
8.200,7313569,0,0,0.0,0,0,409,409,0,0,0
8.300,7313669,0,0,0.0,0,0,409,409,0,0,0
8.400,7313769,0,0,0.0,0,0,409,409,0,0,0
8.513,7313881,0,0,0.0,0,0,409,409,0,0,0
8.600,7313969,0,0,0.0,0,0,409,409,0,0,0
8.700,7314069,0,0,0.0,0,0,409,409,0,0,0
8.800,7314169,0,0,0.0,0,0,409,409,0,0,0
8.899,7314269,0,0,0.0,0,0,409,409,0,0,0
8.999,7314369,0,0,0.0,0,0,409,409,0,0,0
9.100,7314469,0,0,0.0,0,0,409,409,0,0,0
9.200,7314569,0,0,0.0,0,0,409,409,0,0,0
9.300,7314669,0,0,0.0,0,0,409,409,0,0,0
9.399,7314769,0,0,0.0,0,0,409,409,0,0,0
9.500,7314869,0,0,0.0,0,0,409,409,0,0,0
9.599,7314969,0,0,0.0,0,0,409,409,0,0,0
9.700,7315069,0,0,0.0,0,0,409,409,0,0,0
9.800,7315169,0,0,0.0,0,0,409,409,0,0,0
9.899,7315269,0,0,0.0,0,0,409,409,0,0,0
9.999,7315369,0,0,0.0,0,0,409,409,0,0,0
10.100,7315469,0,0,0.0,0,0,409,409,0,0,0
10.199,7315569,0,0,0.0,0,0,409,409,0,0,0
10.300,7315669,0,0,0.0,0,0,409,409,0,0,0
10.400,7315769,0,0,0.0,0,0,409,409,0,0,0
10.513,7315881,0,0,0.0,0,0,409,409,0,0,0
10.601,7315969,0,0,0.0,0,0,409,409,0,0,0
10.700,7316069,0,0,0.0,0,0,409,409,0,0,0
10.799,7316169,0,0,0.0,0,0,409,409,0,0,0
10.899,7316269,0,0,0.0,0,0,409,409,0,0,0
10.999,7316369,0,0,0.0,0,0,409,409,0,0,0
11.099,7316469,0,0,0.0,0,0,409,409,0,0,0
11.200,7316569,0,0,0.0,0,0,409,409,0,0,0
11.300,7316669,0,0,0.0,0,0,409,409,0,0,0
11.399,7316769,0,0,0.0,0,0,409,409,0,0,0
11.502,7316869,0,0,0.0,0,0,409,409,0,0,0
11.600,7316969,0,0,0.0,0,0,409,409,0,0,0
11.699,7317069,0,0,0.0,0,0,409,409,0,0,0
11.800,7317169,0,0,0.0,0,0,409,409,0,0,0
11.899,7317269,0,0,0.0,0,0,409,409,0,0,0
11.999,7317369,0,0,0.0,0,0,409,409,0,0,0
12.100,7317469,0,0,0.0,0,0,409,409,0,0,0
12.200,7317569,0,0,0.0,0,0,409,409,0,0,0
12.299,7317669,0,0,0.0,0,0,409,409,0,0,0
12.399,7317769,0,0,0.0,0,0,409,409,0,0,0
12.513,7317881,0,0,0.0,0,0,409,409,0,0,0
12.599,7317969,0,0,0.0,0,0,409,409,0,0,0
12.700,7318069,0,0,0.0,0,0,409,409,0,0,0
12.799,7318169,0,0,0.0,0,0,409,409,0,0,0
12.899,7318269,0,0,0.0,0,0,409,409,0,0,0
12.999,7318369,0,0,0.0,0,0,409,409,0,0,0
13.122,7318469,0,0,0.0,0,0,409,409,0,0,0
13.204,7318569,0,0,0.0,0,0,409,409,0,0,0
13.300,7318669,0,0,0.0,0,0,409,409,0,0,0
13.399,7318769,0,0,0.0,0,0,409,409,0,0,0
13.499,7318869,0,0,0.0,0,0,409,409,0,0,0
13.599,7318969,0,0,0.0,0,0,409,409,0,0,0
13.699,7319069,0,0,0.0,0,0,409,409,0,0,0
13.799,7319169,0,0,0.0,0,0,409,409,0,0,0
13.899,7319269,0,0,0.0,0,0,409,409,0,0,0
13.999,7319369,0,0,0.0,0,0,409,409,0,0,0
14.099,7319469,0,0,0.0,0,0,409,409,0,0,0
14.199,7319569,0,0,0.0,0,0,409,409,0,0,0
14.299,7319669,0,0,0.0,0,0,409,409,0,0,0
14.399,7319769,0,0,0.0,0,0,409,409,0,0,0
14.513,7319881,0,0,0.0,0,0,409,409,0,0,0
14.599,7319969,0,0,0.0,0,0,409,409,0,0,0
14.699,7320069,0,0,0.0,0,0,409,409,0,0,0
14.799,7320169,0,0,0.0,0,0,409,409,0,0,0
14.899,7320269,0,0,0.0,0,0,409,409,0,0,0
14.999,7320369,0,0,0.0,0,0,409,409,0,0,0
15.100,7320469,0,0,0.0,0,0,409,409,0,0,0
15.203,7320569,0,0,0.0,0,0,409,409,0,0,0
15.299,7320669,0,0,0.0,0,0,409,409,0,0,0
15.399,7320769,0,0,0.0,0,0,409,409,0,0,0
15.501,7320869,0,0,0.0,0,0,409,409,0,0,0
15.600,7320969,0,0,0.0,0,0,409,409,0,0,0
15.699,7321069,0,0,0.0,0,0,409,409,0,0,0
15.800,7321169,0,0,0.0,0,0,409,409,0,0,0
15.899,7321269,0,0,0.0,0,0,409,409,0,0,0
15.999,7321369,0,0,0.0,0,0,409,409,0,0,0
16.099,7321469,0,0,0.0,0,0,409,409,0,0,0
16.199,7321569,0,0,0.0,0,0,409,409,0,0,0
16.299,7321669,0,0,0.0,0,0,409,409,0,0,0
16.399,7321769,0,0,0.0,0,0,409,409,0,0,0
16.515,7321881,0,0,0.0,0,0,409,409,0,0,0
16.600,7321969,0,0,0.0,0,0,409,409,0,0,0
16.700,7322069,0,0,0.0,0,0,409,409,0,0,0
16.799,7322169,0,0,0.0,0,0,409,409,0,0,0
16.899,7322269,0,0,0.0,0,0,409,409,0,0,0
16.999,7322369,0,0,0.0,0,0,409,409,0,0,0
17.099,7322469,0,0,0.0,0,0,409,409,0,0,0
17.199,7322569,0,0,0.0,0,0,409,409,0,0,0
17.300,7322669,0,0,0.0,0,0,409,409,0,0,0
17.399,7322769,0,0,0.0,0,0,409,409,0,0,0
17.499,7322869,0,0,0.0,0,0,409,409,0,0,0
17.599,7322969,0,0,0.0,0,0,409,409,0,0,0
17.699,7323069,0,0,0.0,0,0,409,409,0,0,0
17.799,7323169,0,0,0.0,0,0,409,409,0,0,0
17.899,7323269,0,0,0.0,0,0,409,409,0,0,0
17.999,7323369,0,0,0.0,0,0,409,409,0,0,0
18.103,7323469,0,0,0.0,0,0,409,409,0,0,0
18.199,7323569,0,0,0.0,0,0,409,409,0,0,0
18.299,7323669,0,0,0.0,0,0,409,409,0,0,0
18.399,7323769,0,0,0.0,0,0,409,409,0,0,0
18.513,7323881,0,0,0.0,0,0,409,409,0,0,0
18.612,7323981,0,0,0.0,-45,0,409,409,0,0,0
18.699,7324069,0,0,0.0,-45,0,409,409,0,0,0
18.800,7324169,0,0,0.0,-45,0,409,409,0,0,0
18.899,7324269,0,0,0.0,-45,0,409,409,0,0,0
18.999,7324369,0,0,0.0,-45,0,409,409,0,0,0
19.112,7324481,0,0,0.0,0,0,409,409,0,0,0
19.199,7324569,0,0,0.0,0,0,409,409,0,0,0
19.299,7324669,0,0,0.0,0,0,409,409,0,0,0
19.399,7324769,0,0,0.0,0,0,409,409,0,0,0
19.504,7324869,0,0,0.0,0,0,409,409,0,0,0
19.599,7324969,0,0,0.0,0,0,409,409,0,0,0
19.699,7325069,0,0,0.0,0,0,409,409,0,0,0
19.799,7325169,0,0,0.0,0,0,409,409,0,0,0
19.899,7325269,0,0,0.0,0,0,409,409,0,0,0
19.999,7325369,0,0,0.0,0,0,409,409,0,0,0
20.099,7325469,0,0,0.0,0,0,409,409,0,0,0
20.199,7325569,0,0,0.0,0,0,409,409,0,0,0
20.299,7325669,0,0,0.0,0,0,409,409,0,0,0
20.401,7325769,0,0,0.0,0,0,409,409,0,0,0
20.500,7325869,0,0,0.0,0,0,409,409,0,0,0
20.599,7325969,0,0,0.0,0,0,409,409,0,0,0
20.699,7326069,0,0,0.0,0,0,409,409,0,0,0
20.799,7326169,0,0,0.0,0,0,409,409,0,0,0
20.898,7326269,0,0,0.0,0,0,409,409,0,0,0
21.000,7326369,0,0,0.0,0,0,409,409,0,0,0
21.113,7326481,0,0,0.0,0,0,409,409,0,0,0
21.199,7326569,0,0,0.0,0,0,409,409,0,0,0
21.299,7326669,0,0,0.0,0,0,409,409,0,0,0
21.399,7326769,0,0,0.0,0,0,409,409,0,0,0
21.504,7326869,0,0,0.0,0,0,409,409,0,0,0
21.598,7326969,0,0,0.0,0,0,409,409,0,0,0
21.699,7327069,0,0,0.0,0,0,409,409,0,0,0
21.799,7327169,0,0,0.0,0,0,409,409,0,0,0
21.899,7327269,0,0,0.0,0,0,409,409,0,0,0
21.999,7327369,0,0,0.0,0,0,409,409,0,0,0
22.098,7327469,0,0,0.0,0,0,409,409,0,0,0
22.203,7327569,0,0,0.0,0,0,409,409,0,0,0
22.299,7327669,0,0,0.0,0,0,409,409,0,0,0
22.399,7327769,0,0,0.0,0,0,409,409,0,0,0
22.499,7327869,0,0,0.0,0,0,409,409,0,0,0
22.599,7327969,0,0,0.0,0,0,409,409,0,0,0
22.699,7328069,0,0,0.0,0,0,409,409,0,0,0
22.799,7328169,0,0,0.0,0,0,409,409,0,0,0
22.898,7328269,0,0,0.0,0,0,409,409,0,0,0
22.998,7328369,0,0,0.0,0,0,409,409,0,0,0
23.112,7328481,0,0,0.0,0,0,409,409,0,0,0
23.199,7328569,0,0,0.0,0,0,409,409,0,0,0
23.299,7328669,0,0,0.0,0,0,409,409,0,0,0
23.398,7328769,0,0,0.0,0,0,409,409,0,0,0
23.500,7328869,0,0,0.0,0,0,409,409,0,0,0
23.599,7328969,0,0,0.0,0,0,409,409,0,0,0
23.703,7329069,0,0,0.0,0,0,409,409,0,0,0
23.799,7329169,0,0,0.0,0,0,409,409,0,0,0
23.899,7329269,0,0,0.0,0,0,409,409,0,0,0
23.998,7329369,0,0,0.0,0,0,409,409,0,0,0
24.098,7329469,0,0,0.0,0,0,409,409,0,0,0
24.199,7329569,0,0,0.0,0,0,409,409,0,0,0
24.300,7329669,0,0,0.0,0,0,409,409,0,0,0
24.399,7329769,0,0,0.0,0,0,409,409,0,0,0
24.499,7329869,0,0,0.0,0,0,409,409,0,0,0
24.599,7329969,0,0,0.0,0,0,409,409,0,0,0
24.699,7330069,0,0,0.0,0,0,409,409,0,0,0
24.799,7330169,0,0,0.0,0,0,409,409,0,0,0
24.898,7330269,0,0,0.0,0,0,409,409,0,0,0
24.998,7330369,0,0,0.0,0,0,409,409,0,0,0
25.112,7330481,0,0,0.0,0,0,409,409,0,0,0
25.198,7330569,0,0,0.0,0,0,409,409,0,0,0
25.298,7330669,0,0,0.0,0,0,409,409,0,0,0
25.398,7330769,0,0,0.0,0,0,409,409,0,0,0
25.498,7330869,0,0,0.0,0,0,409,409,0,0,0
25.599,7330969,0,0,0.0,0,0,409,409,0,0,0
25.698,7331069,0,0,0.0,0,0,409,409,0,0,0
25.798,7331169,0,0,0.0,0,0,409,409,0,0,0
25.898,7331269,0,0,0.0,0,0,409,409,0,0,0
25.999,7331369,0,0,0.0,0,0,409,409,0,0,0
26.098,7331469,0,0,0.0,0,0,409,409,0,0,0
26.198,7331569,0,0,0.0,0,0,409,409,0,0,0
26.299,7331669,0,0,0.0,0,0,409,409,0,0,0
26.399,7331769,0,0,0.0,0,0,409,409,0,0,0
26.498,7331869,0,0,0.0,0,0,409,409,0,0,0
26.599,7331969,0,0,0.0,0,0,409,409,0,0,0
26.698,7332069,0,0,0.0,0,0,409,409,0,0,0
26.799,7332169,0,0,0.0,0,0,409,409,0,0,0
26.899,7332269,0,0,0.0,0,0,409,409,0,0,0
26.998,7332369,0,0,0.0,0,0,409,409,0,0,0
27.112,7332481,0,0,0.0,0,0,409,409,0,0,0
27.198,7332569,0,0,0.0,0,0,409,409,0,0,0
27.299,7332669,0,0,0.0,0,0,409,409,0,0,0
27.398,7332769,0,0,0.0,0,0,409,409,0,0,0
27.501,7332869,0,0,0.0,0,0,409,409,0,0,0
27.611,7332981,0,0,0.0,-45,0,409,409,0,0,0
27.699,7333069,0,0,0.0,-45,0,409,409,0,0,0
27.799,7333169,0,0,0.0,-45,0,409,409,0,0,0
27.899,7333269,0,0,0.0,-45,0,409,409,0,0,0
27.999,7333369,0,0,0.0,-45,0,409,409,0,0,0
28.113,7333481,0,0,0.0,0,0,409,409,0,0,0
28.198,7333569,0,0,0.0,0,0,409,409,0,0,0
28.298,7333669,0,0,0.0,0,0,409,409,0,0,0
28.398,7333769,0,0,0.0,0,0,409,409,0,0,0
28.499,7333869,0,0,0.0,0,0,409,409,0,0,0
28.599,7333969,0,0,0.0,0,0,409,409,0,0,0
28.698,7334069,0,0,0.0,0,0,409,409,0,0,0
28.798,7334169,0,0,0.0,0,0,409,409,0,0,0
28.899,7334269,0,0,0.0,0,0,409,409,0,0,0
28.998,7334369,0,0,0.0,0,0,409,409,0,0,0
29.098,7334469,0,0,0.0,0,0,409,409,0,0,0
29.198,7334569,0,0,0.0,0,0,409,409,0,0,0
29.298,7334669,0,0,0.0,0,0,409,409,0,0,0
29.398,7334769,0,0,0.0,0,0,409,409,0,0,0
29.503,7334869,0,0,0.0,0,0,409,409,0,0,0
29.600,7334969,0,0,0.0,0,0,409,409,0,0,0
29.699,7335069,0,0,0.0,0,0,409,409,0,0,0
29.798,7335169,0,0,0.0,0,0,409,409,0,0,0
29.898,7335269,0,0,0.0,0,0,409,409,0,0,0
29.998,7335369,0,0,0.0,0,0,409,409,0,0,0
30.111,7335481,0,0,0.0,0,0,409,409,0,0,0
30.198,7335569,0,0,0.0,0,0,409,409,0,0,0
30.298,7335669,0,0,0.0,0,0,409,409,0,0,0
30.398,7335769,0,0,0.0,0,0,409,409,0,0,0
30.500,7335869,0,0,0.0,0,0,409,409,0,0,0
30.599,7335969,0,0,0.0,0,0,409,409,0,0,0
30.698,7336069,0,0,0.0,0,0,409,409,0,0,0
30.811,7336181,0,0,0.0,-45,0,409,409,0,0,0
30.899,7336269,0,0,0.0,-45,0,409,409,0,0,0
30.998,7336369,0,0,0.0,-45,0,409,409,0,0,0
31.098,7336469,0,0,0.0,-45,0,409,409,0,0,0
31.208,7336569,0,0,0.0,-45,0,409,409,0,0,0
31.312,7336681,0,0,0.0,0,0,409,409,0,0,0
31.398,7336769,0,0,0.0,0,0,409,409,0,0,0
31.499,7336869,0,0,0.0,0,0,409,409,0,0,0
31.599,7336969,0,0,0.0,0,0,409,409,0,0,0
31.700,7337069,0,0,0.0,0,0,409,409,0,0,0
31.799,7337169,0,0,0.0,0,0,409,409,0,0,0
31.898,7337269,0,0,0.0,0,0,409,409,0,0,0
31.998,7337369,0,0,0.0,0,0,409,409,0,0,0
32.098,7337469,0,0,0.0,0,0,409,409,0,0,0
32.198,7337569,0,0,0.0,0,0,409,409,0,0,0
32.298,7337669,0,0,0.0,0,0,409,409,0,0,0
32.398,7337769,0,0,0.0,0,0,409,409,0,0,0
32.499,7337869,0,0,0.0,0,0,409,409,0,0,0
32.599,7337969,0,0,0.0,0,0,409,409,0,0,0
32.698,7338069,0,0,0.0,0,0,409,409,0,0,0
32.802,7338169,0,0,0.0,0,0,409,409,0,0,0
32.898,7338269,0,0,0.0,0,0,409,409,0,0,0
32.998,7338369,0,0,0.0,0,0,409,409,0,0,0
33.098,7338469,0,0,0.0,0,0,409,409,0,0,0
33.200,7338569,0,0,0.0,0,0,409,409,0,0,0
33.312,7338681,0,0,0.0,0,0,409,409,0,0,0
33.398,7338769,0,0,0.0,0,0,409,409,0,0,0
33.498,7338869,0,0,0.0,0,0,409,409,0,0,0
33.598,7338969,0,0,0.0,0,0,409,409,0,0,0
33.698,7339069,0,0,0.0,0,0,409,409,0,0,0
33.798,7339169,0,0,0.0,0,0,409,409,0,0,0
33.898,7339269,0,0,0.0,0,0,409,409,0,0,0
33.998,7339369,0,0,0.0,0,0,409,409,0,0,0
34.098,7339469,0,0,0.0,0,0,409,409,0,0,0
34.198,7339569,0,0,0.0,0,0,409,409,0,0,0
34.298,7339669,0,0,0.0,0,0,409,409,0,0,0
34.398,7339769,0,0,0.0,0,0,409,409,0,0,0
34.498,7339869,0,0,0.0,0,0,409,409,0,0,0
34.600,7339969,0,0,0.0,0,0,409,409,0,0,0
34.711,7340081,0,0,0.0,-45,0,409,409,0,0,0
34.798,7340169,0,0,0.0,-45,0,409,409,0,0,0
34.899,7340269,0,0,0.0,-45,0,409,409,0,0,0
34.998,7340369,0,0,0.0,-45,0,409,409,0,0,0
35.098,7340469,0,0,0.0,-45,0,409,409,0,0,0
35.212,7340581,0,0,0.0,0,0,409,409,0,0,0
35.298,7340669,0,0,0.0,0,0,409,409,0,0,0
35.398,7340769,0,0,0.0,0,0,409,409,0,0,0
35.498,7340869,0,0,0.0,0,0,409,409,0,0,0
35.599,7340969,0,0,0.0,0,0,409,409,0,0,0
35.698,7341069,0,0,0.0,0,0,409,409,0,0,0
35.798,7341169,0,0,0.0,0,0,409,409,0,0,0
35.898,7341269,0,0,0.0,0,0,409,409,0,0,0
36.000,7341369,0,0,0.0,0,0,409,409,0,0,0
36.098,7341469,0,0,0.0,0,0,409,409,0,0,0
36.198,7341569,0,0,0.0,0,0,409,409,0,0,0
36.298,7341669,0,0,0.0,0,0,409,409,0,0,0
36.398,7341769,0,0,0.0,0,0,409,409,0,0,0
36.500,7341869,0,0,0.0,0,0,409,409,0,0,0
36.598,7341969,0,0,0.0,0,0,409,409,0,0,0
36.698,7342069,0,0,0.0,0,0,409,409,0,0,0
36.798,7342169,0,0,0.0,0,0,409,409,0,0,0
36.898,7342269,0,0,0.0,0,0,409,409,0,0,0
36.998,7342369,0,0,0.0,0,0,409,409,0,0,0
37.098,7342469,0,0,0.0,0,0,408,409,1,0,0
37.211,7342581,0,0,0.0,0,0,408,409,1,0,0
37.298,7342669,0,0,0.0,0,0,408,409,1,0,0
37.398,7342769,0,0,0.0,0,0,408,409,1,0,0
37.498,7342869,0,0,0.0,0,0,408,409,1,0,0
37.598,7342969,0,0,0.0,0,0,408,409,1,0,0
37.701,7343069,0,0,0.0,0,0,408,409,1,0,0
37.799,7343169,0,0,0.0,0,0,408,409,1,0,0
37.898,7343269,0,0,0.0,0,0,408,409,1,0,0
38.005,7343369,0,0,0.0,0,0,408,409,1,0,0
38.097,7343469,0,0,0.0,0,0,408,409,1,0,0
38.197,7343569,0,0,0.0,0,0,408,409,1,0,0
38.304,7343669,0,0,0.0,0,0,408,409,1,0,0
38.399,7343769,0,0,0.0,0,0,408,409,1,0,0
38.498,7343869,0,0,0.0,0,0,408,409,1,0,0
38.598,7343969,0,0,0.0,0,0,408,409,1,0,0
38.699,7344069,0,0,0.0,0,0,408,409,1,0,0
38.798,7344169,0,0,0.0,0,0,408,409,1,0,0
38.898,7344269,0,0,0.0,0,0,408,409,1,0,0
38.998,7344369,0,0,0.0,0,0,408,409,1,0,0
39.098,7344469,0,0,0.0,0,0,408,409,1,0,0
39.211,7344581,0,0,0.0,0,0,408,409,1,0,0
39.298,7344669,0,0,0.0,0,0,408,409,1,0,0
39.399,7344769,0,0,0.0,0,0,408,409,1,0,0
39.501,7344869,0,0,0.0,0,0,408,409,1,0,0
39.598,7344969,0,0,0.0,0,0,408,409,1,0,0
39.698,7345069,0,0,0.0,0,0,408,409,1,0,0
39.798,7345169,0,0,0.0,0,0,408,409,1,0,0
39.898,7345269,0,0,0.0,0,0,408,409,1,0,0
40.001,7345369,0,0,0.0,0,0,408,409,1,0,0
40.098,7345469,0,0,0.0,0,0,408,409,1,0,0
40.198,7345569,0,0,0.0,0,0,408,409,1,0,0
40.298,7345669,0,0,0.0,0,0,408,409,1,0,0
40.398,7345769,0,0,0.0,0,0,408,409,1,0,0
40.497,7345869,0,0,0.0,0,0,408,409,1,0,0
40.603,7345969,0,0,0.0,0,0,408,409,1,0,0
40.701,7346069,0,0,0.0,0,0,408,409,1,0,0
40.798,7346169,0,0,0.0,0,0,408,409,1,0,0
40.898,7346269,0,0,0.0,0,0,408,409,1,0,0
41.000,7346369,0,0,0.0,0,0,408,409,1,0,0
41.098,7346469,0,0,0.0,0,0,408,409,1,0,0
41.210,7346581,0,0,0.0,0,0,408,409,1,0,0
41.297,7346669,0,0,0.0,0,0,408,409,1,0,0
41.397,7346769,0,0,0.0,0,0,408,409,1,0,0
41.497,7346869,0,0,0.0,0,0,408,409,1,0,0
41.598,7346969,0,0,0.0,0,0,408,409,1,0,0
41.697,7347069,0,0,0.0,0,0,408,409,1,0,0
41.798,7347169,0,0,0.0,0,0,408,409,1,0,0
41.897,7347269,0,0,0.0,0,0,408,409,1,0,0
42.009,7347369,0,0,0.0,0,0,408,409,1,0,0
42.097,7347469,0,0,0.0,0,0,408,409,1,0,0
42.197,7347569,0,0,0.0,0,0,408,409,1,0,0
42.298,7347669,0,0,0.0,0,0,408,409,1,0,0
42.398,7347769,0,0,0.0,0,0,408,409,1,0,0
42.498,7347869,0,0,0.0,0,0,408,409,1,0,0
42.601,7347969,0,0,0.0,0,0,408,409,1,0,0
42.698,7348069,0,0,0.0,0,0,408,409,1,0,0
42.798,7348169,0,0,0.0,0,0,408,409,1,0,0
42.898,7348269,0,0,0.0,0,0,408,409,1,0,0
42.999,7348369,0,0,0.0,0,0,408,409,1,0,0
43.097,7348469,0,0,0.0,0,0,408,409,1,0,0
43.211,7348581,0,0,0.0,0,0,408,409,1,0,0
43.297,7348669,0,0,0.0,0,0,408,409,1,0,0
43.398,7348769,0,0,0.0,0,0,408,409,1,0,0
43.498,7348869,0,0,0.0,0,0,408,409,1,0,0
43.598,7348969,0,0,0.0,0,0,408,409,1,0,0
43.697,7349069,0,0,0.0,0,0,408,409,1,0,0
43.797,7349169,0,0,0.0,0,0,408,409,1,0,0
43.897,7349269,0,0,0.0,0,0,408,409,1,0,0
43.997,7349369,0,0,0.0,0,0,408,409,1,0,0
44.097,7349469,0,0,0.0,0,0,408,409,1,0,0
44.198,7349569,0,0,0.0,0,0,408,409,1,0,0
44.297,7349669,0,0,0.0,0,0,408,409,1,0,0
44.397,7349769,0,0,0.0,0,0,408,409,1,0,0
44.497,7349869,0,0,0.0,0,0,408,409,1,0,0
44.598,7349969,0,0,0.0,0,0,408,409,1,0,0
44.697,7350069,0,0,0.0,0,0,408,409,1,0,0
44.798,7350169,0,0,0.0,0,0,408,409,1,0,0
44.897,7350269,0,0,0.0,0,0,408,409,1,0,0
44.997,7350369,0,0,0.0,0,0,408,409,1,0,0
45.097,7350469,0,0,0.0,0,0,408,409,1,0,0
45.211,7350581,0,0,0.0,0,0,408,409,1,0,0
45.297,7350669,0,0,0.0,0,0,408,409,1,0,0
45.397,7350769,0,0,0.0,0,0,408,409,1,0,0
45.498,7350869,0,0,0.0,0,0,408,409,1,0,0
45.598,7350969,0,0,0.0,0,0,408,409,1,0,0
45.697,7351069,0,0,0.0,0,0,408,409,1,0,0
45.798,7351169,0,0,0.0,0,0,408,409,1,0,0
45.897,7351269,0,0,0.0,0,0,408,409,1,0,0
45.998,7351369,0,0,0.0,0,0,408,409,1,0,0
46.098,7351469,0,0,0.0,0,0,408,409,1,0,0
46.197,7351569,0,0,0.0,0,0,408,409,1,0,0
46.297,7351669,0,0,0.0,0,0,408,409,1,0,0
46.397,7351769,0,0,0.0,0,0,408,409,1,0,0
46.497,7351869,0,0,0.0,0,0,408,409,1,0,0
46.597,7351969,0,0,0.0,0,0,408,409,1,0,0
46.697,7352069,0,0,0.0,0,0,408,409,1,0,0
46.798,7352169,0,0,0.0,0,0,408,409,1,0,0
46.898,7352269,0,0,0.0,0,0,408,409,1,0,0
46.998,7352369,0,0,0.0,0,0,408,409,1,0,0
47.097,7352469,0,0,0.0,0,0,408,409,1,0,0
47.210,7352581,0,0,0.0,0,0,408,409,1,0,0
47.297,7352669,0,0,0.0,0,0,408,409,1,0,0
47.397,7352769,0,0,0.0,0,0,408,409,1,0,0
47.498,7352869,0,0,0.0,0,0,408,409,1,0,0
47.598,7352969,0,0,0.0,0,0,408,409,1,0,0
47.698,7353069,0,0,0.0,0,0,408,409,1,0,0
47.797,7353169,0,0,0.0,0,0,408,409,1,0,0
47.897,7353269,0,0,0.0,0,0,408,409,1,0,0
47.998,7353369,0,0,0.0,0,0,408,409,1,0,0
48.097,7353469,0,0,0.0,0,0,408,409,1,0,0
48.197,7353569,0,0,0.0,0,0,408,409,1,0,0
48.299,7353669,0,0,0.0,0,0,408,409,1,0,0
48.397,7353769,0,0,0.0,0,0,408,409,1,0,0
48.497,7353869,0,0,0.0,0,0,408,409,1,0,0
48.597,7353969,0,0,0.0,0,0,408,409,1,0,0
48.697,7354069,0,0,0.0,0,0,408,409,1,0,0
48.797,7354169,0,0,0.0,0,0,408,409,1,0,0
48.897,7354269,0,0,0.0,0,0,408,409,1,0,0
48.998,7354369,0,0,0.0,0,0,408,409,1,0,0
49.097,7354469,0,0,0.0,0,0,408,409,1,0,0
49.210,7354581,0,0,0.0,0,0,408,409,1,0,0
49.297,7354669,0,0,0.0,0,0,408,409,1,0,0
49.397,7354769,0,0,0.0,0,0,408,409,1,0,0
49.498,7354869,0,0,0.0,0,0,408,409,1,0,0
49.597,7354969,0,0,0.0,0,0,408,409,1,0,0
49.700,7355069,0,0,0.0,0,0,408,409,1,0,0
49.797,7355169,0,0,0.0,0,0,408,409,1,0,0
49.898,7355269,0,0,0.0,0,0,408,409,1,0,0
49.998,7355369,0,0,0.0,0,0,408,409,1,0,0
50.099,7355469,0,0,0.0,0,0,408,409,1,0,0
50.197,7355569,0,0,0.0,0,0,408,409,1,0,0
50.297,7355669,0,0,0.0,0,0,408,409,1,0,0
50.397,7355769,0,0,0.0,0,0,408,409,1,0,0
50.498,7355869,0,0,0.0,0,0,408,409,1,0,0
50.598,7355969,0,0,0.0,0,0,408,409,1,0,0
50.697,7356069,0,0,0.0,0,0,408,409,1,0,0
50.797,7356169,0,0,0.0,0,0,408,409,1,0,0
50.897,7356269,0,0,0.0,0,0,408,409,1,0,0
50.997,7356369,0,0,0.0,0,0,408,409,1,0,0
51.099,7356469,0,0,0.0,0,0,408,409,1,0,0
51.210,7356581,0,0,0.0,0,0,408,409,1,0,0
51.297,7356669,0,0,0.0,0,0,408,409,1,0,0
51.397,7356769,0,0,0.0,0,0,408,409,1,0,0
51.497,7356869,0,0,0.0,0,0,408,409,1,0,0
51.597,7356969,0,0,0.0,0,0,408,409,1,0,0
51.700,7357069,0,0,0.0,0,0,408,409,1,0,0
51.797,7357169,0,0,0.0,0,0,408,409,1,0,0
51.899,7357269,0,0,0.0,0,0,408,409,1,0,0
51.998,7357369,0,0,0.0,0,0,408,409,1,0,0
52.097,7357469,0,0,0.0,0,0,408,409,1,0,0
52.197,7357569,0,0,0.0,0,0,408,409,1,0,0
52.297,7357669,0,0,0.0,0,0,408,409,1,0,0
52.396,7357769,0,0,0.0,0,0,408,409,1,0,0
52.502,7357869,0,0,0.0,0,0,408,409,1,0,0
52.597,7357969,0,0,0.0,0,0,408,409,1,0,0
52.697,7358069,0,0,0.0,0,0,408,409,1,0,0
52.797,7358169,0,0,0.0,0,0,408,409,1,0,0
52.897,7358269,0,0,0.0,0,0,408,409,1,0,0
52.997,7358369,0,0,0.0,0,0,408,409,1,0,0
53.097,7358469,0,0,0.0,0,0,408,409,1,0,0
53.210,7358581,0,0,0.0,0,0,408,409,1,0,0
53.297,7358669,0,0,0.0,0,0,408,409,1,0,0
53.397,7358769,0,0,0.0,0,0,408,409,1,0,0
53.497,7358869,0,0,0.0,0,0,408,409,1,0,0
53.597,7358969,0,0,0.0,0,0,408,409,1,0,0
53.698,7359069,0,0,0.0,0,0,408,409,1,0,0
53.797,7359169,0,0,0.0,0,0,408,409,1,0,0
53.902,7359269,0,0,0.0,0,0,408,409,1,0,0
53.998,7359369,0,0,0.0,0,0,408,409,1,0,0
54.097,7359469,0,0,0.0,0,0,408,409,1,0,0
54.196,7359569,0,0,0.0,0,0,408,409,1,0,0
54.306,7359669,0,0,0.0,0,0,408,409,1,0,0
54.396,7359769,0,0,0.0,0,0,408,409,1,0,0
54.497,7359869,0,0,0.0,0,0,408,409,1,0,0
54.596,7359969,0,0,0.0,0,0,408,409,1,0,0
54.698,7360069,0,0,0.0,0,0,408,409,1,0,0
54.797,7360169,0,0,0.0,0,0,408,409,1,0,0
54.897,7360269,0,0,0.0,0,0,408,409,1,0,0
55.000,7360369,0,0,0.0,0,0,408,409,1,0,0
55.097,7360469,0,0,0.0,0,0,408,409,1,0,0
55.210,7360581,0,0,0.0,0,0,408,409,1,0,0
55.297,7360669,0,0,0.0,0,0,408,409,1,0,0
55.397,7360769,0,0,0.0,0,0,408,409,1,0,0
55.497,7360869,0,0,0.0,0,0,408,409,1,0,0
55.598,7360969,0,0,0.0,0,0,408,409,1,0,0
55.698,7361069,0,0,0.0,0,0,408,409,1,0,0
55.797,7361169,0,0,0.0,0,0,408,409,1,0,0
55.898,7361269,0,0,0.0,0,0,408,409,1,0,0
55.997,7361369,0,0,0.0,0,0,408,409,1,0,0
56.097,7361469,0,0,0.0,0,0,408,409,1,0,0
56.198,7361569,0,0,0.0,0,0,408,409,1,0,0
56.297,7361669,0,0,0.0,0,0,408,409,1,0,0
56.397,7361769,0,0,0.0,0,0,408,409,1,0,0
56.498,7361869,0,0,0.0,0,0,408,409,1,0,0
56.597,7361969,0,0,0.0,0,0,408,409,1,0,0
56.697,7362069,0,0,0.0,0,0,408,409,1,0,0
56.798,7362169,0,0,0.0,0,0,408,409,1,0,0
56.897,7362269,0,0,0.0,0,0,408,409,1,0,0
56.997,7362369,0,0,0.0,0,0,408,409,1,0,0
57.097,7362469,0,0,0.0,0,0,408,409,1,0,0
57.210,7362581,0,0,0.0,0,0,408,409,1,0,0
57.296,7362669,0,0,0.0,0,0,408,409,1,0,0
57.397,7362769,0,0,0.0,0,0,408,409,1,0,0
57.496,7362869,0,0,0.0,0,0,408,409,1,0,0
57.597,7362969,0,0,0.0,0,0,408,409,1,0,0
57.697,7363069,0,0,0.0,0,0,408,409,1,0,0
57.796,7363169,0,0,0.0,0,0,408,409,1,0,0
57.900,7363269,0,0,0.0,0,0,408,409,1,0,0
57.997,7363369,0,0,0.0,0,0,408,409,1,0,0
58.097,7363469,0,0,0.0,0,0,408,409,1,0,0
58.197,7363569,0,0,0.0,0,0,408,409,1,0,0
58.297,7363669,0,0,0.0,0,0,408,409,1,0,0
58.397,7363769,0,0,0.0,0,0,408,409,1,0,0
58.497,7363869,0,0,0.0,0,0,408,409,1,0,0
58.597,7363969,0,0,0.0,0,0,408,409,1,0,0
58.696,7364069,0,0,0.0,0,0,408,409,1,0,0
58.796,7364169,0,0,0.0,0,0,408,409,1,0,0
58.897,7364269,0,0,0.0,0,0,408,409,1,0,0
58.998,7364369,0,0,0.0,0,0,408,409,1,0,0
59.101,7364469,0,0,0.0,0,0,408,409,1,0,0
59.210,7364581,0,0,0.0,0,0,408,409,1,0,0
59.296,7364669,0,0,0.0,0,0,408,409,1,0,0
59.396,7364769,0,0,0.0,0,0,408,409,1,0,0
59.496,7364869,0,0,0.0,0,0,408,409,1,0,0
59.596,7364969,0,0,0.0,0,0,408,409,1,0,0
59.697,7365069,0,0,0.0,0,0,408,409,1,0,0
59.797,7365169,0,0,0.0,0,0,408,409,1,0,0
59.896,7365269,0,0,0.0,0,0,408,409,1,0,0
59.996,7365369,0,0,0.0,0,0,408,409,1,0,0
60.098,7365469,0,0,0.0,0,0,408,409,1,0,0
60.196,7365569,0,0,0.0,0,0,408,409,1,0,0
60.296,7365669,0,0,0.0,0,0,408,409,1,0,0
60.396,7365769,0,0,0.0,0,0,408,409,1,0,0
60.496,7365869,0,0,0.0,0,0,408,409,1,0,0
60.597,7365969,0,0,0.0,0,0,408,409,1,0,0
60.696,7366069,0,0,0.0,0,0,408,409,1,0,0
60.797,7366169,0,0,0.0,0,0,408,409,1,0,0
60.896,7366269,0,0,0.0,0,0,408,409,1,0,0
60.996,7366369,0,0,0.0,0,0,408,409,1,0,0
61.096,7366469,0,0,0.0,0,0,408,409,1,0,0
61.210,7366581,0,0,0.0,0,0,408,409,1,0,0
61.296,7366669,0,0,0.0,0,0,408,409,1,0,0
61.396,7366769,0,0,0.0,0,0,408,409,1,0,0
61.496,7366869,0,0,0.0,0,0,408,409,1,0,0
61.597,7366969,0,0,0.0,0,0,408,409,1,0,0
61.700,7367069,0,0,0.0,0,0,408,409,1,0,0
61.799,7367169,0,0,0.0,0,0,408,409,1,0,0
61.897,7367269,0,0,0.0,0,0,408,409,1,0,0
61.997,7367369,0,0,0.0,0,0,408,409,1,0,0
62.096,7367469,0,0,0.0,0,0,408,409,1,0,0
62.196,7367569,0,0,0.0,0,0,408,409,1,0,0
62.298,7367669,0,0,0.0,0,0,408,409,1,0,0
62.396,7367769,0,0,0.0,0,0,408,409,1,0,0
62.496,7367869,0,0,0.0,0,0,408,409,1,0,0
62.598,7367969,0,0,0.0,0,0,408,409,1,0,0
62.702,7368069,0,0,0.0,0,0,408,409,1,0,0
62.796,7368169,0,0,0.0,0,0,408,409,1,0,0
62.897,7368269,0,0,0.0,0,0,408,409,1,0,0
62.996,7368369,0,0,0.0,0,0,408,409,1,0,0
63.096,7368469,0,0,0.0,0,0,408,409,1,0,0
63.209,7368581,0,0,0.0,0,0,408,409,1,0,0
63.296,7368669,0,0,0.0,0,0,408,409,1,0,0
63.396,7368769,0,0,0.0,0,0,408,409,1,0,0
63.496,7368869,0,0,0.0,0,0,408,409,1,0,0
63.596,7368969,0,0,0.0,0,0,408,409,1,0,0
63.696,7369069,0,0,0.0,0,0,408,409,1,0,0
63.798,7369169,0,0,0.0,0,0,408,409,1,0,0
63.897,7369269,0,0,0.0,0,0,408,409,1,0,0
64.000,7369369,0,0,0.0,0,0,408,409,1,0,0
64.100,7369469,0,0,0.0,0,0,408,409,1,0,0
64.196,7369569,0,0,0.0,0,0,408,409,1,0,0
64.296,7369669,0,0,0.0,0,0,408,409,1,0,0
64.396,7369769,0,0,0.0,0,0,408,409,1,0,0
64.496,7369869,0,0,0.0,0,0,408,409,1,0,0
64.596,7369969,0,0,0.0,0,0,408,409,1,0,0
64.696,7370069,0,0,0.0,0,0,408,409,1,0,0
64.796,7370169,0,0,0.0,0,0,408,409,1,0,0
64.896,7370269,0,0,0.0,0,0,408,409,1,0,0
64.996,7370369,0,0,0.0,0,0,408,409,1,0,0
65.097,7370469,0,0,0.0,0,0,408,409,1,0,0
65.210,7370581,0,0,0.0,0,0,408,409,1,0,0
65.296,7370669,0,0,0.0,0,0,408,409,1,0,0
65.396,7370769,0,0,0.0,0,0,408,409,1,0,0
65.496,7370869,0,0,0.0,0,0,408,409,1,0,0
65.597,7370969,0,0,0.0,0,0,408,409,1,0,0
65.701,7371069,0,0,0.0,0,0,408,409,1,0,0
65.799,7371169,0,0,0.0,0,0,408,409,1,0,0
65.896,7371269,0,0,0.0,0,0,408,409,1,0,0
66.001,7371369,0,0,0.0,0,0,408,409,1,0,0
66.096,7371469,0,0,0.0,0,0,408,409,1,0,0
66.196,7371569,0,0,0.0,0,0,408,409,1,0,0
66.296,7371669,0,0,0.0,0,0,408,409,1,0,0
66.396,7371769,0,0,0.0,0,0,408,409,1,0,0
66.496,7371869,0,0,0.0,0,0,408,409,1,0,0
66.596,7371969,0,0,0.0,0,0,408,409,1,0,0
66.701,7372069,0,0,0.0,0,0,408,409,1,0,0
66.798,7372169,0,0,0.0,0,0,408,409,1,0,0
66.896,7372269,0,0,0.0,0,0,408,409,1,0,0
66.996,7372369,0,0,0.0,0,0,408,409,1,0,0
67.096,7372469,0,0,0.0,0,0,408,409,1,0,0
67.210,7372581,0,0,0.0,0,0,408,409,1,0,0
67.296,7372669,0,0,0.0,0,0,408,409,1,0,0
67.396,7372769,0,0,0.0,0,0,408,409,1,0,0
67.496,7372869,0,0,0.0,0,0,408,409,1,0,0
67.596,7372969,0,0,0.0,0,0,408,409,1,0,0
67.696,7373069,0,0,0.0,0,0,408,409,1,0,0
67.796,7373169,0,0,0.0,0,0,408,409,1,0,0
67.896,7373269,0,0,0.0,0,0,408,409,1,0,0
67.996,7373369,0,0,0.0,0,0,408,409,1,0,0
68.096,7373469,0,0,0.0,0,0,408,409,1,0,0
68.199,7373569,0,0,0.0,0,0,408,409,1,0,0
68.296,7373669,0,0,0.0,0,0,408,409,1,0,0
68.396,7373769,0,0,0.0,0,0,408,409,1,0,0
68.496,7373869,0,0,0.0,0,0,408,409,1,0,0
68.596,7373969,0,0,0.0,0,0,408,409,1,0,0
68.697,7374069,0,0,0.0,0,0,408,409,1,0,0
68.796,7374169,0,0,0.0,0,0,408,409,1,0,0
68.896,7374269,0,0,0.0,0,0,408,409,1,0,0
68.996,7374369,0,0,0.0,0,0,408,409,1,0,0
69.097,7374469,0,0,0.0,0,0,408,409,1,0,0
69.209,7374581,0,0,0.0,0,0,408,409,1,0,0
69.296,7374669,0,0,0.0,0,0,408,409,1,0,0
69.396,7374769,0,0,0.0,0,0,408,409,1,0,0
69.497,7374869,0,0,0.0,0,0,408,409,1,0,0
69.596,7374969,0,0,0.0,0,0,408,409,1,0,0
69.696,7375069,0,0,0.0,0,0,408,409,1,0,0
69.796,7375169,0,0,0.0,0,0,408,409,1,0,0
69.896,7375269,0,0,0.0,0,0,408,409,1,0,0
69.996,7375369,0,0,0.0,0,0,408,409,1,0,0
70.097,7375469,0,0,0.0,0,0,408,409,1,0,0
70.198,7375569,0,0,0.0,0,0,408,409,1,0,0
70.296,7375669,0,0,0.0,0,0,408,409,1,0,0
70.396,7375769,0,0,0.0,0,0,408,409,1,0,0
70.496,7375869,0,0,0.0,0,0,408,409,1,0,0
70.596,7375969,0,0,0.0,0,0,408,409,1,0,0
70.696,7376069,0,0,0.0,0,0,408,409,1,0,0
70.796,7376169,0,0,0.0,0,0,408,409,1,0,0
70.897,7376269,0,0,0.0,0,0,408,409,1,0,0
70.996,7376369,0,0,0.0,0,0,408,409,1,0,0
71.096,7376469,0,0,0.0,0,0,408,409,1,0,0
71.210,7376581,0,0,0.0,0,0,408,409,1,0,0
71.296,7376669,0,0,0.0,0,0,408,409,1,0,0
71.396,7376769,0,0,0.0,0,0,408,409,1,0,0
71.496,7376869,0,0,0.0,0,0,408,409,1,0,0
71.596,7376969,0,0,0.0,0,0,408,409,1,0,0
71.699,7377069,0,0,0.0,0,0,408,409,1,0,0
71.796,7377169,0,0,0.0,0,0,408,409,1,0,0
71.896,7377269,0,0,0.0,0,0,408,409,1,0,0
71.996,7377369,0,0,0.0,0,0,408,409,1,0,0
72.096,7377469,0,0,0.0,0,0,408,409,1,0,0
72.196,7377569,0,0,0.0,0,0,408,409,1,0,0
72.295,7377669,0,0,0.0,0,0,408,409,1,0,0
72.396,7377769,0,0,0.0,0,0,408,409,1,0,0
72.495,7377869,0,0,0.0,0,0,408,409,1,0,0
72.596,7377969,0,0,0.0,0,0,408,409,1,0,0
72.696,7378069,0,0,0.0,0,0,408,409,1,0,0
72.797,7378169,0,0,0.0,0,0,408,409,1,0,0
72.896,7378269,0,0,0.0,0,0,408,409,1,0,0
72.996,7378369,0,0,0.0,0,0,408,409,1,0,0
73.096,7378469,0,0,0.0,0,0,408,409,1,0,0
73.210,7378581,0,0,0.0,0,0,408,409,1,0,0
73.296,7378669,0,0,0.0,0,0,408,409,1,0,0
73.396,7378769,0,0,0.0,0,0,408,409,1,0,0
73.496,7378869,0,0,0.0,0,0,408,409,1,0,0
73.597,7378969,0,0,0.0,0,0,408,409,1,0,0
73.696,7379069,0,0,0.0,0,0,408,409,1,0,0
73.796,7379169,0,0,0.0,0,0,408,409,1,0,0
73.896,7379269,0,0,0.0,0,0,408,409,1,0,0
73.997,7379369,0,0,0.0,0,0,408,409,1,0,0
74.097,7379469,0,0,0.0,0,0,408,409,1,0,0
74.196,7379569,0,0,0.0,0,0,408,409,1,0,0
74.295,7379669,0,0,0.0,0,0,408,409,1,0,0
74.396,7379769,0,0,0.0,0,0,408,409,1,0,0
74.495,7379869,0,0,0.0,0,0,408,409,1,0,0
74.595,7379969,0,0,0.0,0,0,408,409,1,0,0
74.696,7380069,0,0,0.0,0,0,408,409,1,0,0
74.796,7380169,0,0,0.0,0,0,408,409,1,0,0
74.897,7380269,0,0,0.0,0,0,408,409,1,0,0
74.996,7380369,0,0,0.0,0,0,408,409,1,0,0
75.097,7380469,0,0,0.0,0,0,408,409,1,0,0
75.209,7380581,0,0,0.0,0,0,408,409,1,0,0
75.296,7380669,0,0,0.0,0,0,408,409,1,0,0
75.396,7380769,0,0,0.0,0,0,408,409,1,0,0
75.496,7380869,0,0,0.0,0,0,408,409,1,0,0
75.598,7380969,0,0,0.0,0,0,408,409,1,0,0
75.698,7381069,0,0,0.0,0,0,408,409,1,0,0
75.795,7381169,0,0,0.0,0,0,408,409,1,0,0
75.896,7381269,0,0,0.0,0,0,408,409,1,0,0
75.997,7381369,0,0,0.0,0,0,408,409,1,0,0
76.096,7381469,0,0,0.0,0,0,408,409,1,0,0
76.198,7381569,0,0,0.0,0,0,408,409,1,0,0
76.295,7381669,0,0,0.0,0,0,408,409,1,0,0
76.395,7381769,0,0,0.0,0,0,408,409,1,0,0
76.495,7381869,0,0,0.0,0,0,408,409,1,0,0
76.595,7381969,0,0,0.0,0,0,408,409,1,0,0
76.696,7382069,0,0,0.0,0,0,408,409,1,0,0
76.796,7382169,0,0,0.0,0,0,408,409,1,0,0
76.895,7382269,0,0,0.0,0,0,408,409,1,0,0
76.995,7382369,0,0,0.0,0,0,408,409,1,0,0
77.095,7382469,0,0,0.0,0,0,408,409,1,0,0
77.209,7382581,0,0,0.0,0,0,408,409,1,0,0
77.295,7382669,0,0,0.0,0,0,408,409,1,0,0
77.395,7382769,0,0,0.0,0,0,408,409,1,0,0
77.496,7382869,0,0,0.0,0,0,408,409,1,0,0
77.595,7382969,0,0,0.0,0,0,408,409,1,0,0
77.696,7383069,0,0,0.0,0,0,408,409,1,0,0
77.796,7383169,0,0,0.0,0,0,408,409,1,0,0
77.895,7383269,0,0,0.0,0,0,408,409,1,0,0
77.998,7383369,0,0,0.0,0,0,408,409,1,0,0
78.096,7383469,0,0,0.0,0,0,408,409,1,0,0
78.195,7383569,0,0,0.0,0,0,408,409,1,0,0
78.295,7383669,0,0,0.0,0,0,408,409,1,0,0
78.395,7383769,0,0,0.0,0,0,408,409,1,0,0
78.495,7383869,0,0,0.0,0,0,408,409,1,0,0
78.597,7383969,0,0,0.0,0,0,408,409,1,0,0
78.696,7384069,0,0,0.0,0,0,408,409,1,0,0
78.796,7384169,0,0,0.0,0,0,408,409,1,0,0
78.895,7384269,0,0,0.0,0,0,408,409,1,0,0
78.995,7384369,0,0,0.0,0,0,408,409,1,0,0
79.096,7384469,0,0,0.0,0,0,408,409,1,0,0
79.209,7384581,0,0,0.0,0,0,408,409,1,0,0
79.296,7384669,0,0,0.0,0,0,408,409,1,0,0
79.395,7384769,0,0,0.0,0,0,408,409,1,0,0
79.495,7384869,0,0,0.0,0,0,408,409,1,0,0
79.595,7384969,0,0,0.0,0,0,408,409,1,0,0
79.697,7385069,0,0,0.0,0,0,408,409,1,0,0
79.796,7385169,0,0,0.0,0,0,408,409,1,0,0
79.895,7385269,0,0,0.0,0,0,408,409,1,0,0
79.995,7385369,0,0,0.0,0,0,408,409,1,0,0
80.096,7385469,0,0,0.0,0,0,408,409,1,0,0
80.196,7385569,0,0,0.0,0,0,408,409,1,0,0
80.295,7385669,0,0,0.0,0,0,408,409,1,0,0
80.396,7385769,0,0,0.0,0,0,408,409,1,0,0
80.496,7385869,0,0,0.0,0,0,408,409,1,0,0
80.596,7385969,0,0,0.0,0,0,408,409,1,0,0
80.695,7386069,0,0,0.0,0,0,408,409,1,0,0
80.795,7386169,0,0,0.0,0,0,408,409,1,0,0
80.897,7386269,0,0,0.0,0,0,408,409,1,0,0
80.996,7386369,0,0,0.0,0,0,408,409,1,0,0
81.095,7386469,0,0,0.0,0,0,408,409,1,0,0
81.209,7386581,0,0,0.0,0,0,408,409,1,0,0
81.295,7386669,0,0,0.0,0,0,408,409,1,0,0
81.395,7386769,0,0,0.0,0,0,408,409,1,0,0
81.495,7386869,0,0,0.0,0,0,408,409,1,0,0
81.595,7386969,0,0,0.0,0,0,408,409,1,0,0
81.695,7387069,0,0,0.0,0,0,408,409,1,0,0
81.795,7387169,0,0,0.0,0,0,408,409,1,0,0
81.895,7387269,0,0,0.0,0,0,408,409,1,0,0
81.996,7387369,0,0,0.0,0,0,408,409,1,0,0
82.095,7387469,0,0,0.0,0,0,408,409,1,0,0
82.197,7387569,0,0,0.0,0,0,408,409,1,0,0
82.295,7387669,0,0,0.0,0,0,408,409,1,0,0
82.395,7387769,0,0,0.0,0,0,408,409,1,0,0
82.496,7387869,0,0,0.0,0,0,408,409,1,0,0
82.596,7387969,0,0,0.0,0,0,408,409,1,0,0
82.697,7388069,0,0,0.0,0,0,408,409,1,0,0
82.796,7388169,0,0,0.0,0,0,408,409,1,0,0
82.895,7388269,0,0,0.0,0,0,408,409,1,0,0
82.995,7388369,0,0,0.0,0,0,408,409,1,0,0
83.096,7388469,0,0,0.0,0,0,408,409,1,0,0
83.209,7388581,0,0,0.0,0,0,408,409,1,0,0
83.295,7388669,0,0,0.0,0,0,408,409,1,0,0
83.395,7388769,0,0,0.0,0,0,408,409,1,0,0
83.497,7388869,0,0,0.0,0,0,408,409,1,0,0
83.595,7388969,0,0,0.0,0,0,408,409,1,0,0
83.695,7389069,0,0,0.0,0,0,408,409,1,0,0
83.796,7389169,0,0,0.0,0,0,408,409,1,0,0
83.895,7389269,0,0,0.0,0,0,408,409,1,0,0
83.995,7389369,0,0,0.0,0,0,408,409,1,0,0
84.095,7389469,0,0,0.0,0,0,408,409,1,0,0
84.195,7389569,0,0,0.0,0,0,408,409,1,0,0
84.295,7389669,0,0,0.0,0,0,408,409,1,0,0
84.395,7389769,0,0,0.0,0,0,408,409,1,0,0
84.495,7389869,0,0,0.0,0,0,408,409,1,0,0
84.595,7389969,0,0,0.0,0,0,408,409,1,0,0
84.695,7390069,0,0,0.0,0,0,408,409,1,0,0
84.795,7390169,0,0,0.0,0,0,408,409,1,0,0
84.895,7390269,0,0,0.0,0,0,408,409,1,0,0
84.995,7390369,0,0,0.0,0,0,408,409,1,0,0
85.095,7390469,0,0,0.0,0,0,408,409,1,0,0
85.209,7390581,0,0,0.0,0,0,408,409,1,0,0
85.295,7390669,0,0,0.0,0,0,408,409,1,0,0
85.395,7390769,0,0,0.0,0,0,408,409,1,0,0
85.495,7390869,0,0,0.0,0,0,408,409,1,0,0
85.595,7390969,0,0,0.0,0,0,408,409,1,0,0
85.696,7391069,0,0,0.0,0,0,408,409,1,0,0
85.795,7391169,0,0,0.0,0,0,408,409,1,0,0
85.895,7391269,0,0,0.0,0,0,408,409,1,0,0
85.996,7391369,0,0,0.0,0,0,408,409,1,0,0
86.095,7391469,0,0,0.0,0,0,408,409,1,0,0
86.195,7391569,0,0,0.0,0,0,408,409,1,0,0
86.297,7391669,0,0,0.0,0,0,408,409,1,0,0
86.395,7391769,0,0,0.0,0,0,408,409,1,0,0
86.495,7391869,0,0,0.0,0,0,408,409,1,0,0
86.596,7391969,0,0,0.0,0,0,408,409,1,0,0
86.695,7392069,0,0,0.0,0,0,408,409,1,0,0
86.795,7392169,0,0,0.0,0,0,408,409,1,0,0
86.895,7392269,0,0,0.0,0,0,408,409,1,0,0
86.995,7392369,0,0,0.0,0,0,408,409,1,0,0
87.096,7392469,0,0,0.0,0,0,408,409,1,0,0
87.208,7392581,0,0,0.0,0,0,408,409,1,0,0
87.295,7392669,0,0,0.0,0,0,408,409,1,0,0
87.395,7392769,0,0,0.0,0,0,408,409,1,0,0
87.495,7392869,0,0,0.0,0,0,408,409,1,0,0
87.595,7392969,0,0,0.0,0,0,408,409,1,0,0
87.695,7393069,0,0,0.0,0,0,408,409,1,0,0
87.795,7393169,0,0,0.0,0,0,408,409,1,0,0
87.903,7393269,0,0,0.0,0,0,408,409,1,0,0
87.995,7393369,0,0,0.0,0,0,408,409,1,0,0
88.098,7393469,0,0,0.0,0,0,408,409,1,0,0
88.196,7393569,0,0,0.0,0,0,408,409,1,0,0
88.296,7393669,0,0,0.0,0,0,408,409,1,0,0
88.395,7393769,0,0,0.0,0,0,408,409,1,0,0
88.495,7393869,0,0,0.0,0,0,408,409,1,0,0
88.595,7393969,0,0,0.0,0,0,408,409,1,0,0
88.694,7394069,0,0,0.0,0,0,408,409,1,0,0
88.795,7394169,0,0,0.0,0,0,408,409,1,0,0
88.895,7394269,0,0,0.0,0,0,408,409,1,0,0
88.995,7394369,0,0,0.0,0,0,408,409,1,0,0
89.095,7394469,0,0,0.0,0,0,408,409,1,0,0
89.208,7394581,0,0,0.0,0,0,408,409,1,0,0
89.295,7394669,0,0,0.0,0,0,408,409,1,0,0
89.395,7394769,0,0,0.0,0,0,408,409,1,0,0
89.495,7394869,0,0,0.0,0,0,408,409,1,0,0
89.595,7394969,0,0,0.0,0,0,408,409,1,0,0
89.694,7395069,0,0,0.0,0,0,408,409,1,0,0
89.797,7395169,0,0,0.0,0,0,408,409,1,0,0
89.895,7395269,0,0,0.0,0,0,408,409,1,0,0
89.994,7395369,0,0,0.0,0,0,408,409,1,0,0
90.095,7395469,0,0,0.0,0,0,408,409,1,0,0
90.195,7395569,0,0,0.0,0,0,408,409,1,0,0
90.296,7395669,0,0,0.0,0,0,408,409,1,0,0
90.395,7395769,0,0,0.0,0,0,408,409,1,0,0
90.495,7395869,0,0,0.0,0,0,408,409,1,0,0
90.594,7395969,0,0,0.0,0,0,408,409,1,0,0
90.697,7396069,0,0,0.0,0,0,408,409,1,0,0
90.796,7396169,0,0,0.0,0,0,408,409,1,0,0
90.895,7396269,0,0,0.0,0,0,408,409,1,0,0
90.996,7396369,0,0,0.0,0,0,408,409,1,0,0
91.095,7396469,0,0,0.0,0,0,408,409,1,0,0
91.208,7396581,0,0,0.0,0,0,408,409,1,0,0
91.296,7396669,0,0,0.0,0,0,408,409,1,0,0
91.396,7396769,0,0,0.0,0,0,408,409,1,0,0
91.495,7396869,0,0,0.0,0,0,408,409,1,0,0
91.595,7396969,0,0,0.0,0,0,408,409,1,0,0
91.695,7397069,0,0,0.0,0,0,408,409,1,0,0
91.796,7397169,0,0,0.0,0,0,408,409,1,0,0
91.895,7397269,0,0,0.0,0,0,408,409,1,0,0
91.995,7397369,0,0,0.0,0,0,408,409,1,0,0
92.095,7397469,0,0,0.0,0,0,408,409,1,0,0
92.195,7397569,0,0,0.0,0,0,408,409,1,0,0
92.296,7397669,0,0,0.0,0,0,408,409,1,0,0
92.395,7397769,0,0,0.0,0,0,408,409,1,0,0
92.494,7397869,0,0,0.0,0,0,408,409,1,0,0
92.595,7397969,0,0,0.0,0,0,408,409,1,0,0
92.696,7398069,0,0,0.0,0,0,408,409,1,0,0
92.794,7398169,0,0,0.0,0,0,408,409,1,0,0
92.894,7398269,0,0,0.0,0,0,408,409,1,0,0
92.994,7398369,0,0,0.0,0,0,408,409,1,0,0
93.094,7398469,0,0,0.0,0,0,408,409,1,0,0
93.208,7398581,0,0,0.0,0,0,408,409,1,0,0
93.295,7398669,0,0,0.0,0,0,408,409,1,0,0
93.395,7398769,0,0,0.0,0,0,408,409,1,0,0
93.494,7398869,0,0,0.0,0,0,408,409,1,0,0
93.594,7398969,0,0,0.0,0,0,408,409,1,0,0
93.695,7399069,0,0,0.0,0,0,408,409,1,0,0
93.794,7399169,0,0,0.0,0,0,408,409,1,0,0
93.895,7399269,0,0,0.0,0,0,408,409,1,0,0
93.995,7399369,0,0,0.0,0,0,408,409,1,0,0
94.096,7399469,0,0,0.0,0,0,408,409,1,0,0
94.195,7399569,0,0,0.0,0,0,408,409,1,0,0
94.295,7399669,0,0,0.0,0,0,408,409,1,0,0
94.395,7399769,0,0,0.0,0,0,408,409,1,0,0
94.494,7399869,0,0,0.0,0,0,408,409,1,0,0
94.595,7399969,0,0,0.0,0,0,408,409,1,0,0
94.695,7400069,0,0,0.0,0,0,408,409,1,0,0
94.794,7400169,0,0,0.0,0,0,408,409,1,0,0
94.896,7400269,0,0,0.0,0,0,408,409,1,0,0
94.997,7400369,0,0,0.0,0,0,408,409,1,0,0
95.095,7400469,0,0,0.0,0,0,408,409,1,0,0
95.208,7400581,0,0,0.0,0,0,408,409,1,0,0
95.296,7400669,0,0,0.0,0,0,408,409,1,0,0
95.394,7400769,0,0,0.0,0,0,408,409,1,0,0
95.494,7400869,0,0,0.0,0,0,408,409,1,0,0
95.594,7400969,0,0,0.0,0,0,408,409,1,0,0
95.694,7401069,0,0,0.0,0,0,408,409,1,0,0
95.795,7401169,0,0,0.0,0,0,408,409,1,0,0
95.895,7401269,0,0,0.0,0,0,408,409,1,0,0
95.994,7401369,0,0,0.0,0,0,408,409,1,0,0
96.095,7401469,0,0,0.0,0,0,408,409,1,0,0
96.196,7401569,0,0,0.0,0,0,408,409,1,0,0
96.294,7401669,0,0,0.0,0,0,408,409,1,0,0
96.394,7401769,0,0,0.0,0,0,408,409,1,0,0
96.494,7401869,0,0,0.0,0,0,408,409,1,0,0
96.595,7401969,0,0,0.0,0,0,408,409,1,0,0
96.695,7402069,0,0,0.0,0,0,408,409,1,0,0
96.795,7402169,0,0,0.0,0,0,408,409,1,0,0
96.895,7402269,0,0,0.0,0,0,408,409,1,0,0
96.994,7402369,0,0,0.0,0,0,408,409,1,0,0
97.095,7402469,0,0,0.0,0,0,408,409,1,0,0
97.208,7402581,0,0,0.0,0,0,408,409,1,0,0
97.295,7402669,0,0,0.0,0,0,408,409,1,0,0
97.394,7402769,0,0,0.0,0,0,408,409,1,0,0
97.495,7402869,0,0,0.0,0,0,408,409,1,0,0
97.596,7402969,0,0,0.0,0,0,408,409,1,0,0
97.696,7403069,0,0,0.0,0,0,408,409,1,0,0
97.794,7403169,0,0,0.0,0,0,408,409,1,0,0
97.895,7403269,0,0,0.0,0,0,408,409,1,0,0
97.994,7403369,0,0,0.0,0,0,408,409,1,0,0
98.094,7403469,0,0,0.0,0,0,408,409,1,0,0
98.195,7403569,0,0,0.0,0,0,408,409,1,0,0
98.295,7403669,0,0,0.0,0,0,408,409,1,0,0
98.394,7403769,0,0,0.0,0,0,408,409,1,0,0
98.494,7403869,0,0,0.0,0,0,408,409,1,0,0
98.594,7403969,0,0,0.0,0,0,408,409,1,0,0
98.695,7404069,0,0,0.0,0,0,408,409,1,0,0
98.795,7404169,0,0,0.0,0,0,408,409,1,0,0
98.894,7404269,0,0,0.0,0,0,408,409,1,0,0
98.994,7404369,0,0,0.0,0,0,408,409,1,0,0
99.094,7404469,0,0,0.0,0,0,408,409,1,0,0
99.208,7404581,0,0,0.0,0,0,408,409,1,0,0
99.294,7404669,0,0,0.0,0,0,408,409,1,0,0
99.395,7404769,0,0,0.0,0,0,408,409,1,0,0
99.494,7404869,0,0,0.0,0,0,408,409,1,0,0
99.594,7404969,0,0,0.0,0,0,408,409,1,0,0
99.694,7405069,0,0,0.0,0,0,408,409,1,0,0
99.794,7405169,0,0,0.0,0,0,408,409,1,0,0
99.895,7405269,0,0,0.0,0,0,408,409,1,0,0
99.994,7405369,0,0,0.0,0,0,408,409,1,0,0
100.096,7405469,0,0,0.0,0,0,408,409,1,0,0
100.195,7405569,0,0,0.0,0,0,408,409,1,0,0
100.294,7405669,0,0,0.0,0,0,408,409,1,0,0
100.394,7405769,0,0,0.0,0,0,408,409,1,0,0
100.494,7405869,0,0,0.0,0,0,408,409,1,0,0
100.594,7405969,0,0,0.0,0,0,408,409,1,0,0
100.695,7406069,0,0,0.0,0,0,408,409,1,0,0
100.795,7406169,0,0,0.0,0,0,408,409,1,0,0
100.895,7406269,0,0,0.0,0,0,408,409,1,0,0
100.995,7406369,0,0,0.0,0,0,408,409,1,0,0
101.094,7406469,0,0,0.0,0,0,408,409,1,0,0
101.208,7406581,0,0,0.0,0,0,408,409,1,0,0
101.294,7406669,0,0,0.0,0,0,408,409,1,0,0
101.394,7406769,0,0,0.0,0,0,408,409,1,0,0
101.494,7406869,0,0,0.0,0,0,408,409,1,0,0
101.596,7406969,0,0,0.0,0,0,408,409,1,0,0
101.699,7407069,0,0,0.0,0,0,408,409,1,0,0
101.794,7407169,0,0,0.0,0,0,408,409,1,0,0
101.894,7407269,0,0,0.0,0,0,408,409,1,0,0
101.994,7407369,0,0,0.0,0,0,408,409,1,0,0
102.094,7407469,0,0,0.0,0,0,408,409,1,0,0
102.195,7407569,0,0,0.0,0,0,408,409,1,0,0
102.294,7407669,0,0,0.0,0,0,408,409,1,0,0
102.407,7407781,0,1,0.0,0,0,408,408,0,0,0
102.494,7407869,0,1,0.0,0,0,408,408,0,0,0
102.595,7407969,0,1,0.0,0,0,408,408,0,0,0
102.694,7408069,0,1,0.0,0,0,408,408,0,0,0
102.796,7408169,0,1,0.0,0,0,408,408,0,0,0
102.894,7408269,0,1,0.0,0,0,408,408,0,0,0
103.007,7408381,1,1,0.0,0,0,408,408,0,0,0
103.094,7408469,1,1,0.0,0,0,408,408,0,0,0
103.195,7408569,1,1,0.0,0,0,408,408,0,0,0
103.296,7408669,1,1,0.0,0,0,408,408,0,0,0
103.394,7408769,1,1,0.0,0,0,408,408,0,0,0
103.494,7408869,1,1,0.0,0,0,408,408,0,0,0
103.594,7408969,1,1,0.0,0,0,408,408,0,0,0
103.694,7409069,1,1,0.0,0,0,408,408,0,0,0
103.794,7409169,1,1,0.0,0,0,408,408,0,0,0
103.895,7409269,1,1,0.0,0,0,408,408,0,0,0
103.994,7409369,1,1,0.0,0,0,408,408,0,0,0
104.094,7409469,1,1,0.0,0,0,408,408,0,0,0
104.194,7409569,1,1,0.0,0,0,408,408,0,0,0
104.294,7409669,1,1,0.0,0,0,408,408,0,0,0
104.397,7409769,1,1,0.0,0,0,408,408,0,0,0
104.494,7409869,1,1,0.0,0,0,408,408,0,0,0
104.594,7409969,1,1,0.0,0,0,408,408,0,0,0
104.694,7410069,1,1,0.0,0,0,408,408,0,0,0
104.796,7410169,1,1,0.0,0,0,408,408,0,0,0
104.894,7410269,1,1,0.0,0,0,408,408,0,0,0
105.007,7410381,1,1,0.0,0,0,408,408,0,0,0
105.097,7410469,1,1,0.0,0,0,408,408,0,0,0
105.194,7410569,1,1,0.0,0,0,408,408,0,0,0
105.306,7410681,2,1,0.0,0,0,409,1076,667,-70,1
105.396,7410769,2,1,0.7,0,0,435,1076,641,-70,1
105.494,7410869,2,1,2.1,0,0,485,1076,591,-70,1
105.594,7410969,2,1,4.0,0,0,549,1076,527,-70,1
105.694,7411069,2,1,6.3,0,0,625,1076,451,-70,1
105.803,7411169,2,1,8.7,0,0,708,1076,368,-70,1
105.894,7411269,2,1,11.4,0,0,795,1076,281,-70,1
105.995,7411369,2,1,14.1,0,0,887,1076,189,-70,1
106.095,7411469,2,1,16.9,0,0,982,1076,94,-70,1
106.194,7411569,2,1,19.8,0,0,1079,1076,-3,-70,1
106.307,7411681,2,1,22.3,0,0,1159,1076,-83,0,1
106.394,7411769,2,1,23.7,0,0,1205,1076,-129,0,1
106.494,7411869,2,1,24.2,0,0,1218,1076,-142,0,1
106.594,7411969,2,1,24.2,0,0,1217,1076,-141,0,1
106.694,7412069,2,1,24.2,0,0,1217,1076,-141,0,1
106.795,7412169,2,1,24.2,0,0,1217,1076,-141,0,1
106.907,7412281,3,1,24.2,0,0,1217,1076,-141,0,1
106.995,7412369,3,1,24.2,0,0,1217,1076,-141,0,1
107.094,7412469,3,1,24.2,0,0,1217,1076,-141,0,1
107.195,7412569,3,1,24.2,0,0,1217,1076,-141,0,1
107.300,7412669,3,1,24.2,0,0,1217,1076,-141,0,1
107.394,7412769,3,1,24.2,0,0,1217,1076,-141,0,1
107.494,7412869,3,1,24.2,0,0,1217,1076,-141,0,1
107.595,7412969,3,1,24.2,0,0,1217,1076,-141,0,1
107.696,7413069,3,1,24.2,0,0,1217,1076,-141,0,1
107.804,7413169,3,1,24.2,0,0,1217,1076,-141,0,1
107.895,7413269,3,1,24.2,0,0,1217,1076,-141,0,1
107.996,7413369,3,1,24.2,0,0,1217,1076,-141,0,1
108.094,7413469,3,1,24.2,0,0,1217,1076,-141,0,1
108.194,7413569,3,1,24.2,0,0,1217,1076,-141,0,1
108.295,7413669,3,1,24.2,0,0,1217,1076,-141,0,1
108.394,7413769,3,1,24.2,0,0,1217,1076,-141,0,1
108.494,7413869,3,1,24.2,0,0,1217,1076,-141,0,1
108.594,7413969,3,1,24.2,0,0,1217,1076,-141,0,1
108.695,7414069,3,1,24.2,0,0,1217,1076,-141,0,1
108.795,7414169,3,1,24.2,0,0,1217,1076,-141,0,1
108.907,7414281,3,1,24.2,0,0,1217,1076,-141,0,1
108.994,7414369,3,1,24.2,0,0,1217,1076,-141,0,1
109.094,7414469,3,1,24.2,0,0,1217,1076,-141,0,1
109.194,7414569,3,1,24.2,0,0,1217,1076,-141,0,1
109.294,7414669,3,1,24.2,0,0,1217,1076,-141,0,1
109.395,7414769,3,1,24.2,0,0,1217,1076,-141,0,1
109.500,7414869,3,1,24.2,0,0,1217,1076,-141,0,1
109.595,7414969,3,1,24.2,0,0,1217,1076,-141,0,1
109.694,7415069,3,1,24.2,0,0,1217,1076,-141,0,1
109.794,7415169,3,1,24.2,0,0,1217,1076,-141,0,1
109.894,7415269,3,1,24.2,0,0,1217,1076,-141,0,1
109.994,7415369,3,1,24.2,0,0,1217,1076,-141,0,1
110.095,7415469,3,1,24.2,0,0,1217,1076,-141,0,1
110.194,7415569,3,1,24.2,0,0,1217,1076,-141,0,1
110.295,7415669,3,1,24.2,0,0,1217,1076,-141,0,1
110.393,7415769,3,1,24.2,0,0,1217,1076,-141,0,1
110.494,7415869,3,1,24.2,0,0,1217,1076,-141,0,1
110.603,7415969,3,1,24.2,0,0,1217,1076,-141,0,1
110.694,7416069,3,1,24.2,0,0,1217,1076,-141,0,1
110.796,7416169,3,1,24.2,0,0,1217,1076,-141,0,1
110.906,7416281,3,1,24.2,0,0,1217,1076,-141,0,1
110.995,7416369,3,1,24.2,0,0,1217,1076,-141,0,1
111.094,7416469,3,1,24.2,0,0,1217,1076,-141,0,1
111.194,7416569,3,1,24.2,0,0,1217,1076,-141,0,1
111.294,7416669,3,1,24.2,0,0,1217,1076,-141,0,1
111.396,7416769,3,1,24.2,0,0,1217,1076,-141,0,1
111.494,7416869,3,1,24.2,0,0,1217,1076,-141,0,1
111.594,7416969,3,1,24.2,0,0,1217,1076,-141,0,1
111.695,7417069,3,1,24.2,0,0,1217,1076,-141,0,1
111.798,7417169,3,1,24.2,0,0,1217,1076,-141,0,1
111.894,7417269,3,1,24.2,0,0,1217,1076,-141,0,1
111.994,7417369,3,1,24.2,0,0,1217,1076,-141,0,1
112.094,7417469,3,1,24.2,0,0,1217,1076,-141,0,1
112.195,7417569,3,1,24.2,0,0,1217,1076,-141,0,1
112.294,7417669,3,1,24.2,0,0,1217,1076,-141,0,1
112.394,7417769,3,1,24.2,0,0,1217,1076,-141,0,1
112.494,7417869,3,1,24.2,0,0,1217,1076,-141,0,1
112.598,7417969,3,1,24.2,0,0,1217,1076,-141,0,1
112.695,7418069,3,1,24.2,0,0,1217,1076,-141,0,1
112.797,7418169,3,1,24.2,0,0,1217,1076,-141,0,1
112.906,7418281,3,1,24.2,0,0,1217,1076,-141,0,1
112.994,7418369,3,1,24.2,0,0,1217,1076,-141,0,1
113.094,7418469,3,1,24.2,0,0,1217,1076,-141,0,1
113.194,7418569,3,1,24.2,0,0,1217,1076,-141,0,1
113.294,7418669,3,1,24.2,0,0,1217,1076,-141,0,1
113.394,7418769,3,1,24.2,0,0,1217,1076,-141,0,1
113.494,7418869,3,1,24.2,0,0,1217,1076,-141,0,1
113.594,7418969,3,1,24.2,0,0,1217,1076,-141,0,1
113.695,7419069,3,1,24.2,0,0,1217,1076,-141,0,1
113.793,7419169,3,1,24.2,0,0,1217,1076,-141,0,1
113.893,7419269,3,1,24.2,0,0,1217,1076,-141,0,1
114.007,7419381,2,1,24.2,0,0,1218,1744,526,-70,2
114.094,7419469,2,1,24.8,0,0,1241,1744,503,-70,2
114.196,7419569,2,1,26.2,0,0,1290,1744,454,-70,2
114.294,7419669,2,1,28.2,0,0,1357,1744,387,-70,2
114.393,7419769,2,1,30.6,0,0,1438,1744,306,-70,2
114.495,7419869,2,1,33.3,0,0,1528,1744,216,-70,2
114.595,7419969,2,1,36.1,0,0,1623,1744,121,-70,2
114.693,7420069,2,1,39.0,0,0,1719,1744,25,-70,2
114.794,7420169,2,1,41.7,0,0,1806,1744,-62,0,2
114.893,7420269,2,1,43.4,0,0,1862,1744,-118,0,2
115.006,7420381,2,1,44.2,0,0,1888,1744,-144,0,2
115.094,7420469,2,1,44.3,0,0,1889,1744,-145,0,2
115.194,7420569,2,1,44.3,0,0,1889,1744,-145,0,2
115.293,7420669,2,1,44.3,0,0,1889,1744,-145,0,2
115.406,7420781,3,1,44.3,0,0,1889,1744,-145,0,2
115.494,7420869,3,1,44.3,0,0,1889,1744,-145,0,2
115.594,7420969,3,1,44.3,0,0,1889,1744,-145,0,2
115.694,7421069,3,1,44.3,0,0,1889,1744,-145,0,2
115.794,7421169,3,1,44.3,0,0,1889,1744,-145,0,2
115.894,7421269,3,1,44.3,0,0,1889,1744,-145,0,2
115.994,7421369,3,1,44.3,0,0,1889,1744,-145,0,2
116.094,7421469,3,1,44.3,0,0,1889,1744,-145,0,2
116.194,7421569,3,1,44.3,0,0,1889,1744,-145,0,2
116.294,7421669,3,1,44.3,0,0,1889,1744,-145,0,2
116.394,7421769,3,1,44.3,0,0,1889,1744,-145,0,2
116.494,7421869,3,1,44.3,0,0,1889,1744,-145,0,2
116.594,7421969,3,1,44.3,0,0,1889,1744,-145,0,2
116.693,7422069,3,1,44.3,0,0,1889,1744,-145,0,2
116.793,7422169,3,1,44.3,0,0,1889,1744,-145,0,2
116.893,7422269,3,1,44.3,0,0,1890,1744,-146,0,2
116.994,7422369,3,1,44.3,0,0,1890,1744,-146,0,2
117.094,7422469,3,1,44.3,0,0,1890,1744,-146,0,2
117.194,7422569,3,1,44.3,0,0,1890,1744,-146,0,2
117.293,7422669,3,1,44.3,0,0,1890,1744,-146,0,2
117.406,7422781,3,1,44.3,0,0,1890,1744,-146,0,2
117.494,7422869,3,1,44.3,0,0,1890,1744,-146,0,2
117.596,7422969,3,1,44.3,0,0,1890,1744,-146,0,2
117.694,7423069,3,1,44.3,0,0,1890,1744,-146,0,2
117.793,7423169,3,1,44.3,0,0,1890,1744,-146,0,2
117.893,7423269,3,1,44.3,0,0,1890,1744,-146,0,2
117.996,7423369,3,1,44.3,0,0,1890,1744,-146,0,2
118.093,7423469,3,1,44.3,0,0,1890,1744,-146,0,2
118.193,7423569,3,1,44.3,0,0,1890,1744,-146,0,2
118.293,7423669,3,1,44.3,0,0,1890,1744,-146,0,2
118.393,7423769,3,1,44.3,0,0,1890,1744,-146,0,2
118.495,7423869,3,1,44.3,0,0,1890,1744,-146,0,2
118.593,7423969,3,1,44.3,0,0,1890,1744,-146,0,2
118.693,7424069,3,1,44.3,0,0,1890,1744,-146,0,2
118.794,7424169,3,1,44.3,0,0,1890,1744,-146,0,2
118.893,7424269,3,1,44.3,0,0,1890,1744,-146,0,2
118.993,7424369,3,1,44.3,0,0,1890,1744,-146,0,2
119.093,7424469,3,1,44.3,0,0,1890,1744,-146,0,2
119.193,7424569,3,1,44.3,0,0,1890,1744,-146,0,2
119.293,7424669,3,1,44.3,0,0,1890,1744,-146,0,2
119.406,7424781,3,1,44.3,0,0,1890,1744,-146,0,2
119.494,7424869,3,1,44.3,0,0,1890,1744,-146,0,2
119.593,7424969,3,1,44.3,0,0,1890,1744,-146,0,2
119.694,7425069,3,1,44.3,0,0,1890,1744,-146,0,2
119.794,7425169,3,1,44.3,0,0,1890,1744,-146,0,2
119.893,7425269,3,1,44.3,0,0,1890,1744,-146,0,2
119.993,7425369,3,1,44.3,0,0,1890,1744,-146,0,2
120.094,7425469,3,1,44.3,0,0,1890,1744,-146,0,2
120.193,7425569,3,1,44.3,0,0,1890,1744,-146,0,2
120.297,7425669,3,1,44.3,0,0,1890,1744,-146,0,2
120.393,7425769,3,1,44.3,0,0,1890,1744,-146,0,2
120.493,7425869,3,1,44.3,0,0,1890,1744,-146,0,2
120.593,7425969,3,1,44.3,0,0,1890,1744,-146,0,2
120.693,7426069,3,1,44.3,0,0,1890,1744,-146,0,2
120.793,7426169,3,1,44.3,0,0,1890,1744,-146,0,2
120.894,7426269,3,1,44.3,0,0,1890,1744,-146,0,2
120.994,7426369,3,1,44.3,0,0,1890,1744,-146,0,2
121.095,7426469,3,1,44.3,0,0,1890,1744,-146,0,2
121.193,7426569,3,1,44.3,0,0,1890,1744,-146,0,2
121.293,7426669,3,1,44.3,0,0,1890,1744,-146,0,2
121.406,7426781,3,1,44.3,0,0,1890,1744,-146,0,2
121.493,7426869,3,1,44.3,0,0,1890,1744,-146,0,2
121.593,7426969,3,1,44.3,0,0,1890,1744,-146,0,2
121.698,7427069,3,1,44.3,0,0,1890,1744,-146,0,2
121.793,7427169,3,1,44.3,0,0,1890,1744,-146,0,2
121.894,7427269,3,1,44.3,0,0,1890,1744,-146,0,2
121.993,7427369,3,1,44.3,0,0,1890,1744,-146,0,2
122.093,7427469,3,1,44.3,0,0,1890,1744,-146,0,2
122.193,7427569,3,1,44.3,0,0,1890,1744,-146,0,2
122.293,7427669,3,1,44.3,0,0,1890,1744,-146,0,2
122.393,7427769,3,1,44.3,0,0,1890,1744,-146,0,2
122.494,7427869,3,1,44.3,0,0,1890,1744,-146,0,2
122.593,7427969,3,1,44.3,0,0,1890,1744,-146,0,2
122.693,7428069,3,1,44.3,0,0,1890,1744,-146,0,2
122.793,7428169,3,1,44.3,0,0,1890,1744,-146,0,2
122.893,7428269,3,1,44.3,0,0,1890,1744,-146,0,2
122.994,7428369,3,1,44.3,0,0,1890,1744,-146,0,2
123.094,7428469,3,1,44.3,0,0,1890,1744,-146,0,2
123.194,7428569,3,1,44.3,0,0,1890,1744,-146,0,2
123.293,7428669,3,1,44.3,0,0,1890,1744,-146,0,2
123.405,7428781,3,1,44.3,0,0,1890,1744,-146,0,2
123.493,7428869,3,1,44.3,0,0,1890,1744,-146,0,2
123.593,7428969,3,1,44.3,0,0,1890,1744,-146,0,2
123.693,7429069,3,1,44.3,0,0,1890,1744,-146,0,2
123.793,7429169,3,1,44.3,0,0,1890,1744,-146,0,2
123.896,7429269,3,1,44.3,0,0,1890,1744,-146,0,2
123.993,7429369,3,1,44.3,0,0,1890,1744,-146,0,2
124.093,7429469,3,1,44.3,0,0,1890,1744,-146,0,2
124.193,7429569,3,1,44.3,0,0,1890,1744,-146,0,2
124.293,7429669,3,1,44.3,0,0,1890,1744,-146,0,2
124.393,7429769,3,1,44.3,0,0,1890,1744,-146,0,2
124.493,7429869,3,1,44.3,0,0,1890,1744,-146,0,2
124.593,7429969,3,1,44.3,0,0,1890,1744,-146,0,2
124.693,7430069,3,1,44.3,0,0,1890,1744,-146,0,2
124.793,7430169,3,1,44.3,0,0,1890,1744,-146,0,2
124.893,7430269,3,1,44.3,0,0,1890,1744,-146,0,2
124.993,7430369,3,1,44.3,0,0,1890,1744,-146,0,2
125.093,7430469,3,1,44.3,0,0,1890,1744,-146,0,2
125.193,7430569,3,1,44.3,0,0,1890,1744,-146,0,2
125.293,7430669,3,1,44.3,0,0,1890,1744,-146,0,2
125.405,7430781,3,1,44.3,0,0,1890,1744,-146,0,2
125.493,7430869,3,1,44.3,0,0,1890,1744,-146,0,2
125.593,7430969,3,1,44.3,0,0,1890,1744,-146,0,2
125.693,7431069,3,1,44.3,0,0,1890,1744,-146,0,2
125.794,7431169,3,1,44.3,0,0,1890,1744,-146,0,2
125.893,7431269,3,1,44.3,0,0,1890,1744,-146,0,2
125.993,7431369,3,1,44.3,0,0,1890,1744,-146,0,2
126.093,7431469,3,1,44.3,0,0,1890,1744,-146,0,2
126.193,7431569,3,1,44.3,0,0,1890,1744,-146,0,2
126.296,7431669,3,1,44.3,0,0,1890,1744,-146,0,2
126.393,7431769,3,1,44.3,0,0,1890,1744,-146,0,2
126.493,7431869,3,1,44.3,0,0,1890,1744,-146,0,2
126.593,7431969,3,1,44.3,0,0,1890,1744,-146,0,2
126.693,7432069,3,1,44.3,0,0,1890,1744,-146,0,2
126.793,7432169,3,1,44.3,0,0,1890,1744,-146,0,2
126.895,7432269,3,1,44.3,0,0,1890,1744,-146,0,2
126.993,7432369,3,1,44.3,0,0,1890,1744,-146,0,2
127.093,7432469,3,1,44.3,0,0,1890,1744,-146,0,2
127.193,7432569,3,1,44.3,0,0,1890,1744,-146,0,2
127.294,7432669,3,1,44.3,0,0,1890,1744,-146,0,2
127.406,7432781,3,1,44.3,0,0,1890,1744,-146,0,2
127.493,7432869,3,1,44.3,0,0,1890,1744,-146,0,2
127.593,7432969,3,1,44.3,0,0,1890,1744,-146,0,2
127.693,7433069,3,1,44.3,0,0,1890,1744,-146,0,2
127.792,7433169,3,1,44.3,0,0,1890,1744,-146,0,2
127.893,7433269,3,1,44.3,0,0,1890,1744,-146,0,2
127.993,7433369,3,1,44.3,0,0,1890,1744,-146,0,2
128.093,7433469,3,1,44.3,0,0,1890,1744,-146,0,2
128.197,7433569,3,1,44.3,0,0,1890,1744,-146,0,2
128.293,7433669,3,1,44.3,0,0,1890,1744,-146,0,2
128.393,7433769,3,1,44.3,0,0,1890,1744,-146,0,2
128.493,7433869,3,1,44.3,0,0,1890,1744,-146,0,2
128.593,7433969,3,1,44.3,0,0,1890,1744,-146,0,2
128.693,7434069,3,1,44.3,0,0,1890,1744,-146,0,2
128.793,7434169,3,1,44.3,0,0,1890,1744,-146,0,2
128.893,7434269,3,1,44.3,0,0,1890,1744,-146,0,2
128.993,7434369,3,1,44.3,0,0,1890,1744,-146,0,2
129.096,7434469,3,1,44.3,0,0,1890,1744,-146,0,2
129.193,7434569,3,1,44.3,0,0,1890,1744,-146,0,2
129.292,7434669,3,1,44.3,0,0,1890,1744,-146,0,2
129.405,7434781,3,1,44.3,0,0,1890,1744,-146,0,2
129.493,7434869,3,1,44.3,0,0,1890,1744,-146,0,2
129.593,7434969,3,1,44.3,0,0,1890,1744,-146,0,2
129.693,7435069,3,1,44.3,0,0,1890,1744,-146,0,2
129.792,7435169,3,1,44.3,0,0,1890,1744,-146,0,2
129.893,7435269,3,1,44.3,0,0,1890,1744,-146,0,2
129.996,7435369,3,1,44.3,0,0,1890,1744,-146,0,2
130.093,7435469,3,1,44.3,0,0,1890,1744,-146,0,2
130.193,7435569,3,1,44.3,0,0,1890,1744,-146,0,2
130.293,7435669,3,1,44.3,0,0,1890,1744,-146,0,2
130.393,7435769,3,1,44.3,0,0,1890,1744,-146,0,2
130.493,7435869,3,1,44.3,0,0,1890,1744,-146,0,2
130.593,7435969,3,1,44.3,0,0,1890,1744,-146,0,2
130.692,7436069,3,1,44.3,0,0,1890,1744,-146,0,2
130.793,7436169,3,1,44.3,0,0,1890,1744,-146,0,2
130.893,7436269,3,1,44.3,0,0,1890,1744,-146,0,2
130.992,7436369,3,1,44.3,0,0,1890,1744,-146,0,2
131.094,7436469,3,1,44.3,0,0,1890,1744,-146,0,2
131.193,7436569,3,1,44.3,0,0,1890,1744,-146,0,2
131.293,7436669,3,1,44.3,0,0,1890,1744,-146,0,2
131.405,7436781,3,1,44.3,0,0,1890,1744,-146,0,2
131.493,7436869,3,1,44.3,0,0,1890,1744,-146,0,2
131.595,7436969,3,1,44.3,0,0,1890,1744,-146,0,2
131.693,7437069,3,1,44.3,0,0,1890,1744,-146,0,2
131.793,7437169,3,1,44.3,0,0,1890,1744,-146,0,2
131.893,7437269,3,1,44.3,0,0,1890,1744,-146,0,2
131.993,7437369,3,1,44.3,0,0,1890,1744,-146,0,2
132.093,7437469,3,1,44.3,0,0,1890,1744,-146,0,2
132.193,7437569,3,1,44.3,0,0,1890,1744,-146,0,2
132.292,7437669,3,1,44.3,0,0,1890,1744,-146,0,2
132.392,7437769,3,1,44.3,0,0,1890,1744,-146,0,2
132.493,7437869,3,1,44.3,0,0,1890,1744,-146,0,2
132.592,7437969,3,1,44.3,0,0,1890,1744,-146,0,2
132.693,7438069,3,1,44.3,0,0,1890,1744,-146,0,2
132.793,7438169,3,1,44.3,0,0,1890,1744,-146,0,2
132.892,7438269,3,1,44.3,0,0,1890,1744,-146,0,2
132.993,7438369,3,1,44.3,0,0,1890,1744,-146,0,2
133.092,7438469,3,1,44.3,0,0,1890,1744,-146,0,2
133.193,7438569,3,1,44.3,0,0,1890,1744,-146,0,2
133.293,7438669,3,1,44.3,0,0,1890,1744,-146,0,2
133.405,7438781,3,1,44.3,0,0,1890,1744,-146,0,2
133.494,7438869,3,1,44.3,0,0,1890,1744,-146,0,2
133.592,7438969,3,1,44.3,0,0,1890,1744,-146,0,2
133.692,7439069,3,1,44.3,0,0,1890,1744,-146,0,2
133.792,7439169,3,1,44.3,0,0,1890,1744,-146,0,2
133.893,7439269,3,1,44.3,0,0,1890,1744,-146,0,2
133.993,7439369,3,1,44.3,0,0,1890,1744,-146,0,2
134.093,7439469,3,1,44.3,0,0,1890,1744,-146,0,2
134.193,7439569,3,1,44.3,0,0,1890,1744,-146,0,2
134.292,7439669,3,1,44.3,0,0,1890,1744,-146,0,2
134.392,7439769,3,1,44.3,0,0,1890,1744,-146,0,2
134.493,7439869,3,1,44.3,0,0,1890,1744,-146,0,2
134.592,7439969,3,1,44.3,0,0,1890,1744,-146,0,2
134.693,7440069,3,1,44.3,0,0,1890,1744,-146,0,2
134.792,7440169,3,1,44.3,0,0,1890,1744,-146,0,2
134.892,7440269,3,1,44.3,0,0,1890,1744,-146,0,2
134.992,7440369,3,1,44.3,0,0,1890,1744,-146,0,2
135.092,7440469,3,1,44.3,0,0,1890,1744,-146,0,2
135.192,7440569,3,1,44.3,0,0,1890,1744,-146,0,2
135.292,7440669,3,1,44.3,0,0,1890,1744,-146,0,2
135.405,7440781,3,1,44.3,0,0,1890,1744,-146,0,2
135.493,7440869,3,1,44.3,0,0,1890,1744,-146,0,2
135.592,7440969,3,1,44.3,0,0,1890,1744,-146,0,2
135.692,7441069,3,1,44.3,0,0,1890,1744,-146,0,2
135.795,7441169,3,1,44.3,0,0,1890,1744,-146,0,2
135.892,7441269,3,1,44.3,0,0,1890,1744,-146,0,2
135.992,7441369,3,1,44.3,0,0,1890,1744,-146,0,2
136.097,7441469,3,1,44.3,0,0,1890,1744,-146,0,2
136.193,7441569,3,1,44.3,0,0,1890,1744,-146,0,2
136.292,7441669,3,1,44.3,0,0,1890,1744,-146,0,2
136.392,7441769,3,1,44.3,0,0,1890,1744,-146,0,2
136.492,7441869,3,1,44.3,0,0,1890,1744,-146,0,2
136.593,7441969,3,1,44.3,0,0,1890,1744,-146,0,2
136.692,7442069,3,1,44.3,0,0,1890,1744,-146,0,2
136.792,7442169,3,1,44.3,0,0,1890,1744,-146,0,2
136.892,7442269,3,1,44.3,0,0,1890,1744,-146,0,2
136.993,7442369,3,1,44.3,0,0,1890,1744,-146,0,2
137.092,7442469,3,1,44.3,0,0,1890,1744,-146,0,2
137.193,7442569,3,1,44.3,0,0,1890,1744,-146,0,2
137.292,7442669,3,1,44.3,0,0,1890,1744,-146,0,2
137.404,7442781,3,1,44.3,0,0,1890,1744,-146,0,2
137.492,7442869,3,1,44.3,0,0,1890,1744,-146,0,2
137.592,7442969,3,1,44.3,0,0,1890,1744,-146,0,2
137.692,7443069,3,1,44.3,0,0,1890,1744,-146,0,2
137.793,7443169,3,1,44.3,0,0,1890,1744,-146,0,2
137.893,7443269,3,1,44.3,0,0,1890,1744,-146,0,2
137.993,7443369,3,1,44.3,0,0,1890,1744,-146,0,2
138.093,7443469,3,1,44.3,0,0,1890,1744,-146,0,2
138.192,7443569,3,1,44.3,0,0,1890,1744,-146,0,2
138.292,7443669,3,1,44.3,0,0,1890,1744,-146,0,2
138.392,7443769,3,1,44.3,0,0,1890,1744,-146,0,2
138.492,7443869,3,1,44.3,0,0,1890,1744,-146,0,2
138.592,7443969,3,1,44.3,0,0,1890,1744,-146,0,2
138.692,7444069,3,1,44.3,0,0,1890,1744,-146,0,2
138.792,7444169,3,1,44.3,0,0,1890,1744,-146,0,2
138.893,7444269,3,1,44.3,0,0,1890,1744,-146,0,2
138.992,7444369,3,1,44.3,0,0,1890,1744,-146,0,2
139.092,7444469,3,1,44.3,0,0,1890,1744,-146,0,2
139.192,7444569,3,1,44.3,0,0,1890,1744,-146,0,2
139.292,7444669,3,1,44.3,0,0,1890,1744,-146,0,2
139.404,7444781,3,1,44.3,0,0,1890,1744,-146,0,2
139.492,7444869,3,1,44.3,0,0,1890,1744,-146,0,2
139.592,7444969,3,1,44.3,0,0,1890,1744,-146,0,2
139.692,7445069,3,1,44.3,0,0,1890,1744,-146,0,2
139.792,7445169,3,1,44.3,0,0,1890,1744,-146,0,2
139.892,7445269,3,1,44.3,0,0,1890,1744,-146,0,2
139.992,7445369,3,1,44.3,0,0,1890,1744,-146,0,2
140.092,7445469,3,1,44.3,0,0,1890,1744,-146,0,2
140.196,7445569,3,1,44.3,0,0,1890,1744,-146,0,2
140.292,7445669,3,1,44.3,0,0,1890,1744,-146,0,2
140.392,7445769,3,1,44.3,0,0,1890,1744,-146,0,2
140.492,7445869,3,1,44.3,0,0,1890,1744,-146,0,2
140.592,7445969,3,1,44.3,0,0,1890,1744,-146,0,2
140.692,7446069,3,1,44.3,0,0,1890,1744,-146,0,2
140.792,7446169,3,1,44.3,0,0,1890,1744,-146,0,2
140.892,7446269,3,1,44.3,0,0,1890,1744,-146,0,2
140.992,7446369,3,1,44.3,0,0,1890,1744,-146,0,2
141.092,7446469,3,1,44.3,0,0,1890,1744,-146,0,2
141.192,7446569,3,1,44.3,0,0,1890,1744,-146,0,2
141.292,7446669,3,1,44.3,0,0,1890,1744,-146,0,2
141.404,7446781,3,1,44.3,0,0,1890,1744,-146,0,2
141.492,7446869,3,1,44.3,0,0,1890,1744,-146,0,2
141.592,7446969,3,1,44.3,0,0,1890,1744,-146,0,2
141.692,7447069,3,1,44.3,0,0,1890,1744,-146,0,2
141.792,7447169,3,1,44.3,0,0,1890,1744,-146,0,2
141.892,7447269,3,1,44.3,0,0,1890,1744,-146,0,2
141.992,7447369,3,1,44.3,0,0,1890,1744,-146,0,2
142.092,7447469,3,1,44.3,0,0,1890,1744,-146,0,2
142.192,7447569,3,1,44.3,0,0,1890,1744,-146,0,2
142.293,7447669,3,1,44.3,0,0,1890,1744,-146,0,2
142.392,7447769,3,1,44.3,0,0,1890,1744,-146,0,2
142.494,7447869,3,1,44.3,0,0,1890,1744,-146,0,2
142.592,7447969,3,1,44.3,0,0,1890,1744,-146,0,2
142.692,7448069,3,1,44.3,0,0,1890,1744,-146,0,2
142.792,7448169,3,1,44.3,0,0,1890,1744,-146,0,2
142.892,7448269,3,1,44.3,0,0,1890,1744,-146,0,2
142.992,7448369,3,1,44.3,0,0,1890,1744,-146,0,2
143.094,7448469,3,1,44.3,0,0,1890,1744,-146,0,2
143.192,7448569,3,1,44.3,0,0,1890,1744,-146,0,2
143.292,7448669,3,1,44.3,0,0,1890,1744,-146,0,2
143.404,7448781,3,1,44.3,0,0,1890,1744,-146,0,2
143.492,7448869,3,1,44.3,0,0,1890,1744,-146,0,2
143.592,7448969,3,1,44.3,0,0,1890,1744,-146,0,2
143.692,7449069,3,1,44.3,0,0,1890,1744,-146,0,2
143.793,7449169,3,1,44.3,0,0,1890,1744,-146,0,2
143.894,7449269,3,1,44.3,0,0,1890,1744,-146,0,2
143.992,7449369,3,1,44.3,0,0,1890,1744,-146,0,2
144.092,7449469,3,1,44.3,0,0,1890,1744,-146,0,2
144.192,7449569,3,1,44.3,0,0,1890,1744,-146,0,2
144.292,7449669,3,1,44.3,0,0,1890,1744,-146,0,2
144.391,7449769,3,1,44.3,0,0,1890,1744,-146,0,2
144.491,7449869,3,1,44.3,0,0,1890,1744,-146,0,2
144.592,7449969,3,1,44.3,0,0,1890,1744,-146,0,2
144.692,7450069,3,1,44.3,0,0,1890,1744,-146,0,2
144.792,7450169,3,1,44.3,0,0,1890,1744,-146,0,2
144.892,7450269,3,1,44.3,0,0,1890,1744,-146,0,2
144.992,7450369,3,1,44.3,0,0,1890,1744,-146,0,2
145.092,7450469,3,1,44.3,0,0,1890,1744,-146,0,2
145.191,7450569,3,1,44.3,0,0,1890,1744,-146,0,2
145.292,7450669,3,1,44.3,0,0,1890,1744,-146,0,2
145.405,7450781,3,1,44.3,0,0,1890,1744,-146,0,2
145.493,7450869,3,1,44.3,0,0,1890,1744,-146,0,2
145.592,7450969,3,1,44.3,0,0,1890,1744,-146,0,2
145.692,7451069,3,1,44.3,0,0,1890,1744,-146,0,2
145.792,7451169,3,1,44.3,0,0,1890,1744,-146,0,2
145.891,7451269,3,1,44.3,0,0,1890,1744,-146,0,2
145.992,7451369,3,1,44.3,0,0,1890,1744,-146,0,2
146.092,7451469,3,1,44.3,0,0,1890,1744,-146,0,2
146.191,7451569,3,1,44.3,0,0,1890,1744,-146,0,2
146.305,7451681,2,1,44.3,0,0,1891,2411,520,-70,3
146.392,7451769,2,1,44.9,0,0,1909,2411,502,-70,3
146.492,7451869,2,1,45.8,0,0,1941,2411,470,-70,3
146.592,7451969,2,1,47.4,0,0,1995,2411,416,-70,3
146.691,7452069,2,1,49.4,0,0,2064,2411,347,-70,3
146.792,7452169,2,1,51.9,0,0,2147,2411,264,-70,3
146.892,7452269,2,1,54.6,0,0,2241,2411,170,-70,3
146.992,7452369,2,1,57.6,0,0,2340,2411,71,-70,3
147.092,7452469,2,1,60.6,0,0,2441,2411,-30,0,3
147.192,7452569,2,1,62.8,0,0,2512,2411,-101,0,3
147.304,7452681,2,1,63.9,0,0,2545,2411,-134,0,3
147.392,7452769,2,1,64.0,0,0,2548,2411,-137,0,3
147.492,7452869,2,1,64.0,0,0,2548,2411,-137,0,3
147.592,7452969,2,1,64.0,0,0,2548,2411,-137,0,3
147.704,7453081,3,1,64.0,0,0,2548,2411,-137,0,3
147.791,7453169,3,1,64.0,0,0,2548,2411,-137,0,3
147.892,7453269,3,1,64.0,0,0,2548,2411,-137,0,3
147.991,7453369,3,1,64.0,0,0,2548,2411,-137,0,3
148.092,7453469,3,1,64.0,0,0,2548,2411,-137,0,3
148.192,7453569,3,1,64.0,0,0,2548,2411,-137,0,3
148.292,7453669,3,1,64.0,0,0,2548,2411,-137,0,3
148.392,7453769,3,1,64.0,0,0,2548,2411,-137,0,3
148.492,7453869,3,1,64.0,0,0,2548,2411,-137,0,3
148.592,7453969,3,1,64.0,0,0,2548,2411,-137,0,3
148.692,7454069,3,1,64.0,0,0,2548,2411,-137,0,3
148.792,7454169,3,1,64.0,0,0,2548,2411,-137,0,3
148.892,7454269,3,1,64.0,0,0,2548,2411,-137,0,3
148.992,7454369,3,1,64.0,0,0,2548,2411,-137,0,3
149.092,7454469,3,1,64.0,0,0,2548,2411,-137,0,3
149.192,7454569,3,1,64.0,0,0,2548,2411,-137,0,3
149.292,7454669,3,1,64.0,0,0,2548,2411,-137,0,3
149.391,7454769,3,1,64.0,0,0,2548,2411,-137,0,3
149.491,7454869,3,1,64.0,0,0,2548,2411,-137,0,3
149.592,7454969,3,1,64.0,0,0,2548,2411,-137,0,3
149.704,7455081,3,1,64.0,0,0,2548,2411,-137,0,3
149.792,7455169,3,1,64.0,0,0,2548,2411,-137,0,3
149.891,7455269,3,1,64.0,0,0,2548,2411,-137,0,3
149.991,7455369,3,1,64.0,0,0,2548,2411,-137,0,3
150.092,7455469,3,1,64.0,0,0,2548,2411,-137,0,3
150.192,7455569,3,1,64.0,0,0,2548,2411,-137,0,3
150.292,7455669,3,1,64.0,0,0,2548,2411,-137,0,3
150.391,7455769,3,1,64.0,0,0,2548,2411,-137,0,3
150.492,7455869,3,1,64.0,0,0,2548,2411,-137,0,3
150.592,7455969,3,1,64.0,0,0,2548,2411,-137,0,3
150.692,7456069,3,1,64.0,0,0,2548,2411,-137,0,3
150.791,7456169,3,1,64.0,0,0,2548,2411,-137,0,3
150.891,7456269,3,1,64.0,0,0,2548,2411,-137,0,3
150.991,7456369,3,1,64.0,0,0,2548,2411,-137,0,3
151.091,7456469,3,1,64.0,0,0,2548,2411,-137,0,3
151.192,7456569,3,1,64.0,0,0,2548,2411,-137,0,3
151.292,7456669,3,1,64.0,0,0,2548,2411,-137,0,3
151.391,7456769,3,1,64.0,0,0,2548,2411,-137,0,3
151.494,7456869,3,1,64.0,0,0,2548,2411,-137,0,3
151.591,7456969,3,1,64.0,0,0,2548,2411,-137,0,3
151.703,7457081,3,1,64.0,0,0,2548,2411,-137,0,3
151.791,7457169,3,1,64.0,0,0,2548,2411,-137,0,3
151.891,7457269,3,1,64.0,0,0,2548,2411,-137,0,3
151.995,7457369,3,1,64.0,0,0,2548,2411,-137,0,3
152.091,7457469,3,1,64.0,0,0,2548,2411,-137,0,3
152.192,7457569,3,1,64.0,0,0,2548,2411,-137,0,3
152.292,7457669,3,1,64.0,0,0,2548,2411,-137,0,3
152.391,7457769,3,1,64.0,0,0,2548,2411,-137,0,3
152.491,7457869,3,1,64.0,0,0,2548,2411,-137,0,3
152.592,7457969,3,1,64.0,0,0,2548,2411,-137,0,3
152.692,7458069,3,1,64.0,0,0,2548,2411,-137,0,3
152.791,7458169,3,1,64.0,0,0,2548,2411,-137,0,3
152.891,7458269,3,1,64.0,0,0,2548,2411,-137,0,3
153.002,7458369,3,1,64.0,0,0,2548,2411,-137,0,3
153.091,7458469,3,1,64.0,0,0,2548,2411,-137,0,3
153.191,7458569,3,1,64.0,0,0,2548,2411,-137,0,3
153.291,7458669,3,1,64.0,0,0,2548,2411,-137,0,3
153.404,7458781,2,1,64.0,0,0,2548,3079,531,-70,4
153.492,7458869,2,1,64.6,0,0,2567,3079,512,-70,4
153.592,7458969,2,1,65.0,0,0,2581,3079,498,-70,4
153.692,7459069,2,1,66.1,0,0,2620,3079,459,-70,4
153.792,7459169,2,1,68.0,0,0,2685,3079,394,-70,4
153.891,7459269,2,1,70.4,0,0,2768,3079,311,-70,4
153.991,7459369,2,1,73.2,0,0,2860,3079,219,-70,4
154.091,7459469,2,1,76.0,0,0,2954,3079,125,-70,4
154.191,7459569,2,1,79.3,0,0,3067,3079,12,-70,4
154.291,7459669,2,1,82.8,0,0,3182,3079,-103,0,4
154.404,7459781,2,1,85.8,0,0,3281,3079,-202,0,4
154.492,7459869,2,1,88.3,0,0,3364,3079,-285,0,4
154.591,7459969,2,1,90.4,0,0,3431,3079,-352,0,4
154.691,7460069,2,1,92.0,0,0,3483,3079,-404,0,4
154.791,7460169,2,1,93.1,0,0,3522,3079,-443,0,4
154.891,7460269,2,1,94.0,0,0,3548,3079,-469,0,4
154.991,7460369,2,1,94.4,0,0,3561,3079,-482,0,4
155.091,7460469,2,1,94.5,0,0,3566,3079,-487,0,4
155.192,7460569,2,1,94.5,0,0,3565,3079,-486,0,4
155.291,7460669,2,1,94.5,0,0,3565,3079,-486,0,4
155.403,7460781,2,1,94.5,0,0,3565,3079,-486,0,4
155.504,7460881,3,1,94.5,0,0,3565,3079,-486,0,4
155.591,7460969,3,1,94.5,0,0,3565,3079,-486,0,4
155.691,7461069,3,1,94.5,0,0,3565,3079,-486,0,4
155.791,7461169,3,1,94.5,0,0,3565,3079,-486,0,4
155.891,7461269,3,1,94.5,0,0,3565,3079,-486,0,4
155.991,7461369,3,1,94.5,0,0,3565,3079,-486,0,4
156.091,7461469,3,1,94.5,0,0,3565,3079,-486,0,4
156.191,7461569,3,1,94.5,0,0,3565,3079,-486,0,4
156.292,7461669,3,1,94.5,0,0,3565,3079,-486,0,4
156.391,7461769,3,1,94.5,0,0,3565,3079,-486,0,4
156.492,7461869,3,1,94.5,0,0,3565,3079,-486,0,4
156.591,7461969,3,1,94.5,0,0,3565,3079,-486,0,4
156.692,7462069,3,1,94.5,0,0,3565,3079,-486,0,4
156.791,7462169,3,1,94.5,0,0,3565,3079,-486,0,4
156.891,7462269,3,1,94.5,0,0,3565,3079,-486,0,4
156.992,7462369,3,1,94.5,0,0,3565,3079,-486,0,4
157.091,7462469,3,1,94.5,0,0,3565,3079,-486,0,4
157.191,7462569,3,1,94.5,0,0,3565,3079,-486,0,4
157.291,7462669,3,1,94.5,0,0,3565,3079,-486,0,4
157.391,7462769,3,1,94.5,0,0,3565,3079,-486,0,4
157.503,7462881,1,1,94.5,0,0,3565,3079,-486,0,4
157.591,7462969,1,1,94.5,0,0,3565,3079,-486,0,4
157.691,7463069,1,1,94.5,0,0,3565,3079,-486,0,4
157.792,7463169,1,1,94.5,0,0,3565,3079,-486,0,4
157.891,7463269,1,1,94.5,0,0,3565,3079,-486,0,4
157.991,7463369,1,1,94.5,0,0,3565,3079,-486,0,4
158.091,7463469,1,1,94.5,0,0,3565,3079,-486,0,4
158.191,7463569,1,1,94.5,0,0,3565,3079,-486,0,4
158.291,7463669,1,1,94.5,0,0,3565,3079,-486,0,4
158.391,7463769,1,1,94.5,0,0,3565,3079,-486,0,4
158.491,7463869,1,1,94.5,0,0,3565,3079,-486,0,4
158.591,7463969,1,1,94.5,0,0,3565,3079,-486,0,4
158.691,7464069,1,1,94.5,0,0,3565,3079,-486,0,4
158.791,7464169,1,1,94.5,0,0,3565,3079,-486,0,4
158.891,7464269,1,1,94.5,0,0,3565,3079,-486,0,4
158.991,7464369,1,1,94.5,0,0,3565,3079,-486,0,4
159.091,7464469,1,1,94.5,0,0,3565,3079,-486,0,4
159.191,7464569,1,1,94.5,0,0,3565,3079,-486,0,4
159.291,7464669,1,1,94.5,0,0,3565,3079,-486,0,4
159.391,7464769,1,1,94.5,0,0,3565,3079,-486,0,4
159.503,7464881,1,1,94.5,0,0,3565,3079,-486,0,4
159.592,7464969,1,1,94.5,0,0,3565,3079,-486,0,4
159.691,7465069,1,1,94.5,0,0,3565,3079,-486,0,4
159.791,7465169,1,1,94.5,0,0,3565,3079,-486,0,4
159.891,7465269,1,1,94.5,0,0,3565,3079,-486,0,4
159.991,7465369,1,1,94.5,0,0,3565,3079,-486,0,4
160.091,7465469,1,1,94.5,0,0,3565,3079,-486,0,4
160.191,7465569,1,1,94.5,0,0,3565,3079,-486,0,4
160.291,7465669,1,1,94.5,0,0,3565,3079,-486,0,4
160.391,7465769,1,1,94.5,0,0,3565,3079,-486,0,4
160.491,7465869,1,1,94.5,0,0,3565,3079,-486,0,4
160.591,7465969,1,1,94.5,0,0,3565,3079,-486,0,4
160.691,7466069,1,1,94.5,0,0,3565,3079,-486,0,4
160.791,7466169,1,1,94.5,0,0,3565,3079,-486,0,4
160.891,7466269,1,1,94.5,0,0,3565,3079,-486,0,4
160.991,7466369,1,1,94.5,0,0,3565,3079,-486,0,4
161.091,7466469,1,1,94.5,0,0,3565,3079,-486,0,4
161.191,7466569,1,1,94.5,0,0,3565,3079,-486,0,4
161.292,7466669,1,1,94.5,0,0,3565,3079,-486,0,4
161.391,7466769,1,1,94.5,0,0,3565,3079,-486,0,4
161.503,7466881,1,1,94.5,0,0,3565,3079,-486,0,4
161.591,7466969,1,1,94.5,0,0,3565,3079,-486,0,4
161.691,7467069,1,1,94.5,0,0,3565,3079,-486,0,4
161.791,7467169,1,1,94.5,0,0,3565,3079,-486,0,4
161.891,7467269,1,1,94.5,0,0,3565,3079,-486,0,4
161.991,7467369,1,1,94.5,0,0,3565,3079,-486,0,4
162.091,7467469,1,1,94.5,0,0,3565,3079,-486,0,4
162.191,7467569,1,1,94.5,0,0,3565,3079,-486,0,4
162.291,7467669,1,1,94.5,0,0,3565,3079,-486,0,4
162.391,7467769,1,1,94.5,0,0,3565,3079,-486,0,4
162.492,7467869,1,1,94.5,0,0,3565,3079,-486,0,4
162.592,7467969,1,1,94.5,0,0,3565,3079,-486,0,4
162.691,7468069,1,1,94.5,0,0,3565,3079,-486,0,4
162.791,7468169,1,1,94.5,0,0,3565,3079,-486,0,4
162.891,7468269,1,1,94.5,0,0,3565,3079,-486,0,4
162.991,7468369,1,1,94.5,0,0,3565,3079,-486,0,4
163.091,7468469,1,1,94.5,0,0,3565,3079,-486,0,4
163.191,7468569,1,1,94.5,0,0,3565,3079,-486,0,4
163.291,7468669,1,1,94.5,0,0,3565,3079,-486,0,4
163.391,7468769,1,1,94.5,0,0,3565,3079,-486,0,4
163.503,7468881,1,1,94.5,0,0,3565,3079,-486,0,4
163.591,7468969,1,1,94.5,0,0,3565,3079,-486,0,4
163.691,7469069,1,1,94.5,0,0,3565,3079,-486,0,4
163.791,7469169,1,1,94.5,0,0,3565,3079,-486,0,4
163.890,7469269,1,1,94.5,0,0,3565,3079,-486,0,4
163.991,7469369,1,1,94.5,0,0,3565,3079,-486,0,4
164.091,7469469,1,1,94.5,0,0,3565,3079,-486,0,4
164.191,7469569,1,1,94.5,0,0,3565,3079,-486,0,4
164.291,7469669,1,1,94.5,0,0,3565,3079,-486,0,4
164.390,7469769,1,1,94.5,0,0,3565,3079,-486,0,4
164.491,7469869,1,1,94.5,0,0,3565,3079,-486,0,4
164.591,7469969,1,1,94.5,0,0,3565,3079,-486,0,4
164.691,7470069,1,1,94.5,0,0,3565,3079,-486,0,4
164.791,7470169,1,1,94.5,0,0,3565,3079,-486,0,4
164.891,7470269,1,1,94.5,0,0,3565,3079,-486,0,4
164.990,7470369,1,1,94.5,0,0,3565,3079,-486,0,4
165.091,7470469,1,1,94.5,0,0,3565,3079,-486,0,4
165.191,7470569,1,1,94.5,0,0,3565,3079,-486,0,4
165.291,7470669,1,1,94.5,0,0,3565,3079,-486,0,4
165.390,7470769,1,1,94.5,0,0,3565,3079,-486,0,4
165.504,7470881,1,1,94.5,0,0,3565,3079,-486,0,4
165.591,7470969,1,1,94.5,0,0,3565,3079,-486,0,4
165.691,7471069,1,1,94.5,0,0,3565,3079,-486,0,4
165.791,7471169,1,1,94.5,0,0,3565,3079,-486,0,4
165.891,7471269,1,1,94.5,0,0,3565,3079,-486,0,4
165.991,7471369,1,1,94.5,0,0,3565,3079,-486,0,4
166.091,7471469,1,1,94.5,0,0,3565,3079,-486,0,4
166.191,7471569,1,1,94.5,0,0,3565,3079,-486,0,4
166.291,7471669,1,1,94.5,0,0,3565,3079,-486,0,4
166.390,7471769,1,1,94.5,0,0,3565,3079,-486,0,4
166.490,7471869,1,1,94.5,0,0,3565,3079,-486,0,4
166.590,7471969,1,1,94.5,0,0,3565,3079,-486,0,4
166.690,7472069,1,1,94.5,0,0,3565,3079,-486,0,4
166.791,7472169,1,1,94.5,0,0,3565,3079,-486,0,4
166.890,7472269,1,1,94.5,0,0,3565,3079,-486,0,4
166.990,7472369,1,1,94.5,0,0,3565,3079,-486,0,4
167.091,7472469,1,1,94.5,0,0,3565,3079,-486,0,4
167.190,7472569,1,1,94.5,0,0,3565,3079,-486,0,4
167.291,7472669,1,1,94.5,0,0,3565,3079,-486,0,4
167.390,7472769,1,1,94.5,0,0,3565,3079,-486,0,4
167.503,7472881,1,1,94.5,0,0,3565,3079,-486,0,4
167.591,7472969,1,1,94.5,0,0,3565,3079,-486,0,4
167.691,7473069,1,1,94.5,0,0,3565,3079,-486,0,4
167.790,7473169,1,1,94.5,0,0,3565,3079,-486,0,4
167.890,7473269,1,1,94.5,0,0,3565,3079,-486,0,4
167.990,7473369,1,1,94.5,0,0,3565,3079,-486,0,4
168.090,7473469,1,1,94.5,0,0,3565,3079,-486,0,4
168.191,7473569,1,1,94.5,0,0,3565,3079,-486,0,4
168.291,7473669,1,1,94.5,0,0,3565,3079,-486,0,4
168.391,7473769,1,1,94.5,0,0,3565,3079,-486,0,4
168.491,7473869,1,1,94.5,0,0,3565,3079,-486,0,4
168.591,7473969,1,1,94.5,0,0,3565,3079,-486,0,4
168.691,7474069,1,1,94.5,0,0,3565,3079,-486,0,4
168.791,7474169,1,1,94.5,0,0,3565,3079,-486,0,4
168.890,7474269,1,1,94.5,0,0,3565,3079,-486,0,4
168.993,7474369,1,1,94.5,0,0,3565,3079,-486,0,4
169.090,7474469,1,1,94.5,0,0,3565,3079,-486,0,4
169.191,7474569,1,1,94.5,0,0,3565,3079,-486,0,4
169.291,7474669,1,1,94.5,0,0,3565,3079,-486,0,4
169.390,7474769,1,1,94.5,0,0,3565,3079,-486,0,4
169.504,7474881,1,1,94.5,0,0,3565,3079,-486,0,4
169.591,7474969,1,1,94.5,0,0,3565,3079,-486,0,4
169.690,7475069,1,1,94.5,0,0,3565,3079,-486,0,4
169.791,7475169,1,1,94.5,0,0,3565,3079,-486,0,4
169.891,7475269,1,1,94.5,0,0,3565,3079,-486,0,4
169.990,7475369,1,1,94.5,0,0,3565,3079,-486,0,4
170.090,7475469,1,1,94.5,0,0,3565,3079,-486,0,4
170.193,7475569,1,1,94.5,0,0,3565,3079,-486,0,4
170.290,7475669,1,1,94.5,0,0,3565,3079,-486,0,4
170.390,7475769,1,1,94.5,0,0,3565,3079,-486,0,4
170.490,7475869,1,1,94.5,0,0,3565,3079,-486,0,4
170.590,7475969,1,1,94.5,0,0,3565,3079,-486,0,4
170.691,7476069,1,1,94.5,0,0,3565,3079,-486,0,4
170.791,7476169,1,1,94.5,0,0,3565,3079,-486,0,4
170.890,7476269,1,1,94.5,0,0,3565,3079,-486,0,4
170.990,7476369,1,1,94.5,0,0,3565,3079,-486,0,4
171.090,7476469,1,1,94.5,0,0,3565,3079,-486,0,4
171.190,7476569,1,1,94.5,0,0,3565,3079,-486,0,4
171.291,7476669,1,1,94.5,0,0,3565,3079,-486,0,4
171.390,7476769,1,1,94.5,0,0,3565,3079,-486,0,4
171.503,7476881,1,1,94.5,0,0,3565,3079,-486,0,4
171.591,7476969,1,1,94.5,0,0,3565,3079,-486,0,4
171.690,7477069,1,1,94.5,0,0,3565,3079,-486,0,4
171.791,7477169,1,1,94.5,0,0,3565,3079,-486,0,4
171.890,7477269,1,1,94.5,0,0,3565,3079,-486,0,4
171.990,7477369,1,1,94.5,0,0,3565,3079,-486,0,4
172.090,7477469,1,1,94.5,0,0,3565,3079,-486,0,4
172.191,7477569,1,1,94.5,0,0,3565,3079,-486,0,4
172.291,7477669,1,1,94.5,0,0,3565,3079,-486,0,4
172.390,7477769,1,1,94.5,0,0,3565,3079,-486,0,4
172.490,7477869,1,1,94.5,0,0,3565,3079,-486,0,4
172.590,7477969,1,1,94.5,0,0,3565,3079,-486,0,4
172.691,7478069,1,1,94.5,0,0,3565,3079,-486,0,4
172.790,7478169,1,1,94.5,0,0,3565,3079,-486,0,4
172.890,7478269,1,1,94.5,0,0,3565,3079,-486,0,4
172.990,7478369,1,1,94.5,0,0,3565,3079,-486,0,4
173.090,7478469,1,1,94.5,0,0,3565,3079,-486,0,4
173.190,7478569,1,1,94.5,0,0,3565,3079,-486,0,4
229.686,7535069,1,1,94.5,0,0,3565,3079,-486,0,4
229.786,7535169,1,1,94.5,0,0,3565,3079,-486,0,4
229.887,7535269,1,1,94.5,0,0,3565,3079,-486,0,4
229.988,7535369,1,1,94.5,0,0,3565,3079,-486,0,4
230.087,7535469,1,1,94.5,0,0,3565,3079,-486,0,4
230.187,7535569,1,1,94.5,0,0,3565,3079,-486,0,4
230.286,7535669,1,1,94.5,0,0,3565,3079,-486,0,4
230.386,7535769,1,1,94.5,0,0,3565,3079,-486,0,4
230.487,7535869,1,1,94.5,0,0,3565,3079,-486,0,4
230.589,7535969,1,1,94.5,0,0,3565,3079,-486,0,4
230.686,7536069,1,1,94.5,0,0,3565,3079,-486,0,4
230.787,7536169,1,1,94.5,0,0,3565,3079,-486,0,4
230.886,7536269,1,1,94.4,0,0,3560,3079,-481,0,4
230.986,7536369,1,1,94.0,0,0,3547,3079,-468,0,4
231.086,7536469,1,1,93.6,0,0,3536,3079,-457,0,4
231.190,7536569,1,1,93.5,0,0,3533,3079,-454,0,4
231.286,7536669,1,1,93.6,0,0,3534,3079,-455,0,4
231.386,7536769,1,1,93.6,0,0,3534,3079,-455,0,4
231.499,7536881,1,1,93.6,0,0,3534,3079,-455,0,4
231.586,7536969,1,1,93.6,0,0,3534,3079,-455,0,4
231.687,7537069,1,1,93.7,0,0,3538,3079,-459,0,4
231.787,7537169,1,1,94.2,0,0,3557,3079,-478,0,4
231.886,7537269,1,1,95.1,0,0,3588,3079,-509,0,4
231.988,7537369,1,1,96.3,0,0,3627,3079,-548,0,4
232.086,7537469,1,1,97.3,0,0,3660,3079,-581,0,4
232.186,7537569,1,1,98.0,0,0,3682,3079,-603,0,4
232.286,7537669,1,1,98.0,0,0,3682,3079,-603,0,4
232.386,7537769,1,1,98.0,0,0,3682,3079,-603,0,4
232.486,7537869,1,1,98.0,0,0,3682,3079,-603,0,4
232.588,7537969,1,1,98.0,0,0,3682,3079,-603,0,4
232.686,7538069,1,1,98.0,0,0,3682,3079,-603,0,4
232.786,7538169,1,1,98.0,0,0,3682,3079,-603,0,4
232.886,7538269,1,1,98.0,0,0,3682,3079,-603,0,4
232.988,7538369,1,1,98.0,0,0,3682,3079,-603,0,4
233.086,7538469,1,1,98.0,0,0,3682,3079,-603,0,4
233.187,7538569,1,1,98.0,0,0,3682,3079,-603,0,4
233.286,7538669,1,1,98.0,0,0,3682,3079,-603,0,4
233.386,7538769,1,1,98.0,0,0,3682,3079,-603,0,4
233.499,7538881,1,1,98.0,0,0,3682,3079,-603,0,4
233.587,7538969,1,1,98.0,0,0,3682,3079,-603,0,4
233.686,7539069,1,1,98.0,0,0,3682,3079,-603,0,4
233.786,7539169,1,1,98.0,0,0,3682,3079,-603,0,4
233.886,7539269,1,1,98.0,0,0,3682,3079,-603,0,4
233.987,7539369,1,1,98.0,0,0,3682,3079,-603,0,4
234.087,7539469,1,1,98.0,0,0,3682,3079,-603,0,4
234.186,7539569,1,1,98.0,0,0,3682,3079,-603,0,4
234.286,7539669,1,1,98.0,0,0,3682,3079,-603,0,4
234.386,7539769,1,1,98.0,0,0,3682,3079,-603,0,4
234.486,7539869,1,1,98.0,0,0,3682,3079,-603,0,4
234.588,7539969,1,1,98.0,0,0,3682,3079,-603,0,4
234.687,7540069,1,1,98.0,0,0,3682,3079,-603,0,4
234.787,7540169,1,1,98.0,0,0,3682,3079,-603,0,4
234.886,7540269,1,1,98.0,0,0,3682,3079,-603,0,4
234.986,7540369,1,1,98.0,0,0,3682,3079,-603,0,4
235.086,7540469,1,1,98.0,0,0,3682,3079,-603,0,4
235.186,7540569,1,1,98.0,0,0,3682,3079,-603,0,4
235.286,7540669,1,1,98.0,0,0,3682,3079,-603,0,4
235.386,7540769,1,1,98.0,0,0,3682,3079,-603,0,4
235.499,7540881,1,1,98.0,0,0,3682,3079,-603,0,4
235.586,7540969,1,1,98.0,0,0,3682,3079,-603,0,4
235.686,7541069,1,1,98.0,0,0,3682,3079,-603,0,4
235.787,7541169,1,1,98.0,0,0,3682,3079,-603,0,4
235.886,7541269,1,1,98.0,0,0,3682,3079,-603,0,4
235.986,7541369,1,1,98.0,0,0,3682,3079,-603,0,4
236.086,7541469,1,1,98.0,0,0,3682,3079,-603,0,4
236.186,7541569,1,1,98.0,0,0,3683,3079,-604,0,4
236.286,7541669,1,1,98.0,0,0,3683,3079,-604,0,4
236.386,7541769,1,1,98.0,0,0,3683,3079,-604,0,4
236.487,7541869,1,1,98.0,0,0,3683,3079,-604,0,4
236.586,7541969,1,1,98.0,0,0,3683,3079,-604,0,4
236.686,7542069,1,1,98.0,0,0,3683,3079,-604,0,4
236.786,7542169,1,1,98.0,0,0,3683,3079,-604,0,4
236.886,7542269,1,1,98.0,0,0,3683,3079,-604,0,4
236.987,7542369,1,1,98.0,0,0,3683,3079,-604,0,4
237.087,7542469,1,1,98.0,0,0,3683,3079,-604,0,4
237.186,7542569,1,1,98.0,0,0,3683,3079,-604,0,4
237.286,7542669,1,1,98.0,0,0,3683,3079,-604,0,4
237.386,7542769,1,1,98.0,0,0,3683,3079,-604,0,4
237.498,7542881,1,1,98.0,0,0,3683,3079,-604,0,4
237.586,7542969,1,1,98.0,0,0,3683,3079,-604,0,4
237.686,7543069,1,1,98.0,0,0,3683,3079,-604,0,4
237.790,7543169,1,1,98.0,0,0,3683,3079,-604,0,4
237.886,7543269,1,1,98.0,0,0,3683,3079,-604,0,4
237.986,7543369,1,1,98.0,0,0,3683,3079,-604,0,4
238.087,7543469,1,1,98.1,0,0,3684,3079,-605,0,4
238.186,7543569,1,1,98.1,0,0,3684,3079,-605,0,4
238.286,7543669,1,1,98.1,0,0,3684,3079,-605,0,4
238.388,7543769,1,1,98.1,0,0,3684,3079,-605,0,4
238.486,7543869,1,1,98.1,0,0,3684,3079,-605,0,4
238.586,7543969,1,1,98.1,0,0,3684,3079,-605,0,4
238.686,7544069,1,1,98.1,0,0,3684,3079,-605,0,4
238.787,7544169,1,1,98.1,0,0,3684,3079,-605,0,4
238.888,7544269,1,1,98.1,0,0,3684,3079,-605,0,4
238.986,7544369,1,1,98.1,0,0,3684,3079,-605,0,4
239.085,7544469,1,1,98.1,0,0,3684,3079,-605,0,4
239.186,7544569,1,1,98.1,0,0,3684,3079,-605,0,4
239.286,7544669,1,1,98.1,0,0,3684,3079,-605,0,4
239.386,7544769,1,1,98.1,0,0,3684,3079,-605,0,4
239.498,7544881,1,1,98.1,0,0,3684,3079,-605,0,4
239.586,7544969,1,1,98.1,0,0,3684,3079,-605,0,4
239.687,7545069,1,1,98.1,0,0,3684,3079,-605,0,4
239.785,7545169,1,1,98.1,0,0,3684,3079,-605,0,4
239.885,7545269,1,1,98.1,0,0,3684,3079,-605,0,4
239.986,7545369,1,1,98.1,0,0,3684,3079,-605,0,4
240.086,7545469,1,1,98.1,0,0,3684,3079,-605,0,4
240.186,7545569,1,1,98.1,0,0,3684,3079,-605,0,4
240.286,7545669,1,1,98.1,0,0,3684,3079,-605,0,4
240.385,7545769,1,1,98.1,0,0,3684,3079,-605,0,4
240.486,7545869,1,1,98.1,0,0,3684,3079,-605,0,4
240.590,7545969,1,1,98.1,0,0,3684,3079,-605,0,4
240.686,7546069,1,1,98.1,0,0,3684,3079,-605,0,4
240.786,7546169,1,1,98.1,0,0,3684,3079,-605,0,4
240.888,7546269,1,1,98.1,0,0,3684,3079,-605,0,4
240.985,7546369,1,1,98.1,0,0,3684,3079,-605,0,4
241.086,7546469,1,1,98.1,0,0,3684,3079,-605,0,4
241.186,7546569,1,1,98.1,0,0,3684,3079,-605,0,4
241.287,7546669,1,1,98.1,0,0,3684,3079,-605,0,4
241.386,7546769,1,1,98.1,0,0,3684,3079,-605,0,4
241.498,7546881,1,1,98.1,0,0,3684,3079,-605,0,4
241.586,7546969,1,1,98.1,0,0,3684,3079,-605,0,4
241.685,7547069,1,1,98.1,0,0,3684,3079,-605,0,4
241.785,7547169,1,1,98.1,0,0,3684,3079,-605,0,4
241.886,7547269,1,1,98.1,0,0,3684,3079,-605,0,4
241.985,7547369,1,1,98.1,0,0,3684,3079,-605,0,4
242.085,7547469,1,1,98.1,0,0,3684,3079,-605,0,4
242.185,7547569,1,1,98.1,0,0,3684,3079,-605,0,4
242.286,7547669,1,1,98.1,0,0,3684,3079,-605,0,4
242.385,7547769,1,1,98.1,0,0,3684,3079,-605,0,4
242.485,7547869,1,1,98.1,0,0,3684,3079,-605,0,4
242.588,7547969,1,1,98.1,0,0,3684,3079,-605,0,4
242.688,7548069,1,1,98.1,0,0,3684,3079,-605,0,4
242.786,7548169,1,1,98.1,0,0,3684,3079,-605,0,4
242.888,7548269,1,1,98.1,0,0,3684,3079,-605,0,4
242.986,7548369,1,1,98.1,0,0,3684,3079,-605,0,4
243.085,7548469,1,1,98.1,0,0,3684,3079,-605,0,4
243.185,7548569,1,1,98.1,0,0,3684,3079,-605,0,4
243.286,7548669,1,1,98.1,0,0,3684,3079,-605,0,4
243.385,7548769,1,1,98.1,0,0,3684,3079,-605,0,4
243.498,7548881,1,1,98.1,0,0,3684,3079,-605,0,4
243.586,7548969,1,1,98.1,0,0,3684,3079,-605,0,4
243.685,7549069,1,1,98.1,0,0,3684,3079,-605,0,4
243.786,7549169,1,1,98.1,0,0,3684,3079,-605,0,4
243.886,7549269,1,1,98.1,0,0,3684,3079,-605,0,4
243.986,7549369,1,1,98.1,0,0,3684,3079,-605,0,4
244.085,7549469,1,1,98.1,0,0,3684,3079,-605,0,4
244.186,7549569,1,1,98.1,0,0,3684,3079,-605,0,4
244.286,7549669,1,1,98.1,0,0,3684,3079,-605,0,4
244.385,7549769,1,1,98.1,0,0,3684,3079,-605,0,4
244.485,7549869,1,1,98.1,0,0,3684,3079,-605,0,4
244.585,7549969,1,1,98.1,0,0,3684,3079,-605,0,4
244.686,7550069,1,1,98.1,0,0,3684,3079,-605,0,4
244.786,7550169,1,1,98.1,0,0,3684,3079,-605,0,4
244.885,7550269,1,1,98.1,0,0,3684,3079,-605,0,4
244.986,7550369,1,1,98.1,0,0,3684,3079,-605,0,4
245.086,7550469,1,1,98.1,0,0,3684,3079,-605,0,4
245.186,7550569,1,1,98.1,0,0,3684,3079,-605,0,4
245.285,7550669,1,1,98.1,0,0,3684,3079,-605,0,4
245.385,7550769,1,1,98.1,0,0,3684,3079,-605,0,4
245.498,7550881,1,1,98.1,0,0,3684,3079,-605,0,4
245.585,7550969,1,1,98.1,0,0,3684,3079,-605,0,4
245.686,7551069,1,1,98.1,0,0,3684,3079,-605,0,4
245.786,7551169,1,1,98.1,0,0,3684,3079,-605,0,4
245.885,7551269,1,1,98.1,0,0,3684,3079,-605,0,4
245.985,7551369,1,1,98.1,0,0,3684,3079,-605,0,4
246.086,7551469,1,1,98.1,0,0,3684,3079,-605,0,4
246.185,7551569,1,1,98.1,0,0,3684,3079,-605,0,4
246.288,7551669,1,1,98.1,0,0,3684,3079,-605,0,4
246.385,7551769,1,1,98.1,0,0,3684,3079,-605,0,4
246.485,7551869,1,1,98.1,0,0,3684,3079,-605,0,4
246.585,7551969,1,1,98.1,0,0,3684,3079,-605,0,4
246.685,7552069,1,1,98.1,0,0,3684,3079,-605,0,4
246.786,7552169,1,1,98.1,0,0,3684,3079,-605,0,4
246.886,7552269,1,1,98.1,0,0,3684,3079,-605,0,4
246.988,7552369,1,1,98.1,0,0,3684,3079,-605,0,4
247.085,7552469,1,1,98.1,0,0,3684,3079,-605,0,4
247.185,7552569,1,1,98.1,0,0,3684,3079,-605,0,4
247.285,7552669,1,1,98.1,0,0,3684,3079,-605,0,4
247.386,7552769,1,1,98.1,0,0,3684,3079,-605,0,4
247.498,7552881,1,1,98.1,0,0,3684,3079,-605,0,4
247.585,7552969,1,1,98.1,0,0,3684,3079,-605,0,4
247.686,7553069,1,1,98.1,0,0,3684,3079,-605,0,4
247.785,7553169,1,1,98.1,0,0,3684,3079,-605,0,4
247.885,7553269,1,1,98.1,0,0,3684,3079,-605,0,4
247.985,7553369,1,1,98.1,0,0,3684,3079,-605,0,4
248.085,7553469,1,1,98.1,0,0,3684,3079,-605,0,4
248.186,7553569,1,1,98.1,0,0,3684,3079,-605,0,4
248.285,7553669,1,1,98.1,0,0,3684,3079,-605,0,4
248.386,7553769,1,1,98.1,0,0,3684,3079,-605,0,4
248.485,7553869,1,1,98.1,0,0,3684,3079,-605,0,4
248.585,7553969,1,1,98.1,0,0,3684,3079,-605,0,4
248.685,7554069,1,1,98.1,0,0,3684,3079,-605,0,4
248.786,7554169,1,1,98.1,0,0,3684,3079,-605,0,4
248.885,7554269,1,1,98.1,0,0,3684,3079,-605,0,4
248.986,7554369,1,1,98.1,0,0,3684,3079,-605,0,4
249.086,7554469,1,1,98.1,0,0,3684,3079,-605,0,4
249.191,7554569,1,1,98.1,0,0,3684,3079,-605,0,4
249.285,7554669,1,1,98.1,0,0,3684,3079,-605,0,4
249.385,7554769,1,1,98.1,0,0,3684,3079,-605,0,4
249.497,7554881,1,1,98.1,0,0,3684,3079,-605,0,4
249.587,7554969,1,1,98.1,0,0,3684,3079,-605,0,4
249.685,7555069,1,1,98.1,0,0,3684,3079,-605,0,4
249.785,7555169,1,1,98.1,0,0,3684,3079,-605,0,4
249.886,7555269,1,1,98.1,0,0,3684,3079,-605,0,4
249.987,7555369,1,1,98.1,0,0,3684,3079,-605,0,4
250.085,7555469,1,1,98.1,0,0,3684,3079,-605,0,4
250.185,7555569,1,1,98.1,0,0,3684,3079,-605,0,4
250.285,7555669,1,1,98.1,0,0,3684,3079,-605,0,4
250.385,7555769,1,1,98.1,0,0,3684,3079,-605,0,4
250.485,7555869,1,1,98.1,0,0,3684,3079,-605,0,4
250.585,7555969,1,1,98.1,0,0,3684,3079,-605,0,4
250.685,7556069,1,1,98.1,0,0,3684,3079,-605,0,4
250.785,7556169,1,1,98.1,0,0,3684,3079,-605,0,4
250.885,7556269,1,1,98.1,0,0,3684,3079,-605,0,4
250.985,7556369,1,1,98.1,0,0,3684,3079,-605,0,4
251.085,7556469,1,1,98.1,0,0,3684,3079,-605,0,4
251.185,7556569,1,1,98.1,0,0,3684,3079,-605,0,4
251.286,7556669,1,1,98.1,0,0,3684,3079,-605,0,4
251.386,7556769,1,1,98.1,0,0,3684,3079,-605,0,4
251.497,7556881,1,1,98.1,0,0,3684,3079,-605,0,4
251.585,7556969,1,1,98.1,0,0,3684,3079,-605,0,4
251.685,7557069,1,1,98.1,0,0,3684,3079,-605,0,4
251.785,7557169,1,1,98.1,0,0,3684,3079,-605,0,4
251.885,7557269,1,1,98.1,0,0,3684,3079,-605,0,4
251.986,7557369,1,1,98.1,0,0,3684,3079,-605,0,4
252.085,7557469,1,1,98.1,0,0,3684,3079,-605,0,4
252.185,7557569,1,1,98.1,0,0,3684,3079,-605,0,4
252.285,7557669,1,1,98.1,0,0,3684,3079,-605,0,4
252.385,7557769,1,1,98.1,0,0,3684,3079,-605,0,4
252.485,7557869,1,1,98.1,0,0,3684,3079,-605,0,4
252.585,7557969,1,1,98.1,0,0,3684,3079,-605,0,4
252.685,7558069,1,1,98.1,0,0,3684,3079,-605,0,4
252.786,7558169,1,1,98.1,0,0,3684,3079,-605,0,4
252.885,7558269,1,1,98.1,0,0,3684,3079,-605,0,4
252.985,7558369,1,1,98.1,0,0,3684,3079,-605,0,4
253.085,7558469,1,1,98.1,0,0,3684,3079,-605,0,4
253.191,7558569,1,1,98.1,0,0,3684,3079,-605,0,4
253.285,7558669,1,1,98.1,0,0,3684,3079,-605,0,4
253.385,7558769,1,1,98.1,0,0,3684,3079,-605,0,4
253.497,7558881,1,1,98.1,0,0,3684,3079,-605,0,4
253.585,7558969,1,1,98.1,0,0,3684,3079,-605,0,4
253.685,7559069,1,1,98.1,0,0,3684,3079,-605,0,4
253.785,7559169,1,1,98.1,0,0,3684,3079,-605,0,4
253.885,7559269,1,1,98.1,0,0,3684,3079,-605,0,4
253.985,7559369,1,1,98.1,0,0,3684,3079,-605,0,4
254.085,7559469,1,1,98.1,0,0,3684,3079,-605,0,4
254.185,7559569,1,1,98.1,0,0,3684,3079,-605,0,4
254.285,7559669,1,1,98.1,0,0,3684,3079,-605,0,4
254.385,7559769,1,1,98.1,0,0,3684,3079,-605,0,4
254.485,7559869,1,1,98.1,0,0,3684,3079,-605,0,4
254.585,7559969,1,1,98.1,0,0,3684,3079,-605,0,4
254.685,7560069,1,1,98.1,0,0,3684,3079,-605,0,4
254.786,7560169,1,1,98.1,0,0,3684,3079,-605,0,4
254.884,7560269,1,1,98.1,0,0,3684,3079,-605,0,4
254.984,7560369,1,1,98.1,0,0,3684,3079,-605,0,4
255.085,7560469,1,1,98.1,0,0,3684,3079,-605,0,4
255.185,7560569,1,1,98.1,0,0,3684,3079,-605,0,4
255.285,7560669,1,1,98.1,0,0,3684,3079,-605,0,4
255.385,7560769,1,1,98.1,0,0,3684,3079,-605,0,4
255.497,7560881,1,1,98.1,0,0,3684,3079,-605,0,4
255.584,7560969,1,1,98.1,0,0,3684,3079,-605,0,4
255.685,7561069,1,1,98.1,0,0,3684,3079,-605,0,4
255.784,7561169,1,1,98.1,0,0,3684,3079,-605,0,4
255.884,7561269,1,1,98.1,0,0,3684,3079,-605,0,4
255.984,7561369,1,1,98.1,0,0,3684,3079,-605,0,4
256.084,7561469,1,1,98.1,0,0,3684,3079,-605,0,4
256.184,7561569,1,1,98.1,0,0,3684,3079,-605,0,4
256.285,7561669,1,1,98.1,0,0,3684,3079,-605,0,4
256.384,7561769,1,1,98.1,0,0,3684,3079,-605,0,4
256.484,7561869,1,1,98.1,0,0,3684,3079,-605,0,4
256.585,7561969,1,1,98.1,0,0,3684,3079,-605,0,4
256.684,7562069,1,1,98.1,0,0,3684,3079,-605,0,4
256.785,7562169,1,1,98.1,0,0,3684,3079,-605,0,4
256.884,7562269,1,1,98.1,0,0,3684,3079,-605,0,4
256.985,7562369,1,1,98.1,0,0,3684,3079,-605,0,4
257.084,7562469,1,1,98.1,0,0,3684,3079,-605,0,4
257.185,7562569,1,1,98.1,0,0,3684,3079,-605,0,4
257.284,7562669,1,1,98.1,0,0,3684,3079,-605,0,4
257.384,7562769,1,1,98.1,0,0,3684,3079,-605,0,4
257.497,7562881,1,1,98.1,0,0,3684,3079,-605,0,4
257.584,7562969,1,1,98.1,0,0,3684,3079,-605,0,4
257.684,7563069,1,1,98.1,0,0,3684,3079,-605,0,4
257.784,7563169,1,1,98.1,0,0,3684,3079,-605,0,4
257.885,7563269,1,1,98.1,0,0,3684,3079,-605,0,4
257.985,7563369,1,1,98.1,0,0,3684,3079,-605,0,4
258.086,7563469,1,1,98.1,0,0,3684,3079,-605,0,4
258.186,7563569,1,1,98.1,0,0,3684,3079,-605,0,4
258.285,7563669,1,1,98.1,0,0,3684,3079,-605,0,4
258.384,7563769,1,1,98.1,0,0,3684,3079,-605,0,4
258.484,7563869,1,1,98.1,0,0,3684,3079,-605,0,4
258.584,7563969,1,1,98.1,0,0,3684,3079,-605,0,4
258.684,7564069,1,1,98.1,0,0,3684,3079,-605,0,4
258.784,7564169,1,1,98.1,0,0,3684,3079,-605,0,4
258.884,7564269,1,1,98.1,0,0,3684,3079,-605,0,4
258.984,7564369,1,1,98.1,0,0,3684,3079,-605,0,4
259.084,7564469,1,1,98.1,0,0,3684,3079,-605,0,4
259.184,7564569,1,1,98.1,0,0,3684,3079,-605,0,4
259.384,7564769,1,1,98.1,0,0,3684,3079,-605,0,4
259.497,7564881,1,1,98.1,0,0,3684,3079,-605,0,4
259.584,7564969,1,1,98.1,0,0,3684,3079,-605,0,4
259.684,7565069,1,1,98.1,0,0,3684,3079,-605,0,4
259.784,7565169,1,1,98.1,0,0,3684,3079,-605,0,4
259.885,7565269,1,1,98.1,0,0,3684,3079,-605,0,4
259.985,7565369,1,1,98.1,0,0,3684,3079,-605,0,4
260.084,7565469,1,1,98.1,0,0,3684,3079,-605,0,4
260.185,7565569,1,1,98.1,0,0,3684,3079,-605,0,4
260.284,7565669,1,1,98.1,0,0,3683,3079,-604,0,4
260.384,7565769,1,1,98.0,0,0,3683,3079,-604,0,4
260.484,7565869,1,1,98.0,0,0,3683,3079,-604,0,4
260.584,7565969,1,1,98.0,0,0,3683,3079,-604,0,4
260.684,7566069,1,1,98.0,0,0,3683,3079,-604,0,4
260.785,7566169,1,1,98.0,0,0,3683,3079,-604,0,4
260.884,7566269,1,1,98.0,0,0,3683,3079,-604,0,4
260.984,7566369,1,1,98.0,0,0,3683,3079,-604,0,4
261.084,7566469,1,1,98.0,0,0,3683,3079,-604,0,4
261.185,7566569,1,1,98.0,0,0,3683,3079,-604,0,4
261.285,7566669,1,1,98.0,0,0,3683,3079,-604,0,4
261.384,7566769,1,1,98.0,0,0,3683,3079,-604,0,4
261.497,7566881,1,1,98.0,0,0,3683,3079,-604,0,4
261.585,7566969,1,1,98.0,0,0,3683,3079,-604,0,4
261.686,7567069,1,1,98.0,0,0,3683,3079,-604,0,4
261.784,7567169,1,1,98.0,0,0,3683,3079,-604,0,4
261.884,7567269,1,1,98.0,0,0,3683,3079,-604,0,4
261.985,7567369,1,1,98.0,0,0,3683,3079,-604,0,4
262.085,7567469,1,1,98.0,0,0,3683,3079,-604,0,4
262.185,7567569,1,1,98.0,0,0,3683,3079,-604,0,4
262.285,7567669,1,1,98.0,0,0,3683,3079,-604,0,4
262.384,7567769,1,1,98.0,0,0,3683,3079,-604,0,4
262.485,7567869,1,1,98.0,0,0,3683,3079,-604,0,4
262.585,7567969,1,1,98.0,0,0,3683,3079,-604,0,4
262.685,7568069,1,1,98.0,0,0,3683,3079,-604,0,4
262.785,7568169,1,1,98.0,0,0,3683,3079,-604,0,4
262.884,7568269,1,1,98.0,0,0,3683,3079,-604,0,4
262.984,7568369,1,1,98.0,0,0,3683,3079,-604,0,4
263.085,7568469,1,1,98.0,0,0,3683,3079,-604,0,4
263.184,7568569,1,1,98.0,0,0,3683,3079,-604,0,4
263.284,7568669,1,1,98.0,0,0,3683,3079,-604,0,4
263.384,7568769,1,1,98.0,0,0,3683,3079,-604,0,4
263.497,7568881,1,1,98.0,0,0,3683,3079,-604,0,4
263.585,7568969,1,1,98.0,0,0,3683,3079,-604,0,4
263.685,7569069,1,1,98.0,0,0,3683,3079,-604,0,4
263.784,7569169,1,1,98.0,0,0,3683,3079,-604,0,4
263.884,7569269,1,1,98.0,0,0,3683,3079,-604,0,4
263.986,7569369,1,1,98.0,0,0,3683,3079,-604,0,4
264.085,7569469,1,1,98.0,0,0,3683,3079,-604,0,4
264.186,7569569,1,1,98.0,0,0,3683,3079,-604,0,4
264.284,7569669,1,1,98.0,0,0,3683,3079,-604,0,4
264.385,7569769,1,1,98.0,0,0,3683,3079,-604,0,4
264.484,7569869,1,1,98.0,0,0,3683,3079,-604,0,4
264.585,7569969,1,1,98.0,0,0,3683,3079,-604,0,4
264.685,7570069,1,1,98.0,0,0,3683,3079,-604,0,4
264.785,7570169,1,1,98.0,0,0,3683,3079,-604,0,4
264.894,7570269,1,1,98.0,0,0,3683,3079,-604,0,4
264.984,7570369,1,1,98.0,0,0,3683,3079,-604,0,4
265.084,7570469,1,1,98.0,0,0,3683,3079,-604,0,4
265.184,7570569,1,1,98.0,0,0,3683,3079,-604,0,4
265.284,7570669,1,1,98.0,0,0,3683,3079,-604,0,4
265.384,7570769,1,1,98.0,0,0,3683,3079,-604,0,4
265.496,7570881,1,1,98.0,0,0,3683,3079,-604,0,4
265.584,7570969,1,1,98.0,0,0,3683,3079,-604,0,4
265.684,7571069,1,1,98.0,0,0,3683,3079,-604,0,4
265.784,7571169,1,1,98.0,0,0,3683,3079,-604,0,4
265.884,7571269,1,1,98.0,0,0,3683,3079,-604,0,4
265.984,7571369,1,1,98.0,0,0,3683,3079,-604,0,4
266.084,7571469,1,1,98.0,0,0,3683,3079,-604,0,4
266.184,7571569,1,1,98.0,0,0,3683,3079,-604,0,4
266.284,7571669,1,1,98.0,0,0,3683,3079,-604,0,4
266.384,7571769,1,1,98.0,0,0,3683,3079,-604,0,4
266.484,7571869,1,1,98.0,0,0,3683,3079,-604,0,4
266.584,7571969,1,1,98.0,0,0,3683,3079,-604,0,4
266.684,7572069,1,1,98.0,0,0,3683,3079,-604,0,4
266.784,7572169,1,1,98.0,0,0,3683,3079,-604,0,4
266.884,7572269,1,1,98.0,0,0,3683,3079,-604,0,4
266.984,7572369,1,1,98.0,0,0,3683,3079,-604,0,4
267.085,7572469,1,1,98.0,0,0,3683,3079,-604,0,4
267.184,7572569,1,1,98.0,0,0,3683,3079,-604,0,4
267.284,7572669,1,1,98.0,0,0,3683,3079,-604,0,4
267.384,7572769,1,1,98.0,0,0,3683,3079,-604,0,4
267.496,7572881,1,1,98.0,0,0,3683,3079,-604,0,4
267.584,7572969,1,1,98.0,0,0,3683,3079,-604,0,4
267.684,7573069,1,1,98.0,0,0,3683,3079,-604,0,4
267.784,7573169,1,1,98.0,0,0,3683,3079,-604,0,4
267.884,7573269,1,1,98.0,0,0,3683,3079,-604,0,4
267.984,7573369,1,1,98.0,0,0,3683,3079,-604,0,4
268.084,7573469,1,1,98.0,0,0,3683,3079,-604,0,4
268.184,7573569,1,1,98.0,0,0,3683,3079,-604,0,4
268.284,7573669,1,1,98.0,0,0,3683,3079,-604,0,4
268.384,7573769,1,1,98.0,0,0,3683,3079,-604,0,4
268.484,7573869,1,1,98.0,0,0,3683,3079,-604,0,4
268.584,7573969,1,1,98.0,0,0,3683,3079,-604,0,4
268.684,7574069,1,1,98.0,0,0,3683,3079,-604,0,4
268.784,7574169,1,1,98.0,0,0,3683,3079,-604,0,4
268.884,7574269,1,1,98.0,0,0,3683,3079,-604,0,4
268.984,7574369,1,1,98.0,0,0,3683,3079,-604,0,4
269.084,7574469,1,1,98.0,0,0,3683,3079,-604,0,4
269.184,7574569,1,1,98.0,0,0,3683,3079,-604,0,4
269.285,7574669,1,1,98.0,0,0,3683,3079,-604,0,4
269.384,7574769,1,1,98.0,0,0,3683,3079,-604,0,4
269.496,7574881,1,1,98.0,0,0,3683,3079,-604,0,4
269.584,7574969,1,1,98.0,0,0,3683,3079,-604,0,4
269.684,7575069,1,1,98.0,0,0,3683,3079,-604,0,4
269.785,7575169,1,1,98.0,0,0,3683,3079,-604,0,4
269.884,7575269,1,1,98.0,0,0,3683,3079,-604,0,4
269.984,7575369,1,1,97.9,0,0,3677,3079,-598,0,4
270.092,7575469,1,1,97.4,0,0,3661,3079,-582,0,4
270.189,7575569,1,1,96.9,0,0,3644,3079,-565,0,4
270.284,7575669,1,1,96.4,0,0,3627,3079,-548,0,4
270.384,7575769,1,1,96.1,0,0,3619,3079,-540,0,4
270.484,7575869,1,1,96.1,0,0,3618,3079,-539,0,4
270.584,7575969,1,1,96.1,0,0,3618,3079,-539,0,4
270.685,7576069,1,1,96.1,0,0,3618,3079,-539,0,4
270.784,7576169,1,1,96.1,0,0,3618,3079,-539,0,4
270.884,7576269,1,1,96.1,0,0,3618,3079,-539,0,4
270.984,7576369,1,1,96.1,0,0,3618,3079,-539,0,4
271.084,7576469,1,1,96.1,0,0,3618,3079,-539,0,4
271.184,7576569,1,1,96.1,0,0,3618,3079,-539,0,4
271.284,7576669,1,1,96.1,0,0,3618,3079,-539,0,4
271.384,7576769,1,1,96.1,0,0,3618,3079,-539,0,4
271.496,7576881,1,1,96.1,0,0,3618,3079,-539,0,4
271.584,7576969,1,1,96.1,0,0,3618,3079,-539,0,4
271.684,7577069,1,1,96.1,0,0,3618,3079,-539,0,4
271.784,7577169,1,1,96.1,0,0,3618,3079,-539,0,4
271.884,7577269,1,1,96.1,0,0,3618,3079,-539,0,4
271.984,7577369,1,1,96.1,0,0,3618,3079,-539,0,4
272.084,7577469,1,1,96.1,0,0,3618,3079,-539,0,4
272.184,7577569,1,1,96.1,0,0,3618,3079,-539,0,4
272.284,7577669,1,1,96.1,0,0,3618,3079,-539,0,4
272.383,7577769,1,1,96.1,0,0,3618,3079,-539,0,4
272.485,7577869,1,1,96.1,0,0,3618,3079,-539,0,4
272.583,7577969,1,1,96.1,0,0,3618,3079,-539,0,4
272.684,7578069,1,1,96.1,0,0,3618,3079,-539,0,4
272.784,7578169,1,1,96.1,0,0,3618,3079,-539,0,4
272.884,7578269,1,1,96.1,0,0,3618,3079,-539,0,4
272.984,7578369,1,1,96.1,0,0,3618,3079,-539,0,4
273.084,7578469,1,1,96.1,0,0,3618,3079,-539,0,4
273.186,7578569,1,1,96.1,0,0,3618,3079,-539,0,4
273.284,7578669,1,1,96.1,0,0,3618,3079,-539,0,4
273.384,7578769,1,1,96.1,0,0,3618,3079,-539,0,4
273.496,7578881,1,1,96.1,0,0,3618,3079,-539,0,4
273.584,7578969,1,1,96.1,0,0,3618,3079,-539,0,4
273.684,7579069,1,1,96.1,0,0,3618,3079,-539,0,4
273.783,7579169,1,1,96.1,0,0,3618,3079,-539,0,4
273.884,7579269,1,1,96.1,0,0,3618,3079,-539,0,4
273.985,7579369,1,1,96.1,0,0,3618,3079,-539,0,4
274.084,7579469,1,1,96.1,0,0,3618,3079,-539,0,4
274.185,7579569,1,1,96.1,0,0,3618,3079,-539,0,4
274.285,7579669,1,1,96.1,0,0,3618,3079,-539,0,4
274.384,7579769,1,1,96.1,0,0,3618,3079,-539,0,4
274.485,7579869,1,1,96.1,0,0,3618,3079,-539,0,4
274.583,7579969,1,1,96.1,0,0,3618,3079,-539,0,4
274.684,7580069,1,1,96.1,0,0,3618,3079,-539,0,4
274.784,7580169,1,1,96.1,0,0,3618,3079,-539,0,4
274.884,7580269,1,1,96.1,0,0,3618,3079,-539,0,4
274.984,7580369,1,1,96.1,0,0,3618,3079,-539,0,4
275.084,7580469,1,1,96.1,0,0,3618,3079,-539,0,4
275.184,7580569,1,1,96.1,0,0,3618,3079,-539,0,4
275.284,7580669,1,1,96.1,0,0,3618,3079,-539,0,4
275.383,7580769,1,1,96.1,0,0,3618,3079,-539,0,4
275.496,7580881,1,1,96.1,0,0,3618,3079,-539,0,4
275.584,7580969,1,1,96.1,0,0,3618,3079,-539,0,4
275.686,7581069,1,1,96.1,0,0,3618,3079,-539,0,4
275.784,7581169,1,1,96.1,0,0,3618,3079,-539,0,4
275.883,7581269,1,1,96.1,0,0,3618,3079,-539,0,4
275.984,7581369,1,1,96.1,0,0,3618,3079,-539,0,4
276.083,7581469,1,1,96.1,0,0,3618,3079,-539,0,4
276.184,7581569,1,1,96.1,0,0,3618,3079,-539,0,4
276.284,7581669,1,1,96.1,0,0,3618,3079,-539,0,4
276.384,7581769,1,1,96.1,0,0,3618,3079,-539,0,4
276.484,7581869,1,1,96.1,0,0,3617,3079,-538,0,4
276.584,7581969,1,1,96.1,0,0,3617,3079,-538,0,4
276.683,7582069,1,1,96.1,0,0,3617,3079,-538,0,4
276.784,7582169,1,1,96.1,0,0,3617,3079,-538,0,4
276.883,7582269,1,1,96.1,0,0,3617,3079,-538,0,4
276.983,7582369,1,1,96.1,0,0,3617,3079,-538,0,4
277.084,7582469,1,1,96.1,0,0,3618,3079,-539,0,4
277.184,7582569,1,1,96.1,0,0,3618,3079,-539,0,4
277.285,7582669,1,1,96.1,0,0,3618,3079,-539,0,4
277.383,7582769,1,1,96.1,0,0,3618,3079,-539,0,4
277.497,7582881,1,1,96.1,0,0,3618,3079,-539,0,4
277.584,7582969,1,1,96.1,0,0,3618,3079,-539,0,4
277.684,7583069,1,1,96.1,0,0,3618,3079,-539,0,4
277.783,7583169,1,1,96.1,0,0,3618,3079,-539,0,4
277.883,7583269,1,1,96.1,0,0,3618,3079,-539,0,4
277.985,7583369,1,1,96.1,0,0,3618,3079,-539,0,4
278.099,7583469,1,1,96.1,0,0,3618,3079,-539,0,4
278.184,7583569,1,1,96.1,0,0,3618,3079,-539,0,4
278.284,7583669,1,1,96.1,0,0,3618,3079,-539,0,4
278.383,7583769,1,1,96.1,0,0,3618,3079,-539,0,4
278.484,7583869,1,1,96.1,0,0,3618,3079,-539,0,4
278.584,7583969,1,1,96.1,0,0,3618,3079,-539,0,4
278.684,7584069,1,1,96.1,0,0,3618,3079,-539,0,4
278.785,7584169,1,1,96.1,0,0,3618,3079,-539,0,4
278.886,7584269,1,1,96.1,0,0,3618,3079,-539,0,4
278.985,7584369,1,1,96.1,0,0,3618,3079,-539,0,4
279.083,7584469,1,1,96.1,0,0,3618,3079,-539,0,4
279.184,7584569,1,1,96.1,0,0,3618,3079,-539,0,4
279.285,7584669,1,1,96.1,0,0,3618,3079,-539,0,4
279.383,7584769,1,1,96.1,0,0,3618,3079,-539,0,4
279.496,7584881,1,1,96.1,0,0,3618,3079,-539,0,4
279.585,7584969,1,1,96.1,0,0,3618,3079,-539,0,4
279.684,7585069,1,1,96.1,0,0,3618,3079,-539,0,4
279.784,7585169,1,1,96.1,0,0,3618,3079,-539,0,4
279.883,7585269,1,1,96.1,0,0,3618,3079,-539,0,4
279.983,7585369,1,1,96.1,0,0,3618,3079,-539,0,4
280.084,7585469,1,1,96.1,0,0,3618,3079,-539,0,4
280.183,7585569,1,1,96.1,0,0,3618,3079,-539,0,4
280.284,7585669,1,1,96.1,0,0,3618,3079,-539,0,4
280.383,7585769,1,1,96.1,0,0,3618,3079,-539,0,4
280.484,7585869,1,1,96.1,0,0,3618,3079,-539,0,4
280.584,7585969,1,1,96.1,0,0,3618,3079,-539,0,4
280.683,7586069,1,1,96.1,0,0,3618,3079,-539,0,4
280.784,7586169,1,1,96.1,0,0,3618,3079,-539,0,4
280.883,7586269,1,1,96.1,0,0,3618,3079,-539,0,4
280.985,7586369,1,1,96.1,0,0,3618,3079,-539,0,4
281.083,7586469,1,1,96.1,0,0,3618,3079,-539,0,4
281.184,7586569,1,1,96.1,0,0,3618,3079,-539,0,4
281.284,7586669,1,1,96.1,0,0,3618,3079,-539,0,4
281.384,7586769,1,1,96.1,0,0,3618,3079,-539,0,4
281.495,7586881,1,1,96.1,0,0,3618,3079,-539,0,4
281.584,7586969,1,1,96.1,0,0,3618,3079,-539,0,4
281.683,7587069,1,1,96.1,0,0,3618,3079,-539,0,4
281.784,7587169,1,1,96.1,0,0,3618,3079,-539,0,4
281.884,7587269,1,1,96.1,0,0,3618,3079,-539,0,4
281.983,7587369,1,1,96.1,0,0,3618,3079,-539,0,4
282.083,7587469,1,1,96.1,0,0,3618,3079,-539,0,4
282.183,7587569,1,1,96.1,0,0,3618,3079,-539,0,4
282.283,7587669,1,1,96.1,0,0,3618,3079,-539,0,4
282.383,7587769,1,1,96.1,0,0,3618,3079,-539,0,4
282.483,7587869,1,1,96.1,0,0,3618,3079,-539,0,4
282.585,7587969,1,1,96.1,0,0,3617,3079,-538,0,4
282.683,7588069,1,1,96.1,0,0,3617,3079,-538,0,4
282.783,7588169,1,1,96.1,0,0,3617,3079,-538,0,4
282.883,7588269,1,1,96.1,0,0,3617,3079,-538,0,4
282.983,7588369,1,1,96.1,0,0,3617,3079,-538,0,4
283.083,7588469,1,1,96.1,0,0,3617,3079,-538,0,4
283.183,7588569,1,1,96.1,0,0,3617,3079,-538,0,4
283.284,7588669,1,1,96.1,0,0,3617,3079,-538,0,4
283.384,7588769,1,1,96.1,0,0,3617,3079,-538,0,4
283.496,7588881,1,1,96.1,0,0,3617,3079,-538,0,4
283.584,7588969,1,1,96.1,0,0,3617,3079,-538,0,4
283.683,7589069,1,1,96.1,0,0,3617,3079,-538,0,4
283.784,7589169,1,1,96.1,0,0,3617,3079,-538,0,4
283.883,7589269,1,1,96.1,0,0,3617,3079,-538,0,4
283.984,7589369,1,1,96.1,0,0,3617,3079,-538,0,4
284.084,7589469,1,1,96.1,0,0,3617,3079,-538,0,4
284.183,7589569,1,1,96.1,0,0,3617,3079,-538,0,4
284.283,7589669,1,1,96.1,0,0,3617,3079,-538,0,4
284.383,7589769,1,1,96.1,0,0,3617,3079,-538,0,4
284.484,7589869,1,1,96.1,0,0,3617,3079,-538,0,4
284.583,7589969,1,1,96.1,0,0,3617,3079,-538,0,4
284.683,7590069,1,1,96.1,0,0,3617,3079,-538,0,4
284.783,7590169,1,1,96.1,0,0,3617,3079,-538,0,4
284.883,7590269,1,1,96.1,0,0,3617,3079,-538,0,4
284.984,7590369,1,1,96.1,0,0,3617,3079,-538,0,4
285.085,7590469,1,1,96.1,0,0,3617,3079,-538,0,4
285.183,7590569,1,1,96.1,0,0,3617,3079,-538,0,4
285.283,7590669,1,1,96.1,0,0,3617,3079,-538,0,4
285.383,7590769,1,1,96.1,0,0,3617,3079,-538,0,4
285.495,7590881,1,1,96.1,0,0,3617,3079,-538,0,4
285.583,7590969,1,1,96.1,0,0,3617,3079,-538,0,4
285.683,7591069,1,1,96.1,0,0,3617,3079,-538,0,4
285.783,7591169,1,1,96.1,0,0,3617,3079,-538,0,4
285.883,7591269,1,1,96.1,0,0,3617,3079,-538,0,4
285.984,7591369,1,1,96.1,0,0,3617,3079,-538,0,4
286.084,7591469,1,1,96.1,0,0,3617,3079,-538,0,4
286.183,7591569,1,1,96.1,0,0,3617,3079,-538,0,4
286.283,7591669,1,1,96.1,0,0,3617,3079,-538,0,4
286.383,7591769,1,1,96.1,0,0,3617,3079,-538,0,4
286.483,7591869,1,1,96.1,0,0,3617,3079,-538,0,4
286.583,7591969,1,1,96.1,0,0,3617,3079,-538,0,4
286.683,7592069,1,1,96.1,0,0,3617,3079,-538,0,4
286.783,7592169,1,1,96.1,0,0,3617,3079,-538,0,4
286.883,7592269,1,1,96.1,0,0,3617,3079,-538,0,4
286.983,7592369,1,1,96.1,0,0,3617,3079,-538,0,4
287.084,7592469,1,1,96.1,0,0,3617,3079,-538,0,4
287.183,7592569,1,1,96.1,0,0,3617,3079,-538,0,4
287.285,7592669,1,1,96.1,0,0,3617,3079,-538,0,4
287.383,7592769,1,1,96.1,0,0,3617,3079,-538,0,4
287.495,7592881,1,1,96.1,0,0,3617,3079,-538,0,4
287.583,7592969,1,1,96.1,0,0,3617,3079,-538,0,4
287.683,7593069,1,1,96.1,0,0,3617,3079,-538,0,4
287.783,7593169,1,1,96.1,0,0,3617,3079,-538,0,4
287.883,7593269,1,1,96.1,0,0,3617,3079,-538,0,4
287.983,7593369,1,1,96.1,0,0,3617,3079,-538,0,4
288.085,7593469,1,1,96.1,0,0,3617,3079,-538,0,4
288.185,7593569,1,1,96.1,0,0,3617,3079,-538,0,4
288.284,7593669,1,1,96.1,0,0,3617,3079,-538,0,4
288.383,7593769,1,1,96.1,0,0,3617,3079,-538,0,4
288.483,7593869,1,1,96.1,0,0,3617,3079,-538,0,4
288.583,7593969,1,1,96.1,0,0,3617,3079,-538,0,4
288.683,7594069,1,1,96.1,0,0,3617,3079,-538,0,4
288.782,7594169,1,1,96.1,0,0,3617,3079,-538,0,4
288.883,7594269,1,1,96.1,0,0,3617,3079,-538,0,4
288.983,7594369,1,1,96.1,0,0,3617,3079,-538,0,4
289.082,7594469,1,1,96.1,0,0,3617,3079,-538,0,4
289.183,7594569,1,1,96.1,0,0,3617,3079,-538,0,4
289.284,7594669,1,1,96.1,0,0,3617,3079,-538,0,4
289.383,7594769,1,1,96.1,0,0,3617,3079,-538,0,4
289.495,7594881,1,1,96.1,0,0,3617,3079,-538,0,4
289.583,7594969,1,1,96.1,0,0,3617,3079,-538,0,4
289.683,7595069,1,1,96.1,0,0,3617,3079,-538,0,4
289.783,7595169,1,1,96.1,0,0,3617,3079,-538,0,4
289.883,7595269,1,1,96.1,0,0,3617,3079,-538,0,4
289.982,7595369,1,1,96.1,0,0,3617,3079,-538,0,4
290.083,7595469,1,1,96.1,0,0,3617,3079,-538,0,4
290.183,7595569,1,1,96.1,0,0,3617,3079,-538,0,4
290.283,7595669,1,1,96.1,0,0,3617,3079,-538,0,4
290.383,7595769,1,1,96.1,0,0,3617,3079,-538,0,4
290.483,7595869,1,1,96.1,0,0,3617,3079,-538,0,4
290.583,7595969,1,1,96.1,0,0,3617,3079,-538,0,4
290.683,7596069,1,1,96.1,0,0,3617,3079,-538,0,4
290.783,7596169,1,1,96.1,0,0,3617,3079,-538,0,4
290.883,7596269,1,1,96.1,0,0,3617,3079,-538,0,4
290.983,7596369,1,1,96.1,0,0,3617,3079,-538,0,4
291.083,7596469,1,1,96.1,0,0,3617,3079,-538,0,4
291.183,7596569,1,1,96.1,0,0,3617,3079,-538,0,4
291.283,7596669,1,1,96.1,0,0,3617,3079,-538,0,4
291.383,7596769,1,1,96.1,0,0,3617,3079,-538,0,4
291.495,7596881,1,1,96.1,0,0,3617,3079,-538,0,4
291.584,7596969,1,1,96.1,0,0,3617,3079,-538,0,4
291.683,7597069,1,1,96.1,0,0,3617,3079,-538,0,4
291.784,7597169,1,1,96.1,0,0,3617,3079,-538,0,4
291.883,7597269,1,1,96.1,0,0,3617,3079,-538,0,4
291.983,7597369,1,1,96.1,0,0,3617,3079,-538,0,4
292.082,7597469,1,1,96.1,0,0,3617,3079,-538,0,4
292.182,7597569,1,1,96.1,0,0,3617,3079,-538,0,4
292.282,7597669,1,1,96.1,0,0,3617,3079,-538,0,4
292.382,7597769,1,1,96.1,0,0,3617,3079,-538,0,4
292.482,7597869,1,1,96.1,0,0,3617,3079,-538,0,4
292.582,7597969,1,1,96.1,0,0,3617,3079,-538,0,4
292.682,7598069,1,1,96.1,0,0,3617,3079,-538,0,4
292.782,7598169,1,1,96.1,0,0,3617,3079,-538,0,4
292.882,7598269,1,1,96.1,0,0,3617,3079,-538,0,4
292.982,7598369,1,1,96.1,0,0,3617,3079,-538,0,4
293.082,7598469,1,1,96.1,0,0,3617,3079,-538,0,4
293.183,7598569,1,1,96.1,0,0,3617,3079,-538,0,4
293.282,7598669,1,1,96.1,0,0,3617,3079,-538,0,4
293.382,7598769,1,1,96.1,0,0,3617,3079,-538,0,4
293.495,7598881,1,1,96.1,0,0,3617,3079,-538,0,4
293.582,7598969,1,1,96.1,0,0,3617,3079,-538,0,4
293.682,7599069,1,1,96.1,0,0,3617,3079,-538,0,4
293.782,7599169,1,1,96.1,0,0,3617,3079,-538,0,4
293.883,7599269,1,1,96.1,0,0,3617,3079,-538,0,4
293.983,7599369,1,1,96.1,0,0,3617,3079,-538,0,4
294.083,7599469,1,1,96.1,0,0,3617,3079,-538,0,4
294.182,7599569,1,1,96.1,0,0,3617,3079,-538,0,4
294.283,7599669,1,1,96.1,0,0,3617,3079,-538,0,4
294.383,7599769,1,1,96.1,0,0,3617,3079,-538,0,4
294.483,7599869,1,1,96.1,0,0,3617,3079,-538,0,4
294.583,7599969,1,1,96.1,0,0,3617,3079,-538,0,4
294.683,7600069,1,1,96.1,0,0,3617,3079,-538,0,4
294.783,7600169,1,1,96.1,0,0,3617,3079,-538,0,4
294.882,7600269,1,1,96.1,0,0,3617,3079,-538,0,4
294.982,7600369,1,1,96.1,0,0,3617,3079,-538,0,4
295.082,7600469,1,1,96.1,0,0,3617,3079,-538,0,4
295.182,7600569,1,1,96.1,0,0,3617,3079,-538,0,4
295.282,7600669,1,1,96.1,0,0,3617,3079,-538,0,4
295.382,7600769,1,1,96.1,0,0,3617,3079,-538,0,4
295.495,7600881,1,1,96.1,0,0,3617,3079,-538,0,4
295.582,7600969,1,1,96.1,0,0,3617,3079,-538,0,4
295.682,7601069,1,1,96.1,0,0,3617,3079,-538,0,4
295.782,7601169,1,1,96.1,0,0,3617,3079,-538,0,4
295.883,7601269,1,1,96.1,0,0,3617,3079,-538,0,4
295.983,7601369,1,1,96.1,0,0,3617,3079,-538,0,4
296.082,7601469,1,1,96.1,0,0,3617,3079,-538,0,4
296.183,7601569,1,1,96.1,0,0,3617,3079,-538,0,4
296.283,7601669,1,1,96.1,0,0,3617,3079,-538,0,4
296.382,7601769,1,1,96.1,0,0,3617,3079,-538,0,4
296.482,7601869,1,1,96.1,0,0,3617,3079,-538,0,4
296.582,7601969,1,1,96.1,0,0,3617,3079,-538,0,4
296.683,7602069,1,1,96.1,0,0,3617,3079,-538,0,4
296.783,7602169,1,1,96.1,0,0,3617,3079,-538,0,4
296.883,7602269,1,1,96.1,0,0,3617,3079,-538,0,4
296.982,7602369,1,1,96.1,0,0,3617,3079,-538,0,4
297.082,7602469,1,1,96.1,0,0,3617,3079,-538,0,4
297.182,7602569,1,1,96.1,0,0,3617,3079,-538,0,4
297.283,7602669,1,1,96.1,0,0,3617,3079,-538,0,4
297.382,7602769,1,1,96.1,0,0,3617,3079,-538,0,4
297.495,7602881,1,1,96.1,0,0,3617,3079,-538,0,4
297.582,7602969,1,1,96.1,0,0,3617,3079,-538,0,4
297.682,7603069,1,1,96.1,0,0,3617,3079,-538,0,4
297.782,7603169,1,1,96.1,0,0,3617,3079,-538,0,4
297.883,7603269,1,1,96.1,0,0,3617,3079,-538,0,4
297.982,7603369,1,1,96.1,0,0,3617,3079,-538,0,4
298.082,7603469,1,1,96.1,0,0,3617,3079,-538,0,4
298.182,7603569,1,1,96.1,0,0,3617,3079,-538,0,4
298.282,7603669,1,1,96.1,0,0,3617,3079,-538,0,4
298.382,7603769,1,1,96.1,0,0,3617,3079,-538,0,4
298.482,7603869,1,1,96.1,0,0,3617,3079,-538,0,4
298.582,7603969,1,1,96.1,0,0,3617,3079,-538,0,4
298.682,7604069,1,1,96.1,0,0,3617,3079,-538,0,4
298.782,7604169,1,1,96.1,0,0,3617,3079,-538,0,4
298.882,7604269,1,1,96.1,0,0,3617,3079,-538,0,4
298.982,7604369,1,1,96.1,0,0,3617,3079,-538,0,4
299.082,7604469,1,1,96.1,0,0,3617,3079,-538,0,4
299.182,7604569,1,1,96.1,0,0,3617,3079,-538,0,4
299.282,7604669,1,1,96.1,0,0,3617,3079,-538,0,4
299.382,7604769,1,1,96.1,0,0,3617,3079,-538,0,4
299.498,7604881,1,1,96.1,0,0,3617,3079,-538,0,4
299.582,7604969,1,1,96.1,0,0,3617,3079,-538,0,4
299.682,7605069,1,1,96.1,0,0,3617,3079,-538,0,4
299.782,7605169,1,1,96.1,0,0,3617,3079,-538,0,4
299.882,7605269,1,1,96.1,0,0,3617,3079,-538,0,4
299.982,7605369,1,1,96.1,0,0,3617,3079,-538,0,4
300.082,7605469,1,1,96.1,0,0,3617,3079,-538,0,4
300.182,7605569,1,1,96.1,0,0,3617,3079,-538,0,4
300.282,7605669,1,1,96.1,0,0,3617,3079,-538,0,4
300.382,7605769,1,1,96.1,0,0,3617,3079,-538,0,4
300.482,7605869,1,1,96.1,0,0,3617,3079,-538,0,4
300.582,7605969,1,1,96.1,0,0,3617,3079,-538,0,4
300.682,7606069,1,1,96.1,0,0,3617,3079,-538,0,4
300.782,7606169,1,1,96.1,0,0,3617,3079,-538,0,4
300.883,7606269,1,1,96.1,0,0,3617,3079,-538,0,4
300.983,7606369,1,1,96.1,0,0,3617,3079,-538,0,4
301.082,7606469,1,1,96.1,0,0,3617,3079,-538,0,4
301.187,7606569,1,1,96.1,0,0,3617,3079,-538,0,4
301.282,7606669,1,1,96.1,0,0,3617,3079,-538,0,4
301.382,7606769,1,1,96.1,0,0,3617,3079,-538,0,4
301.495,7606881,1,1,96.1,0,0,3617,3079,-538,0,4
301.582,7606969,1,1,96.1,0,0,3617,3079,-538,0,4
301.682,7607069,1,1,96.1,0,0,3617,3079,-538,0,4
301.783,7607169,1,1,96.1,0,0,3617,3079,-538,0,4
301.882,7607269,1,1,96.1,0,0,3617,3079,-538,0,4
301.982,7607369,1,1,96.1,0,0,3617,3079,-538,0,4
302.082,7607469,1,1,96.1,0,0,3617,3079,-538,0,4
302.182,7607569,1,1,96.1,0,0,3617,3079,-538,0,4
302.282,7607669,1,1,96.1,0,0,3617,3079,-538,0,4
302.382,7607769,1,1,96.1,0,0,3617,3079,-538,0,4
302.482,7607869,1,1,96.1,0,0,3617,3079,-538,0,4
302.582,7607969,1,1,96.1,0,0,3617,3079,-538,0,4
302.684,7608069,1,1,96.1,0,0,3617,3079,-538,0,4
302.782,7608169,1,1,96.1,0,0,3617,3079,-538,0,4
302.882,7608269,1,1,96.1,0,0,3617,3079,-538,0,4
302.982,7608369,1,1,96.1,0,0,3617,3079,-538,0,4
303.082,7608469,1,1,96.1,0,0,3617,3079,-538,0,4
303.182,7608569,1,1,96.1,0,0,3617,3079,-538,0,4
303.282,7608669,1,1,96.1,0,0,3617,3079,-538,0,4
303.382,7608769,1,1,96.1,0,0,3617,3079,-538,0,4
303.494,7608881,1,1,96.1,0,0,3617,3079,-538,0,4
303.582,7608969,1,1,96.1,0,0,3617,3079,-538,0,4
303.682,7609069,1,1,96.1,0,0,3617,3079,-538,0,4
303.784,7609169,1,1,96.1,0,0,3616,3079,-537,0,4
303.882,7609269,1,1,96.0,0,0,3616,3079,-537,0,4
303.982,7609369,1,1,96.0,0,0,3616,3079,-537,0,4
304.082,7609469,1,1,96.0,0,0,3616,3079,-537,0,4
304.182,7609569,1,1,96.0,0,0,3616,3079,-537,0,4
304.282,7609669,1,1,96.0,0,0,3616,3079,-537,0,4
304.382,7609769,1,1,96.0,0,0,3616,3079,-537,0,4
304.482,7609869,1,1,96.0,0,0,3616,3079,-537,0,4
304.582,7609969,1,1,96.0,0,0,3616,3079,-537,0,4
304.682,7610069,1,1,96.0,0,0,3616,3079,-537,0,4
304.782,7610169,1,1,96.0,0,0,3616,3079,-537,0,4
304.882,7610269,1,1,96.0,0,0,3616,3079,-537,0,4
304.982,7610369,1,1,96.0,0,0,3616,3079,-537,0,4
305.082,7610469,1,1,96.0,0,0,3616,3079,-537,0,4
305.182,7610569,1,1,96.0,0,0,3616,3079,-537,0,4
305.282,7610669,1,1,96.0,0,0,3616,3079,-537,0,4
305.382,7610769,1,1,96.0,0,0,3616,3079,-537,0,4
305.494,7610881,1,1,96.0,0,0,3616,3079,-537,0,4
305.582,7610969,1,1,96.0,0,0,3616,3079,-537,0,4
305.682,7611069,1,1,96.0,0,0,3616,3079,-537,0,4
305.782,7611169,1,1,96.0,0,0,3616,3079,-537,0,4
305.882,7611269,1,1,96.0,0,0,3616,3079,-537,0,4
305.982,7611369,1,1,96.0,0,0,3616,3079,-537,0,4
306.082,7611469,1,1,96.0,0,0,3616,3079,-537,0,4
306.182,7611569,1,1,96.0,0,0,3616,3079,-537,0,4
306.282,7611669,1,1,96.0,0,0,3616,3079,-537,0,4
306.382,7611769,1,1,96.0,0,0,3616,3079,-537,0,4
306.481,7611869,1,1,96.0,0,0,3616,3079,-537,0,4
306.582,7611969,1,1,96.0,0,0,3616,3079,-537,0,4
306.682,7612069,1,1,96.0,0,0,3616,3079,-537,0,4
306.794,7612181,0,1,0.0,0,0,3616,3616,0,0,0
306.882,7612269,0,1,0.0,0,0,3616,3616,0,0,0
306.981,7612369,0,1,0.0,0,0,3616,3616,0,0,0
307.081,7612469,0,1,0.0,0,0,3616,3616,0,0,0
307.181,7612569,0,1,0.0,0,0,3616,3616,0,0,0
307.281,7612669,0,1,0.0,0,0,3616,3616,0,0,0
307.381,7612769,0,1,0.0,0,0,3616,3616,0,0,0
307.482,7612869,0,1,0.0,0,0,3616,3616,0,0,0
307.582,7612969,0,1,0.0,0,0,3616,3616,0,0,0
307.682,7613069,0,1,0.0,0,0,3616,3616,0,0,0
307.781,7613169,0,1,0.0,0,0,3616,3616,0,0,0
307.881,7613269,0,1,0.0,0,0,3616,3616,0,0,0
307.981,7613369,0,1,0.0,0,0,3616,3616,0,0,0
308.081,7613469,0,1,0.0,0,0,3616,3616,0,0,0
308.181,7613569,0,1,0.0,0,0,3616,3616,0,0,0
308.281,7613669,0,1,0.0,0,0,3616,3616,0,0,0
308.381,7613769,0,1,0.0,0,0,3616,3616,0,0,0
308.481,7613869,0,1,0.0,0,0,3616,3616,0,0,0
308.581,7613969,0,1,0.0,0,0,3616,3616,0,0,0
308.681,7614069,0,1,0.0,0,0,3616,3616,0,0,0
308.793,7614181,0,1,0.0,0,0,3616,3616,0,0,0
308.881,7614269,0,1,0.0,0,0,3616,3616,0,0,0
308.981,7614369,0,1,0.0,0,0,3616,3616,0,0,0
309.081,7614469,0,1,0.0,0,0,3616,3616,0,0,0
309.182,7614569,0,1,0.0,0,0,3616,3616,0,0,0
309.281,7614669,0,1,0.0,0,0,3616,3616,0,0,0
309.381,7614769,0,1,0.0,0,0,3616,3616,0,0,0
309.481,7614869,0,1,0.0,0,0,3616,3616,0,0,0
309.581,7614969,0,1,0.0,0,0,3616,3616,0,0,0
309.681,7615069,0,1,0.0,0,0,3616,3616,0,0,0
309.781,7615169,0,1,0.0,0,0,3616,3616,0,0,0
309.881,7615269,0,1,0.0,0,0,3616,3616,0,0,0
309.981,7615369,0,1,0.0,0,0,3616,3616,0,0,0
310.081,7615469,0,1,0.0,0,0,3616,3616,0,0,0
310.181,7615569,0,1,0.0,0,0,3616,3616,0,0,0
310.282,7615669,0,1,0.0,0,0,3616,3616,0,0,0
310.384,7615769,0,1,0.0,0,0,3616,3616,0,0,0
310.482,7615869,0,1,0.0,0,0,3616,3616,0,0,0
310.581,7615969,0,1,0.0,0,0,3616,3616,0,0,0
310.681,7616069,0,1,0.0,0,0,3616,3616,0,0,0
310.793,7616181,0,1,0.0,0,0,3616,3616,0,0,0
310.881,7616269,0,1,0.0,0,0,3616,3616,0,0,0
310.981,7616369,0,1,0.0,0,0,3616,3616,0,0,0
311.091,7616469,0,1,0.0,0,0,3616,3616,0,0,0
311.182,7616569,0,1,0.0,0,0,3616,3616,0,0,0
311.281,7616669,0,1,0.0,0,0,3616,3616,0,0,0
311.381,7616769,0,1,0.0,0,0,3616,3616,0,0,0
311.482,7616869,0,1,0.0,0,0,3616,3616,0,0,0
311.582,7616969,0,1,0.0,0,0,3616,3616,0,0,0
311.681,7617069,0,1,0.0,0,0,3616,3616,0,0,0
311.781,7617169,0,1,0.0,0,0,3616,3616,0,0,0
311.883,7617269,0,1,0.0,0,0,3616,3616,0,0,0
311.982,7617369,0,1,0.0,0,0,3616,3616,0,0,0
312.081,7617469,0,1,0.0,0,0,3616,3616,0,0,0
312.181,7617569,0,1,0.0,0,0,3616,3616,0,0,0
312.281,7617669,0,1,0.0,0,0,3616,3616,0,0,0
312.381,7617769,0,1,0.0,0,0,3616,3616,0,0,0
312.481,7617869,0,1,0.0,0,0,3616,3616,0,0,0
312.581,7617969,0,1,0.0,0,0,3616,3616,0,0,0
312.688,7618069,0,1,0.0,0,0,3616,3616,0,0,0
312.794,7618181,0,1,0.0,0,0,3616,3616,0,0,0
312.881,7618269,0,1,0.0,0,0,3616,3616,0,0,0
312.981,7618369,0,1,0.0,0,0,3616,3616,0,0,0
313.081,7618469,0,1,0.0,0,0,3616,3616,0,0,0
313.181,7618569,0,1,0.0,0,0,3616,3616,0,0,0
313.281,7618669,0,1,0.0,0,0,3616,3616,0,0,0
313.381,7618769,0,1,0.0,0,0,3616,3616,0,0,0
313.482,7618869,0,1,0.0,0,0,3616,3616,0,0,0
313.582,7618969,0,1,0.0,0,0,3616,3616,0,0,0
313.681,7619069,0,1,0.0,0,0,3616,3616,0,0,0
313.781,7619169,0,1,0.0,0,0,3616,3616,0,0,0
313.881,7619269,0,1,0.0,0,0,3616,3616,0,0,0
313.981,7619369,0,1,0.0,0,0,3616,3616,0,0,0
314.081,7619469,0,1,0.0,0,0,3616,3616,0,0,0
314.181,7619569,0,1,0.0,0,0,3616,3616,0,0,0
314.281,7619669,0,1,0.0,0,0,3616,3616,0,0,0
314.381,7619769,0,1,0.0,0,0,3616,3616,0,0,0
314.481,7619869,0,1,0.0,0,0,3616,3616,0,0,0
314.581,7619969,0,1,0.0,0,0,3616,3616,0,0,0
314.682,7620069,0,1,0.0,0,0,3616,3616,0,0,0
314.792,7620181,0,1,0.0,0,0,3616,3616,0,0,0
314.881,7620269,0,1,0.0,0,0,3616,3616,0,0,0
314.981,7620369,0,1,0.0,0,0,3616,3616,0,0,0
315.081,7620469,0,1,0.0,0,0,3616,3616,0,0,0
315.181,7620569,0,1,0.0,0,0,3616,3616,0,0,0
315.281,7620669,0,1,0.0,0,0,3616,3616,0,0,0
315.381,7620769,0,1,0.0,0,0,3616,3616,0,0,0
315.493,7620881,1,1,0.0,0,0,3616,3616,0,0,0
315.581,7620969,1,1,0.0,0,0,3616,3616,0,0,0
315.682,7621069,1,1,0.0,0,0,3616,3616,0,0,0
315.781,7621169,1,1,0.0,0,0,3616,3616,0,0,0
315.881,7621269,1,1,0.0,0,0,3616,3616,0,0,0
315.981,7621369,1,1,0.0,0,0,3616,3616,0,0,0
316.081,7621469,1,1,0.0,0,0,3616,3616,0,0,0
316.181,7621569,1,1,0.0,0,0,3616,3616,0,0,0
316.293,7621681,2,1,0.0,0,0,3617,4284,667,-70,1
316.381,7621769,2,1,1.0,0,0,3654,4284,630,-70,1
316.482,7621869,2,1,2.9,0,0,3719,4284,565,-70,1
316.581,7621969,2,1,5.2,0,0,3796,4284,488,-70,1
316.681,7622069,2,1,7.7,0,0,3883,4284,401,-70,1
316.782,7622169,2,1,10.5,0,0,3974,4284,310,-70,1
316.881,7622269,2,1,13.3,0,0,4070,4284,214,-70,1
316.981,7622369,2,1,16.2,0,0,4166,4284,118,-70,1
317.081,7622469,2,1,19.0,0,0,4260,4284,24,-70,1
317.188,7622569,2,1,21.5,0,0,4341,4284,-57,0,1
317.293,7622681,2,1,22.9,0,0,4385,4284,-101,0,1
317.382,7622769,2,1,23.4,0,0,4400,4284,-116,0,1
317.481,7622869,2,1,23.4,0,0,4400,4284,-116,0,1
317.581,7622969,2,1,23.4,0,0,4400,4284,-116,0,1
317.681,7623069,2,1,23.4,0,0,4400,4284,-116,0,1
317.793,7623181,3,1,23.4,0,0,4400,4284,-116,0,1
317.881,7623269,3,1,23.4,0,0,4400,4284,-116,0,1
317.981,7623369,3,1,23.4,0,0,4400,4284,-116,0,1
318.082,7623469,3,1,23.4,0,0,4400,4284,-116,0,1
318.181,7623569,3,1,23.4,0,0,4400,4284,-116,0,1
318.281,7623669,3,1,23.4,0,0,4400,4284,-116,0,1
318.381,7623769,3,1,23.4,0,0,4400,4284,-116,0,1
318.481,7623869,3,1,23.4,0,0,4400,4284,-116,0,1
318.581,7623969,3,1,23.4,0,0,4400,4284,-116,0,1
318.681,7624069,3,1,23.4,0,0,4400,4284,-116,0,1
318.781,7624169,3,1,23.4,0,0,4400,4284,-116,0,1
318.881,7624269,3,1,23.4,0,0,4400,4284,-116,0,1
318.981,7624369,3,1,23.4,0,0,4400,4284,-116,0,1
319.081,7624469,3,1,23.4,0,0,4400,4284,-116,0,1
319.181,7624569,3,1,23.4,0,0,4400,4284,-116,0,1
319.281,7624669,3,1,23.4,0,0,4400,4284,-116,0,1
319.381,7624769,3,1,23.4,0,0,4400,4284,-116,0,1
319.481,7624869,3,1,23.4,0,0,4400,4284,-116,0,1
319.582,7624969,3,1,23.4,0,0,4400,4284,-116,0,1
319.681,7625069,3,1,23.4,0,0,4400,4284,-116,0,1
319.794,7625181,3,1,23.4,0,0,4400,4284,-116,0,1
319.881,7625269,3,1,23.4,0,0,4400,4284,-116,0,1
319.981,7625369,3,1,23.4,0,0,4400,4284,-116,0,1
320.081,7625469,3,1,23.4,0,0,4400,4284,-116,0,1
320.181,7625569,3,1,23.4,0,0,4400,4284,-116,0,1
320.281,7625669,3,1,23.4,0,0,4400,4284,-116,0,1
320.381,7625769,3,1,23.4,0,0,4400,4284,-116,0,1
320.481,7625869,3,1,23.4,0,0,4400,4284,-116,0,1
320.581,7625969,3,1,23.4,0,0,4400,4284,-116,0,1
320.682,7626069,3,1,23.4,0,0,4400,4284,-116,0,1
320.782,7626169,3,1,23.4,0,0,4400,4284,-116,0,1
320.881,7626269,3,1,23.4,0,0,4400,4284,-116,0,1
320.981,7626369,3,1,23.4,0,0,4400,4284,-116,0,1
321.081,7626469,3,1,23.4,0,0,4400,4284,-116,0,1
321.181,7626569,3,1,23.4,0,0,4400,4284,-116,0,1
321.281,7626669,3,1,23.4,0,0,4400,4284,-116,0,1
321.381,7626769,3,1,23.4,0,0,4400,4284,-116,0,1
321.481,7626869,3,1,23.4,0,0,4400,4284,-116,0,1
321.581,7626969,3,1,23.4,0,0,4400,4284,-116,0,1
321.681,7627069,3,1,23.4,0,0,4400,4284,-116,0,1
321.793,7627181,3,1,23.4,0,0,4400,4284,-116,0,1
321.882,7627269,3,1,23.4,0,0,4400,4284,-116,0,1
321.981,7627369,3,1,23.4,0,0,4400,4284,-116,0,1
322.081,7627469,3,1,23.4,0,0,4400,4284,-116,0,1
322.181,7627569,3,1,23.4,0,0,4400,4284,-116,0,1
322.281,7627669,3,1,23.4,0,0,4400,4284,-116,0,1
322.394,7627781,2,1,23.4,0,0,4401,4952,551,-70,2
322.482,7627869,2,1,24.3,0,0,4433,4952,519,-70,2
322.581,7627969,2,1,25.9,0,0,4489,4952,463,-70,2
322.681,7628069,2,1,28.1,0,0,4563,4952,389,-70,2
322.781,7628169,2,1,30.7,0,0,4650,4952,302,-70,2
322.881,7628269,2,1,33.5,0,0,4745,4952,207,-70,2
322.981,7628369,2,1,36.6,0,0,4847,4952,105,-70,2
323.081,7628469,2,1,39.8,0,0,4955,4952,-3,-70,2
323.181,7628569,2,1,42.7,0,0,5050,4952,-98,0,2
323.281,7628669,2,1,44.9,0,0,5122,4952,-170,0,2
323.402,7628781,2,1,46.7,0,0,5181,4952,-229,0,2
323.481,7628869,2,1,48.2,0,0,5229,4952,-277,0,2
323.581,7628969,2,1,49.3,0,0,5266,4952,-314,0,2
323.681,7629069,2,1,50.1,0,0,5293,4952,-341,0,2
323.781,7629169,2,1,50.7,0,0,5311,4952,-359,0,2
323.881,7629269,2,1,51.0,0,0,5320,4952,-368,0,2
323.982,7629369,2,1,51.0,0,0,5322,4952,-370,0,2
324.081,7629469,2,1,51.0,0,0,5322,4952,-370,0,2
324.180,7629569,2,1,51.0,0,0,5322,4952,-370,0,2
324.293,7629681,3,1,51.0,0,0,5322,4952,-370,0,2
324.381,7629769,3,1,51.0,0,0,5322,4952,-370,0,2
324.480,7629869,3,1,51.0,0,0,5322,4952,-370,0,2
324.580,7629969,3,1,51.0,0,0,5322,4952,-370,0,2
324.682,7630069,3,1,51.0,0,0,5322,4952,-370,0,2
324.780,7630169,3,1,51.0,0,0,5322,4952,-370,0,2
324.880,7630269,3,1,51.0,0,0,5322,4952,-370,0,2
324.980,7630369,3,1,51.0,0,0,5322,4952,-370,0,2
325.081,7630469,3,1,51.0,0,0,5322,4952,-370,0,2
325.181,7630569,3,1,51.0,0,0,5322,4952,-370,0,2
325.283,7630669,3,1,51.0,0,0,5322,4952,-370,0,2
325.380,7630769,3,1,51.0,0,0,5322,4952,-370,0,2
325.480,7630869,3,1,51.0,0,0,5322,4952,-370,0,2
325.580,7630969,3,1,51.0,0,0,5322,4952,-370,0,2
325.681,7631069,3,1,51.0,0,0,5322,4952,-370,0,2
325.782,7631169,3,1,51.0,0,0,5322,4952,-370,0,2
325.880,7631269,3,1,51.0,0,0,5322,4952,-370,0,2
325.981,7631369,3,1,51.0,0,0,5322,4952,-370,0,2
326.080,7631469,3,1,51.0,0,0,5322,4952,-370,0,2
326.181,7631569,3,1,51.0,0,0,5322,4952,-370,0,2
326.293,7631681,3,1,51.0,0,0,5322,4952,-370,0,2
326.381,7631769,3,1,51.0,0,0,5322,4952,-370,0,2
326.481,7631869,3,1,51.0,0,0,5322,4952,-370,0,2
326.581,7631969,3,1,51.0,0,0,5322,4952,-370,0,2
326.681,7632069,3,1,51.0,0,0,5322,4952,-370,0,2
326.781,7632169,3,1,51.0,0,0,5322,4952,-370,0,2
326.881,7632269,3,1,51.0,0,0,5322,4952,-370,0,2
326.980,7632369,3,1,51.0,0,0,5322,4952,-370,0,2
327.080,7632469,3,1,51.0,0,0,5322,4952,-370,0,2
327.180,7632569,3,1,51.0,0,0,5322,4952,-370,0,2
327.280,7632669,3,1,51.0,0,0,5322,4952,-370,0,2
327.380,7632769,3,1,51.0,0,0,5322,4952,-370,0,2
327.481,7632869,3,1,51.0,0,0,5322,4952,-370,0,2
327.581,7632969,3,1,51.0,0,0,5322,4952,-370,0,2
327.680,7633069,3,1,51.0,0,0,5322,4952,-370,0,2
327.780,7633169,3,1,51.0,0,0,5322,4952,-370,0,2
327.880,7633269,3,1,51.0,0,0,5322,4952,-370,0,2
327.980,7633369,3,1,51.0,0,0,5322,4952,-370,0,2
328.080,7633469,3,1,51.0,0,0,5322,4952,-370,0,2
328.180,7633569,3,1,51.0,0,0,5321,4952,-369,0,2
328.293,7633681,3,1,51.0,0,0,5321,4952,-369,0,2
328.380,7633769,3,1,51.0,0,0,5321,4952,-369,0,2
328.480,7633869,3,1,51.0,0,0,5321,4952,-369,0,2
328.580,7633969,3,1,51.0,0,0,5321,4952,-369,0,2
328.680,7634069,3,1,51.0,0,0,5321,4952,-369,0,2
328.782,7634169,3,1,51.0,0,0,5321,4952,-369,0,2
328.880,7634269,3,1,51.0,0,0,5321,4952,-369,0,2
328.980,7634369,3,1,51.0,0,0,5321,4952,-369,0,2
329.080,7634469,3,1,51.0,0,0,5321,4952,-369,0,2
329.180,7634569,3,1,51.0,0,0,5321,4952,-369,0,2
329.280,7634669,3,1,51.0,0,0,5321,4952,-369,0,2
329.380,7634769,3,1,51.0,0,0,5321,4952,-369,0,2
329.480,7634869,3,1,51.0,0,0,5321,4952,-369,0,2
329.580,7634969,3,1,51.0,0,0,5321,4952,-369,0,2
329.680,7635069,3,1,51.0,0,0,5321,4952,-369,0,2
329.780,7635169,3,1,51.0,0,0,5321,4952,-369,0,2
329.881,7635269,3,1,51.0,0,0,5321,4952,-369,0,2
329.980,7635369,3,1,51.0,0,0,5321,4952,-369,0,2
330.080,7635469,3,1,51.0,0,0,5321,4952,-369,0,2
330.180,7635569,3,1,51.0,0,0,5321,4952,-369,0,2
330.293,7635681,3,1,51.0,0,0,5321,4952,-369,0,2
330.380,7635769,3,1,51.0,0,0,5321,4952,-369,0,2
330.480,7635869,3,1,51.0,0,0,5321,4952,-369,0,2
330.581,7635969,3,1,51.0,0,0,5321,4952,-369,0,2
330.680,7636069,3,1,51.0,0,0,5321,4952,-369,0,2
330.780,7636169,3,1,51.0,0,0,5321,4952,-369,0,2
330.880,7636269,3,1,51.0,0,0,5321,4952,-369,0,2
330.980,7636369,3,1,51.0,0,0,5321,4952,-369,0,2
331.081,7636469,3,1,51.0,0,0,5321,4952,-369,0,2
331.180,7636569,3,1,51.0,0,0,5321,4952,-369,0,2
331.280,7636669,3,1,51.0,0,0,5321,4952,-369,0,2
331.380,7636769,3,1,51.0,0,0,5321,4952,-369,0,2
331.480,7636869,3,1,51.0,0,0,5321,4952,-369,0,2
331.580,7636969,3,1,51.0,0,0,5321,4952,-369,0,2
331.680,7637069,3,1,51.0,0,0,5321,4952,-369,0,2
331.782,7637169,3,1,51.0,0,0,5321,4952,-369,0,2
331.883,7637269,3,1,51.0,0,0,5321,4952,-369,0,2
331.980,7637369,3,1,51.0,0,0,5321,4952,-369,0,2
332.080,7637469,3,1,51.0,0,0,5321,4952,-369,0,2
332.180,7637569,3,1,51.0,0,0,5321,4952,-369,0,2
332.293,7637681,2,1,51.0,0,0,5321,5619,298,-70,3
332.380,7637769,2,1,52.0,0,0,5360,5619,259,-70,3
332.480,7637869,2,1,54.2,0,0,5435,5619,184,-70,3
332.580,7637969,2,1,57.1,0,0,5532,5619,87,-70,3
332.680,7638069,2,1,60.6,0,0,5649,5619,-30,0,3
332.780,7638169,2,1,64.0,0,0,5761,5619,-142,0,3
332.880,7638269,2,1,66.9,0,0,5859,5619,-240,0,3
332.981,7638369,2,1,69.5,0,0,5944,5619,-325,0,3
333.081,7638469,2,1,71.7,0,0,6018,5619,-399,0,3
333.180,7638569,2,1,73.7,0,0,6081,5619,-462,0,3
333.292,7638681,2,1,75.2,0,0,6134,5619,-515,0,3
333.380,7638769,2,1,76.5,0,0,6176,5619,-557,0,3
333.480,7638869,2,1,77.6,0,0,6209,5619,-590,0,3
333.581,7638969,2,1,78.3,0,0,6232,5619,-613,0,3
333.680,7639069,2,1,78.7,0,0,6247,5619,-628,0,3
333.780,7639169,2,1,78.9,0,0,6254,5619,-635,0,3
333.880,7639269,2,1,78.9,0,0,6253,5619,-634,0,3
333.980,7639369,2,1,78.9,0,0,6253,5619,-634,0,3
334.080,7639469,2,1,78.9,0,0,6253,5619,-634,0,3
334.192,7639581,3,1,78.9,0,0,6253,5619,-634,0,3
334.280,7639669,3,1,78.9,0,0,6253,5619,-634,0,3
334.380,7639769,3,1,78.9,0,0,6253,5619,-634,0,3
334.480,7639869,3,1,78.9,0,0,6253,5619,-634,0,3
334.580,7639969,3,1,78.9,0,0,6253,5619,-634,0,3
334.680,7640069,3,1,78.9,0,0,6253,5619,-634,0,3
334.780,7640169,3,1,78.9,0,0,6253,5619,-634,0,3
334.880,7640269,3,1,78.9,0,0,6253,5619,-634,0,3
334.980,7640369,3,1,78.9,0,0,6253,5619,-634,0,3
335.082,7640469,3,1,78.9,0,0,6253,5619,-634,0,3
335.180,7640569,3,1,78.9,0,0,6253,5619,-634,0,3
335.283,7640669,3,1,78.9,0,0,6253,5619,-634,0,3
335.380,7640769,3,1,78.9,0,0,6253,5619,-634,0,3
335.480,7640869,3,1,78.9,0,0,6253,5619,-634,0,3
335.580,7640969,3,1,78.9,0,0,6253,5619,-634,0,3
335.680,7641069,3,1,78.9,0,0,6253,5619,-634,0,3
335.780,7641169,3,1,78.9,0,0,6253,5619,-634,0,3
335.880,7641269,3,1,78.9,0,0,6253,5619,-634,0,3
335.980,7641369,3,1,78.9,0,0,6253,5619,-634,0,3
336.080,7641469,3,1,78.9,0,0,6253,5619,-634,0,3
336.193,7641581,3,1,78.9,0,0,6253,5619,-634,0,3
336.280,7641669,3,1,78.9,0,0,6253,5619,-634,0,3
336.380,7641769,3,1,78.9,0,0,6253,5619,-634,0,3
336.480,7641869,3,1,78.9,0,0,6253,5619,-634,0,3
336.580,7641969,3,1,78.9,0,0,6253,5619,-634,0,3
336.680,7642069,3,1,78.9,0,0,6253,5619,-634,0,3
336.780,7642169,3,1,78.9,0,0,6253,5619,-634,0,3
336.880,7642269,3,1,78.9,0,0,6253,5619,-634,0,3
336.980,7642369,3,1,78.9,0,0,6253,5619,-634,0,3
337.080,7642469,3,1,78.9,0,0,6253,5619,-634,0,3
337.180,7642569,3,1,78.9,0,0,6253,5619,-634,0,3
337.280,7642669,3,1,78.9,0,0,6253,5619,-634,0,3
337.379,7642769,3,1,78.9,0,0,6253,5619,-634,0,3
337.480,7642869,3,1,78.9,0,0,6253,5619,-634,0,3
337.580,7642969,3,1,78.9,0,0,6253,5619,-634,0,3
337.681,7643069,3,1,78.9,0,0,6253,5619,-634,0,3
337.780,7643169,3,1,78.9,0,0,6253,5619,-634,0,3
337.880,7643269,3,1,78.9,0,0,6253,5619,-634,0,3
337.980,7643369,3,1,78.9,0,0,6253,5619,-634,0,3
338.082,7643469,3,1,78.9,0,0,6253,5619,-634,0,3
338.192,7643581,3,1,78.9,0,0,6253,5619,-634,0,3
338.280,7643669,3,1,78.9,0,0,6253,5619,-634,0,3
338.380,7643769,3,1,78.9,0,0,6253,5619,-634,0,3
338.480,7643869,3,1,78.9,0,0,6253,5619,-634,0,3
338.580,7643969,3,1,78.9,0,0,6253,5619,-634,0,3
338.680,7644069,3,1,78.9,0,0,6253,5619,-634,0,3
338.780,7644169,3,1,78.9,0,0,6253,5619,-634,0,3
338.880,7644269,3,1,78.9,0,0,6253,5619,-634,0,3
338.980,7644369,3,1,78.9,0,0,6253,5619,-634,0,3
339.080,7644469,3,1,78.9,0,0,6253,5619,-634,0,3
339.179,7644569,3,1,78.9,0,0,6253,5619,-634,0,3
339.281,7644669,3,1,78.9,0,0,6253,5619,-634,0,3
339.380,7644769,3,1,78.9,0,0,6253,5619,-634,0,3
339.480,7644869,3,1,78.9,0,0,6253,5619,-634,0,3
339.580,7644969,3,1,78.9,0,0,6253,5619,-634,0,3
339.680,7645069,3,1,78.9,0,0,6253,5619,-634,0,3
339.780,7645169,3,1,78.9,0,0,6253,5619,-634,0,3
339.880,7645269,3,1,78.9,0,0,6253,5619,-634,0,3
339.980,7645369,3,1,78.9,0,0,6253,5619,-634,0,3
340.079,7645469,3,1,78.9,0,0,6253,5619,-634,0,3
340.193,7645581,3,1,78.9,0,0,6253,5619,-634,0,3
340.280,7645669,3,1,78.9,0,0,6253,5619,-634,0,3
340.379,7645769,3,1,78.9,0,0,6253,5619,-634,0,3
340.479,7645869,3,1,78.9,0,0,6253,5619,-634,0,3
340.584,7645969,3,1,78.9,0,0,6253,5619,-634,0,3
340.680,7646069,3,1,78.9,0,0,6253,5619,-634,0,3
340.780,7646169,3,1,78.9,0,0,6253,5619,-634,0,3
340.880,7646269,3,1,78.9,0,0,6253,5619,-634,0,3
340.980,7646369,3,1,78.9,0,0,6253,5619,-634,0,3
341.079,7646469,3,1,78.9,0,0,6253,5619,-634,0,3
341.180,7646569,3,1,78.9,0,0,6253,5619,-634,0,3
341.279,7646669,3,1,78.9,0,0,6253,5619,-634,0,3
341.379,7646769,3,1,78.9,0,0,6253,5619,-634,0,3
341.480,7646869,3,1,78.9,0,0,6253,5619,-634,0,3
341.580,7646969,3,1,78.9,0,0,6253,5619,-634,0,3
341.680,7647069,3,1,78.9,0,0,6253,5619,-634,0,3
341.780,7647169,3,1,78.9,0,0,6253,5619,-634,0,3
341.880,7647269,3,1,78.9,0,0,6253,5619,-634,0,3
341.980,7647369,3,1,78.9,0,0,6253,5619,-634,0,3
342.080,7647469,3,1,78.9,0,0,6253,5619,-634,0,3
342.193,7647581,3,1,78.9,0,0,6253,5619,-634,0,3
342.279,7647669,3,1,78.9,0,0,6253,5619,-634,0,3
342.379,7647769,3,1,78.9,0,0,6253,5619,-634,0,3
342.480,7647869,3,1,78.9,0,0,6253,5619,-634,0,3
342.580,7647969,3,1,78.9,0,0,6253,5619,-634,0,3
342.680,7648069,3,1,78.9,0,0,6253,5619,-634,0,3
342.780,7648169,3,1,78.9,0,0,6253,5619,-634,0,3
342.880,7648269,3,1,78.9,0,0,6253,5619,-634,0,3
342.980,7648369,3,1,78.9,0,0,6253,5619,-634,0,3
343.079,7648469,3,1,78.9,0,0,6253,5619,-634,0,3
343.179,7648569,3,1,78.9,0,0,6253,5619,-634,0,3
343.279,7648669,3,1,78.9,0,0,6253,5619,-634,0,3
343.380,7648769,3,1,78.9,0,0,6253,5619,-634,0,3
343.479,7648869,3,1,78.9,0,0,6253,5619,-634,0,3
343.579,7648969,3,1,78.9,0,0,6253,5619,-634,0,3
343.679,7649069,3,1,78.9,0,0,6253,5619,-634,0,3
343.780,7649169,3,1,78.9,0,0,6253,5619,-634,0,3
343.880,7649269,3,1,78.9,0,0,6253,5619,-634,0,3
343.979,7649369,3,1,78.9,0,0,6253,5619,-634,0,3
344.079,7649469,3,1,78.9,0,0,6253,5619,-634,0,3
344.192,7649581,3,1,78.9,0,0,6253,5619,-634,0,3
344.279,7649669,3,1,78.9,0,0,6253,5619,-634,0,3
344.379,7649769,3,1,78.9,0,0,6253,5619,-634,0,3
344.479,7649869,3,1,78.9,0,0,6253,5619,-634,0,3
344.579,7649969,3,1,78.9,0,0,6253,5619,-634,0,3
344.679,7650069,3,1,78.9,0,0,6253,5619,-634,0,3
344.781,7650169,3,1,78.9,0,0,6253,5619,-634,0,3
344.879,7650269,3,1,78.9,0,0,6253,5619,-634,0,3
344.980,7650369,3,1,78.9,0,0,6253,5619,-634,0,3
345.079,7650469,3,1,78.9,0,0,6253,5619,-634,0,3
345.179,7650569,3,1,78.9,0,0,6253,5619,-634,0,3
345.279,7650669,3,1,78.9,0,0,6253,5619,-634,0,3
345.379,7650769,3,1,78.9,0,0,6253,5619,-634,0,3
345.479,7650869,3,1,78.9,0,0,6253,5619,-634,0,3
345.579,7650969,3,1,78.9,0,0,6253,5619,-634,0,3
345.679,7651069,3,1,78.9,0,0,6253,5619,-634,0,3
345.779,7651169,3,1,78.9,0,0,6253,5619,-634,0,3
345.880,7651269,3,1,78.9,0,0,6253,5619,-634,0,3
345.980,7651369,3,1,78.9,0,0,6253,5619,-634,0,3
346.079,7651469,3,1,78.9,0,0,6253,5619,-634,0,3
346.192,7651581,3,1,78.9,0,0,6253,5619,-634,0,3
346.280,7651669,3,1,78.9,0,0,6253,5619,-634,0,3
346.380,7651769,3,1,78.9,0,0,6253,5619,-634,0,3
346.480,7651869,3,1,78.9,0,0,6253,5619,-634,0,3
346.580,7651969,3,1,78.9,0,0,6253,5619,-634,0,3
346.680,7652069,3,1,78.9,0,0,6253,5619,-634,0,3
346.779,7652169,3,1,78.9,0,0,6253,5619,-634,0,3
346.879,7652269,3,1,78.9,0,0,6253,5619,-634,0,3
346.979,7652369,3,1,78.9,0,0,6253,5619,-634,0,3
347.079,7652469,3,1,78.9,0,0,6253,5619,-634,0,3
347.179,7652569,3,1,78.9,0,0,6253,5619,-634,0,3
347.279,7652669,3,1,78.9,0,0,6253,5619,-634,0,3
347.379,7652769,3,1,78.9,0,0,6253,5619,-634,0,3
347.480,7652869,3,1,78.9,0,0,6253,5619,-634,0,3
347.579,7652969,3,1,78.9,0,0,6253,5619,-634,0,3
347.680,7653069,3,1,78.9,0,0,6253,5619,-634,0,3
347.779,7653169,3,1,78.9,0,0,6253,5619,-634,0,3
347.882,7653269,3,1,78.9,0,0,6253,5619,-634,0,3
347.980,7653369,3,1,78.9,0,0,6253,5619,-634,0,3
348.079,7653469,3,1,78.9,0,0,6253,5619,-634,0,3
348.192,7653581,3,1,78.9,0,0,6253,5619,-634,0,3
348.279,7653669,3,1,78.9,0,0,6253,5619,-634,0,3
348.379,7653769,3,1,78.9,0,0,6253,5619,-634,0,3
348.479,7653869,3,1,78.9,0,0,6253,5619,-634,0,3
348.579,7653969,3,1,78.9,0,0,6253,5619,-634,0,3
348.679,7654069,3,1,78.9,0,0,6253,5619,-634,0,3
348.779,7654169,3,1,78.9,0,0,6253,5619,-634,0,3
348.879,7654269,3,1,78.9,0,0,6253,5619,-634,0,3
348.980,7654369,3,1,78.9,0,0,6253,5619,-634,0,3
349.079,7654469,3,1,78.9,0,0,6253,5619,-634,0,3
349.179,7654569,3,1,78.9,0,0,6253,5619,-634,0,3
349.279,7654669,3,1,78.9,0,0,6253,5619,-634,0,3
349.379,7654769,3,1,78.9,0,0,6253,5619,-634,0,3
349.481,7654869,3,1,78.9,0,0,6253,5619,-634,0,3
349.580,7654969,3,1,78.9,0,0,6253,5619,-634,0,3
349.679,7655069,3,1,78.9,0,0,6253,5619,-634,0,3
349.779,7655169,3,1,78.9,0,0,6253,5619,-634,0,3
349.879,7655269,3,1,78.9,0,0,6253,5619,-634,0,3
349.979,7655369,3,1,78.9,0,0,6253,5619,-634,0,3
350.079,7655469,3,1,78.9,0,0,6253,5619,-634,0,3
350.191,7655581,3,1,78.9,0,0,6253,5619,-634,0,3
350.279,7655669,3,1,78.9,0,0,6253,5619,-634,0,3
350.379,7655769,3,1,78.9,0,0,6253,5619,-634,0,3
350.480,7655869,3,1,78.9,0,0,6253,5619,-634,0,3
350.592,7655981,2,1,78.9,0,0,6254,6287,33,-70,4
350.679,7656069,2,1,80.0,0,0,6292,6287,-5,0,4
350.779,7656169,2,1,81.1,0,0,6329,6287,-42,0,4
350.879,7656269,2,1,81.4,0,0,6335,6287,-48,0,4
350.980,7656369,2,1,81.4,0,0,6335,6287,-48,0,4
351.079,7656469,2,1,81.4,0,0,6335,6287,-48,0,4
351.191,7656581,3,1,81.4,0,0,6335,6287,-48,0,4
351.279,7656669,3,1,81.4,0,0,6335,6287,-48,0,4
351.379,7656769,3,1,81.4,0,0,6335,6287,-48,0,4
351.479,7656869,3,1,81.4,0,0,6335,6287,-48,0,4
351.579,7656969,3,1,81.4,0,0,6335,6287,-48,0,4
351.679,7657069,3,1,81.4,0,0,6335,6287,-48,0,4
351.779,7657169,3,1,81.4,0,0,6335,6287,-48,0,4
351.879,7657269,3,1,81.4,0,0,6335,6287,-48,0,4
351.979,7657369,3,1,81.4,0,0,6335,6287,-48,0,4
352.079,7657469,3,1,81.4,0,0,6335,6287,-48,0,4
352.181,7657569,3,1,81.4,0,0,6335,6287,-48,0,4
352.279,7657669,3,1,81.4,0,0,6335,6287,-48,0,4
352.378,7657769,3,1,81.4,0,0,6335,6287,-48,0,4
352.479,7657869,3,1,81.4,0,0,6335,6287,-48,0,4
352.579,7657969,3,1,81.4,0,0,6335,6287,-48,0,4
352.679,7658069,3,1,81.4,0,0,6335,6287,-48,0,4
352.779,7658169,3,1,81.4,0,0,6335,6287,-48,0,4
352.881,7658269,3,1,81.4,0,0,6335,6287,-48,0,4
352.979,7658369,3,1,81.4,0,0,6335,6287,-48,0,4
353.079,7658469,3,1,81.4,0,0,6335,6287,-48,0,4
353.191,7658581,3,1,81.4,0,0,6335,6287,-48,0,4
353.278,7658669,3,1,81.4,0,0,6335,6287,-48,0,4
353.379,7658769,3,1,81.4,0,0,6335,6287,-48,0,4
353.479,7658869,3,1,81.4,0,0,6335,6287,-48,0,4
353.579,7658969,3,1,81.4,0,0,6335,6287,-48,0,4
353.679,7659069,3,1,81.4,0,0,6335,6287,-48,0,4
353.779,7659169,3,1,81.4,0,0,6335,6287,-48,0,4
353.879,7659269,3,1,81.4,0,0,6335,6287,-48,0,4
353.979,7659369,3,1,81.4,0,0,6335,6287,-48,0,4
354.079,7659469,3,1,81.4,0,0,6335,6287,-48,0,4
354.179,7659569,3,1,81.4,0,0,6335,6287,-48,0,4
354.279,7659669,3,1,81.4,0,0,6335,6287,-48,0,4
354.379,7659769,3,1,81.4,0,0,6335,6287,-48,0,4
354.480,7659869,3,1,81.4,0,0,6335,6287,-48,0,4
354.579,7659969,3,1,81.4,0,0,6335,6287,-48,0,4
354.679,7660069,3,1,81.4,0,0,6335,6287,-48,0,4
354.779,7660169,3,1,81.4,0,0,6335,6287,-48,0,4
354.879,7660269,3,1,81.4,0,0,6335,6287,-48,0,4
354.979,7660369,3,1,81.4,0,0,6335,6287,-48,0,4
355.079,7660469,3,1,81.4,0,0,6335,6287,-48,0,4
355.193,7660581,3,1,81.4,0,0,6335,6287,-48,0,4
355.279,7660669,3,1,81.4,0,0,6335,6287,-48,0,4
355.379,7660769,3,1,81.4,0,0,6335,6287,-48,0,4
355.479,7660869,3,1,81.4,0,0,6335,6287,-48,0,4
355.579,7660969,3,1,81.4,0,0,6335,6287,-48,0,4
355.679,7661069,3,1,81.4,0,0,6335,6287,-48,0,4
355.779,7661169,3,1,81.4,0,0,6335,6287,-48,0,4
355.879,7661269,3,1,81.4,0,0,6335,6287,-48,0,4
355.979,7661369,3,1,81.4,0,0,6335,6287,-48,0,4
356.079,7661469,3,1,81.4,0,0,6335,6287,-48,0,4
356.179,7661569,3,1,81.4,0,0,6335,6287,-48,0,4
356.279,7661669,3,1,81.4,0,0,6335,6287,-48,0,4
356.378,7661769,3,1,81.4,0,0,6335,6287,-48,0,4
356.479,7661869,3,1,81.4,0,0,6335,6287,-48,0,4
356.578,7661969,3,1,81.4,0,0,6335,6287,-48,0,4
356.679,7662069,3,1,81.4,0,0,6335,6287,-48,0,4
356.778,7662169,3,1,81.4,0,0,6335,6287,-48,0,4
356.882,7662269,3,1,81.4,0,0,6335,6287,-48,0,4
356.980,7662369,3,1,81.4,0,0,6335,6287,-48,0,4
357.079,7662469,3,1,81.4,0,0,6335,6287,-48,0,4
357.192,7662581,3,1,81.4,0,0,6335,6287,-48,0,4
357.279,7662669,3,1,81.4,0,0,6335,6287,-48,0,4
357.378,7662769,3,1,81.4,0,0,6335,6287,-48,0,4
357.479,7662869,3,1,81.4,0,0,6335,6287,-48,0,4
357.578,7662969,3,1,81.4,0,0,6335,6287,-48,0,4
357.679,7663069,3,1,81.4,0,0,6335,6287,-48,0,4
357.783,7663169,3,1,81.4,0,0,6335,6287,-48,0,4
357.878,7663269,3,1,81.4,0,0,6335,6287,-48,0,4
357.979,7663369,3,1,81.4,0,0,6335,6287,-48,0,4
358.079,7663469,3,1,81.4,0,0,6335,6287,-48,0,4
358.178,7663569,3,1,81.4,0,0,6335,6287,-48,0,4
358.278,7663669,3,1,81.4,0,0,6335,6287,-48,0,4
358.378,7663769,3,1,81.4,0,0,6335,6287,-48,0,4
358.479,7663869,3,1,81.4,0,0,6335,6287,-48,0,4
358.579,7663969,3,1,81.4,0,0,6335,6287,-48,0,4
358.678,7664069,3,1,81.4,0,0,6335,6287,-48,0,4
358.778,7664169,3,1,81.4,0,0,6335,6287,-48,0,4
358.879,7664269,3,1,81.4,0,0,6335,6287,-48,0,4
358.979,7664369,3,1,81.4,0,0,6335,6287,-48,0,4
359.079,7664469,3,1,81.4,0,0,6335,6287,-48,0,4
359.191,7664581,3,1,81.4,0,0,6335,6287,-48,0,4
359.278,7664669,3,1,81.4,0,0,6335,6287,-48,0,4
359.378,7664769,3,1,81.4,0,0,6335,6287,-48,0,4
359.478,7664869,3,1,81.4,0,0,6335,6287,-48,0,4
359.578,7664969,3,1,81.4,0,0,6335,6287,-48,0,4
359.678,7665069,3,1,81.4,0,0,6335,6287,-48,0,4
359.779,7665169,3,1,81.4,0,0,6335,6287,-48,0,4
359.878,7665269,3,1,81.4,0,0,6335,6287,-48,0,4
359.979,7665369,3,1,81.4,0,0,6335,6287,-48,0,4
360.089,7665469,3,1,81.4,0,0,6335,6287,-48,0,4
360.181,7665569,3,1,81.4,0,0,6335,6287,-48,0,4
360.278,7665669,3,1,81.4,0,0,6335,6287,-48,0,4
360.378,7665769,3,1,81.4,0,0,6335,6287,-48,0,4
360.479,7665869,3,1,81.4,0,0,6335,6287,-48,0,4
360.578,7665969,3,1,81.4,0,0,6335,6287,-48,0,4
360.679,7666069,3,1,81.4,0,0,6335,6287,-48,0,4
360.778,7666169,3,1,81.4,0,0,6335,6287,-48,0,4
360.878,7666269,3,1,81.4,0,0,6335,6287,-48,0,4
360.978,7666369,3,1,81.4,0,0,6335,6287,-48,0,4
361.079,7666469,3,1,81.4,0,0,6335,6287,-48,0,4
361.190,7666581,3,1,81.4,0,0,6335,6287,-48,0,4
361.278,7666669,3,1,81.4,0,0,6335,6287,-48,0,4
361.379,7666769,3,1,81.4,0,0,6335,6287,-48,0,4
361.482,7666869,3,1,81.4,0,0,6335,6287,-48,0,4
361.579,7666969,3,1,81.4,0,0,6335,6287,-48,0,4
361.678,7667069,3,1,81.4,0,0,6335,6287,-48,0,4
361.778,7667169,3,1,81.4,0,0,6335,6287,-48,0,4
361.878,7667269,3,1,81.4,0,0,6335,6287,-48,0,4
361.978,7667369,3,1,81.4,0,0,6335,6287,-48,0,4
362.078,7667469,3,1,81.4,0,0,6335,6287,-48,0,4
362.178,7667569,3,1,81.4,0,0,6335,6287,-48,0,4
362.278,7667669,3,1,81.4,0,0,6335,6287,-48,0,4
362.378,7667769,3,1,81.4,0,0,6335,6287,-48,0,4
362.478,7667869,3,1,81.4,0,0,6335,6287,-48,0,4
362.578,7667969,3,1,81.4,0,0,6335,6287,-48,0,4
362.678,7668069,3,1,81.4,0,0,6335,6287,-48,0,4
362.778,7668169,3,1,81.4,0,0,6335,6287,-48,0,4
362.878,7668269,3,1,81.4,0,0,6335,6287,-48,0,4
362.978,7668369,3,1,81.4,0,0,6335,6287,-48,0,4
363.078,7668469,3,1,81.4,0,0,6335,6287,-48,0,4
363.190,7668581,3,1,81.4,0,0,6335,6287,-48,0,4
363.278,7668669,3,1,81.4,0,0,6335,6287,-48,0,4
363.378,7668769,3,1,81.4,0,0,6335,6287,-48,0,4
363.478,7668869,3,1,81.4,0,0,6335,6287,-48,0,4
363.580,7668969,3,1,81.4,0,0,6335,6287,-48,0,4
363.678,7669069,3,1,81.4,0,0,6335,6287,-48,0,4
363.778,7669169,3,1,81.4,0,0,6335,6287,-48,0,4
363.878,7669269,3,1,81.4,0,0,6335,6287,-48,0,4
363.978,7669369,3,1,81.4,0,0,6335,6287,-48,0,4
364.078,7669469,3,1,81.4,0,0,6335,6287,-48,0,4
364.178,7669569,3,1,81.4,0,0,6335,6287,-48,0,4
364.278,7669669,3,1,81.4,0,0,6335,6287,-48,0,4
364.378,7669769,3,1,81.4,0,0,6335,6287,-48,0,4
364.478,7669869,3,1,81.4,0,0,6335,6287,-48,0,4
364.578,7669969,3,1,81.4,0,0,6335,6287,-48,0,4
364.678,7670069,3,1,81.4,0,0,6335,6287,-48,0,4
364.778,7670169,3,1,81.4,0,0,6335,6287,-48,0,4
364.878,7670269,3,1,81.4,0,0,6335,6287,-48,0,4
364.980,7670369,3,1,81.4,0,0,6335,6287,-48,0,4
365.079,7670469,3,1,81.4,0,0,6335,6287,-48,0,4
365.190,7670581,3,1,81.4,0,0,6335,6287,-48,0,4
365.278,7670669,3,1,81.4,0,0,6335,6287,-48,0,4
365.378,7670769,3,1,81.4,0,0,6335,6287,-48,0,4
365.480,7670869,3,1,81.4,0,0,6335,6287,-48,0,4
365.578,7670969,3,1,81.4,0,0,6335,6287,-48,0,4
365.678,7671069,3,1,81.4,0,0,6335,6287,-48,0,4
365.778,7671169,3,1,81.4,0,0,6335,6287,-48,0,4
365.878,7671269,3,1,81.4,0,0,6335,6287,-48,0,4
365.978,7671369,3,1,81.4,0,0,6335,6287,-48,0,4
366.078,7671469,3,1,81.4,0,0,6335,6287,-48,0,4
366.178,7671569,3,1,81.4,0,0,6335,6287,-48,0,4
366.278,7671669,3,1,81.4,0,0,6335,6287,-48,0,4
366.378,7671769,3,1,81.4,0,0,6335,6287,-48,0,4
366.478,7671869,3,1,81.4,0,0,6335,6287,-48,0,4
366.578,7671969,3,1,81.4,0,0,6335,6287,-48,0,4
366.678,7672069,3,1,81.4,0,0,6335,6287,-48,0,4
366.778,7672169,3,1,81.4,0,0,6335,6287,-48,0,4
366.878,7672269,3,1,81.4,0,0,6335,6287,-48,0,4
366.978,7672369,3,1,81.4,0,0,6335,6287,-48,0,4
367.078,7672469,3,1,81.4,0,0,6335,6287,-48,0,4
367.190,7672581,3,1,81.4,0,0,6335,6287,-48,0,4
367.278,7672669,3,1,81.4,0,0,6335,6287,-48,0,4
367.378,7672769,3,1,81.4,0,0,6335,6287,-48,0,4
367.478,7672869,3,1,81.4,0,0,6335,6287,-48,0,4
367.578,7672969,3,1,81.4,0,0,6335,6287,-48,0,4
367.678,7673069,3,1,81.4,0,0,6335,6287,-48,0,4
367.778,7673169,3,1,81.4,0,0,6335,6287,-48,0,4
367.879,7673269,3,1,81.4,0,0,6335,6287,-48,0,4
367.978,7673369,3,1,81.4,0,0,6335,6287,-48,0,4
368.078,7673469,3,1,81.4,0,0,6335,6287,-48,0,4
368.178,7673569,3,1,81.4,0,0,6335,6287,-48,0,4
368.278,7673669,3,1,81.4,0,0,6335,6287,-48,0,4
368.377,7673769,3,1,81.4,0,0,6335,6287,-48,0,4
368.478,7673869,3,1,81.4,0,0,6335,6287,-48,0,4
368.580,7673969,3,1,81.4,0,0,6335,6287,-48,0,4
368.678,7674069,3,1,81.4,0,0,6335,6287,-48,0,4
368.778,7674169,3,1,81.4,0,0,6335,6287,-48,0,4
368.878,7674269,3,1,81.4,0,0,6335,6287,-48,0,4
368.978,7674369,3,1,81.4,0,0,6335,6287,-48,0,4
369.078,7674469,3,1,81.4,0,0,6335,6287,-48,0,4
369.190,7674581,3,1,81.4,0,0,6335,6287,-48,0,4
369.277,7674669,3,1,81.4,0,0,6335,6287,-48,0,4
369.378,7674769,3,1,81.4,0,0,6335,6287,-48,0,4
369.478,7674869,3,1,81.4,0,0,6335,6287,-48,0,4
369.578,7674969,3,1,81.4,0,0,6335,6287,-48,0,4
369.678,7675069,3,1,81.4,0,0,6335,6287,-48,0,4
369.777,7675169,3,1,81.4,0,0,6335,6287,-48,0,4
369.878,7675269,3,1,81.4,0,0,6335,6287,-48,0,4
369.979,7675369,3,1,81.4,0,0,6335,6287,-48,0,4
370.079,7675469,3,1,81.4,0,0,6335,6287,-48,0,4
370.178,7675569,3,1,81.4,0,0,6335,6287,-48,0,4
370.277,7675669,3,1,81.4,0,0,6335,6287,-48,0,4
370.377,7675769,3,1,81.4,0,0,6335,6287,-48,0,4
370.479,7675869,3,1,81.4,0,0,6335,6287,-48,0,4
370.578,7675969,3,1,81.4,0,0,6335,6287,-48,0,4
370.678,7676069,3,1,81.4,0,0,6335,6287,-48,0,4
370.778,7676169,3,1,81.4,0,0,6335,6287,-48,0,4
370.878,7676269,3,1,81.4,0,0,6335,6287,-48,0,4
370.978,7676369,3,1,81.4,0,0,6335,6287,-48,0,4
371.078,7676469,3,1,81.4,0,0,6335,6287,-48,0,4
371.197,7676581,3,1,81.4,0,0,6335,6287,-48,0,4
371.278,7676669,3,1,81.4,0,0,6335,6287,-48,0,4
371.377,7676769,3,1,81.4,0,0,6335,6287,-48,0,4
371.477,7676869,3,1,81.4,0,0,6335,6287,-48,0,4
371.578,7676969,3,1,81.4,0,0,6335,6287,-48,0,4
371.680,7677069,3,1,81.4,0,0,6335,6287,-48,0,4
371.782,7677169,3,1,81.4,0,0,6335,6287,-48,0,4
371.878,7677269,3,1,81.4,0,0,6335,6287,-48,0,4
371.978,7677369,3,1,81.4,0,0,6335,6287,-48,0,4
372.078,7677469,3,1,81.4,0,0,6335,6287,-48,0,4
372.178,7677569,3,1,81.4,0,0,6335,6287,-48,0,4
372.277,7677669,3,1,81.4,0,0,6335,6287,-48,0,4
372.377,7677769,3,1,81.4,0,0,6335,6287,-48,0,4
372.478,7677869,3,1,81.4,0,0,6335,6287,-48,0,4
372.581,7677969,3,1,81.4,0,0,6335,6287,-48,0,4
372.690,7678081,1,1,81.4,0,0,6335,6287,-48,0,4
372.778,7678169,1,1,81.4,0,0,6335,6287,-48,0,4
372.878,7678269,1,1,81.4,0,0,6335,6287,-48,0,4
372.978,7678369,1,1,81.4,0,0,6335,6287,-48,0,4
373.078,7678469,1,1,81.4,0,0,6335,6287,-48,0,4
373.178,7678569,1,1,81.4,0,0,6335,6287,-48,0,4
373.277,7678669,1,1,81.4,0,0,6335,6287,-48,0,4
373.377,7678769,1,1,81.4,0,0,6335,6287,-48,0,4
373.477,7678869,1,1,81.4,0,0,6335,6287,-48,0,4
373.578,7678969,1,1,81.4,0,0,6335,6287,-48,0,4
373.678,7679069,1,1,81.4,0,0,6335,6287,-48,0,4
373.778,7679169,1,1,81.4,0,0,6335,6287,-48,0,4
373.878,7679269,1,1,81.4,0,0,6335,6287,-48,0,4
373.978,7679369,1,1,81.4,0,0,6335,6287,-48,0,4
374.079,7679469,1,1,81.4,0,0,6335,6287,-48,0,4
374.177,7679569,1,1,81.4,0,0,6335,6287,-48,0,4
374.277,7679669,1,1,81.4,0,0,6335,6287,-48,0,4
374.377,7679769,1,1,81.4,0,0,6335,6287,-48,0,4
374.477,7679869,1,1,81.4,0,0,6335,6287,-48,0,4
374.578,7679969,1,1,81.4,0,0,6335,6287,-48,0,4
374.690,7680081,1,1,81.4,0,0,6335,6287,-48,0,4
374.777,7680169,1,1,81.4,0,0,6335,6287,-48,0,4
374.878,7680269,1,1,81.4,0,0,6335,6287,-48,0,4
374.979,7680369,1,1,81.4,0,0,6335,6287,-48,0,4
375.077,7680469,1,1,81.4,0,0,6335,6287,-48,0,4
375.178,7680569,1,1,81.4,0,0,6335,6287,-48,0,4
375.277,7680669,1,1,81.4,0,0,6335,6287,-48,0,4
375.377,7680769,1,1,81.4,0,0,6335,6287,-48,0,4
375.477,7680869,1,1,81.4,0,0,6335,6287,-48,0,4
375.577,7680969,1,1,81.4,0,0,6335,6287,-48,0,4
375.677,7681069,1,1,81.4,0,0,6335,6287,-48,0,4
375.777,7681169,1,1,81.4,0,0,6335,6287,-48,0,4
375.877,7681269,1,1,81.4,0,0,6335,6287,-48,0,4
375.977,7681369,1,1,81.4,0,0,6335,6287,-48,0,4
376.078,7681469,1,1,81.4,0,0,6335,6287,-48,0,4
376.177,7681569,1,1,81.4,0,0,6335,6287,-48,0,4
376.277,7681669,1,1,81.4,0,0,6335,6287,-48,0,4
376.377,7681769,1,1,81.4,0,0,6335,6287,-48,0,4
376.477,7681869,1,1,81.4,0,0,6335,6287,-48,0,4
376.577,7681969,1,1,81.4,0,0,6335,6287,-48,0,4
376.690,7682081,1,1,81.4,0,0,6335,6287,-48,0,4
376.777,7682169,1,1,81.4,0,0,6335,6287,-48,0,4
376.877,7682269,1,1,81.4,0,0,6335,6287,-48,0,4
376.977,7682369,1,1,81.4,0,0,6335,6287,-48,0,4
377.077,7682469,1,1,81.4,0,0,6335,6287,-48,0,4
377.179,7682569,1,1,81.4,0,0,6335,6287,-48,0,4
377.277,7682669,1,1,81.4,0,0,6335,6287,-48,0,4
377.377,7682769,1,1,81.4,0,0,6335,6287,-48,0,4
377.477,7682869,1,1,81.4,0,0,6335,6287,-48,0,4
377.577,7682969,1,1,81.4,0,0,6335,6287,-48,0,4
377.677,7683069,1,1,81.4,0,0,6335,6287,-48,0,4
377.778,7683169,1,1,81.4,0,0,6335,6287,-48,0,4
377.878,7683269,1,1,81.4,0,0,6335,6287,-48,0,4
377.978,7683369,1,1,81.4,0,0,6335,6287,-48,0,4
378.078,7683469,1,1,81.4,0,0,6335,6287,-48,0,4
378.178,7683569,1,1,81.4,0,0,6335,6287,-48,0,4
378.277,7683669,1,1,81.4,0,0,6335,6287,-48,0,4
378.377,7683769,1,1,81.4,0,0,6335,6287,-48,0,4
378.477,7683869,1,1,81.4,0,0,6335,6287,-48,0,4
378.577,7683969,1,1,81.4,0,0,6335,6287,-48,0,4
378.690,7684081,1,1,81.4,0,0,6335,6287,-48,0,4
378.779,7684169,1,1,81.4,0,0,6335,6287,-48,0,4
378.877,7684269,1,1,81.4,0,0,6335,6287,-48,0,4
378.977,7684369,1,1,81.4,0,0,6335,6287,-48,0,4
379.077,7684469,1,1,81.4,0,0,6335,6287,-48,0,4
379.177,7684569,1,1,81.4,0,0,6335,6287,-48,0,4
379.277,7684669,1,1,81.4,0,0,6335,6287,-48,0,4
379.377,7684769,1,1,81.4,0,0,6335,6287,-48,0,4
379.477,7684869,1,1,81.4,0,0,6335,6287,-48,0,4
379.577,7684969,1,1,81.4,0,0,6335,6287,-48,0,4
379.677,7685069,1,1,81.4,0,0,6335,6287,-48,0,4
379.779,7685169,1,1,81.4,0,0,6335,6287,-48,0,4
379.879,7685269,1,1,81.4,0,0,6335,6287,-48,0,4
379.977,7685369,1,1,81.4,0,0,6335,6287,-48,0,4
380.080,7685469,1,1,81.4,0,0,6335,6287,-48,0,4
380.177,7685569,1,1,81.4,0,0,6335,6287,-48,0,4
380.277,7685669,1,1,81.4,0,0,6335,6287,-48,0,4
380.377,7685769,1,1,81.4,0,0,6335,6287,-48,0,4
380.477,7685869,1,1,81.4,0,0,6335,6287,-48,0,4
380.580,7685969,1,1,81.4,0,0,6335,6287,-48,0,4
380.692,7686081,1,1,81.4,0,0,6335,6287,-48,0,4
380.778,7686169,1,1,81.4,0,0,6335,6287,-48,0,4
380.878,7686269,1,1,81.4,0,0,6335,6287,-48,0,4
380.977,7686369,1,1,81.4,0,0,6335,6287,-48,0,4
381.077,7686469,1,1,81.4,0,0,6335,6287,-48,0,4
381.177,7686569,1,1,81.4,0,0,6335,6287,-48,0,4
381.283,7686669,1,1,81.4,0,0,6335,6287,-48,0,4
381.377,7686769,1,1,81.4,0,0,6335,6287,-48,0,4
381.477,7686869,1,1,81.4,0,0,6335,6287,-48,0,4
381.578,7686969,1,1,81.4,0,0,6335,6287,-48,0,4
381.677,7687069,1,1,81.4,0,0,6335,6287,-48,0,4
381.778,7687169,1,1,81.4,0,0,6335,6287,-48,0,4
381.877,7687269,1,1,81.4,0,0,6335,6287,-48,0,4
381.978,7687369,1,1,81.4,0,0,6335,6287,-48,0,4
382.077,7687469,1,1,81.4,0,0,6335,6287,-48,0,4
382.177,7687569,1,1,81.4,0,0,6335,6287,-48,0,4
382.277,7687669,1,1,81.4,0,0,6335,6287,-48,0,4
382.377,7687769,1,1,81.4,0,0,6335,6287,-48,0,4
382.477,7687869,1,1,81.4,0,0,6335,6287,-48,0,4
382.579,7687969,1,1,81.4,0,0,6335,6287,-48,0,4
382.689,7688081,1,1,81.4,0,0,6335,6287,-48,0,4
382.779,7688169,1,1,81.4,0,0,6335,6287,-48,0,4
382.877,7688269,1,1,81.4,0,0,6335,6287,-48,0,4
382.978,7688369,1,1,81.4,0,0,6335,6287,-48,0,4
383.077,7688469,1,1,81.4,0,0,6335,6287,-48,0,4
383.177,7688569,1,1,81.4,0,0,6335,6287,-48,0,4
383.277,7688669,1,1,81.4,0,0,6335,6287,-48,0,4
383.377,7688769,1,1,81.4,0,0,6335,6287,-48,0,4
383.476,7688869,1,1,81.4,0,0,6335,6287,-48,0,4
383.577,7688969,1,1,81.4,0,0,6335,6287,-48,0,4
383.677,7689069,1,1,81.4,0,0,6335,6287,-48,0,4
383.777,7689169,1,1,81.4,0,0,6335,6287,-48,0,4
383.877,7689269,1,1,81.4,0,0,6335,6287,-48,0,4
383.977,7689369,1,1,81.4,0,0,6335,6287,-48,0,4
384.078,7689469,1,1,81.4,0,0,6335,6287,-48,0,4
384.177,7689569,1,1,81.4,0,0,6335,6287,-48,0,4
384.277,7689669,1,1,81.4,0,0,6335,6287,-48,0,4
384.377,7689769,1,1,81.4,0,0,6335,6287,-48,0,4
384.477,7689869,1,1,81.4,0,0,6335,6287,-48,0,4
384.577,7689969,1,1,81.4,0,0,6335,6287,-48,0,4
384.689,7690081,1,1,81.4,0,0,6335,6287,-48,0,4
384.777,7690169,1,1,81.4,0,0,6335,6287,-48,0,4
384.877,7690269,1,1,81.4,0,0,6335,6287,-48,0,4
384.980,7690369,1,1,81.4,0,0,6335,6287,-48,0,4
385.077,7690469,1,1,81.4,0,0,6335,6287,-48,0,4
385.177,7690569,1,1,81.4,0,0,6335,6287,-48,0,4
385.277,7690669,1,1,81.4,0,0,6335,6287,-48,0,4
385.377,7690769,1,1,81.4,0,0,6335,6287,-48,0,4
385.477,7690869,1,1,81.4,0,0,6335,6287,-48,0,4
385.577,7690969,1,1,81.4,0,0,6335,6287,-48,0,4
385.676,7691069,1,1,81.4,0,0,6335,6287,-48,0,4
385.777,7691169,1,1,81.4,0,0,6335,6287,-48,0,4
385.877,7691269,1,1,81.4,0,0,6335,6287,-48,0,4
385.977,7691369,1,1,81.4,0,0,6335,6287,-48,0,4
386.077,7691469,1,1,81.4,0,0,6335,6287,-48,0,4
386.177,7691569,1,1,81.4,0,0,6335,6287,-48,0,4
386.277,7691669,1,1,81.4,0,0,6335,6287,-48,0,4
386.376,7691769,1,1,81.4,0,0,6335,6287,-48,0,4
386.477,7691869,1,1,81.4,0,0,6335,6287,-48,0,4
386.577,7691969,1,1,81.4,0,0,6335,6287,-48,0,4
386.689,7692081,1,1,81.4,0,0,6335,6287,-48,0,4
386.777,7692169,1,1,81.4,0,0,6335,6287,-48,0,4
386.877,7692269,1,1,81.4,0,0,6335,6287,-48,0,4
386.976,7692369,1,1,81.4,0,0,6335,6287,-48,0,4
387.077,7692469,1,1,81.4,0,0,6335,6287,-48,0,4
387.177,7692569,1,1,81.4,0,0,6335,6287,-48,0,4
387.277,7692669,1,1,81.4,0,0,6335,6287,-48,0,4
387.376,7692769,1,1,81.4,0,0,6335,6287,-48,0,4
387.477,7692869,1,1,81.4,0,0,6335,6287,-48,0,4
387.577,7692969,1,1,81.4,0,0,6335,6287,-48,0,4
387.676,7693069,1,1,81.4,0,0,6335,6287,-48,0,4
387.777,7693169,1,1,81.4,0,0,6335,6287,-48,0,4
387.877,7693269,1,1,81.4,0,0,6335,6287,-48,0,4
387.978,7693369,1,1,81.4,0,0,6335,6287,-48,0,4
388.077,7693469,1,1,81.4,0,0,6335,6287,-48,0,4
388.179,7693569,1,1,81.4,0,0,6335,6287,-48,0,4
388.277,7693669,1,1,81.4,0,0,6335,6287,-48,0,4
388.376,7693769,1,1,81.4,0,0,6335,6287,-48,0,4
388.477,7693869,1,1,81.4,0,0,6335,6287,-48,0,4
388.576,7693969,1,1,81.4,0,0,6335,6287,-48,0,4
388.689,7694081,1,1,81.4,0,0,6335,6287,-48,0,4
388.776,7694169,1,1,81.4,0,0,6335,6287,-48,0,4
388.876,7694269,1,1,81.4,0,0,6335,6287,-48,0,4
388.976,7694369,1,1,81.4,0,0,6335,6287,-48,0,4
389.080,7694469,1,1,81.4,0,0,6335,6287,-48,0,4
389.177,7694569,1,1,81.4,0,0,6335,6287,-48,0,4
389.277,7694669,1,1,81.4,0,0,6335,6287,-48,0,4
389.376,7694769,1,1,81.4,0,0,6335,6287,-48,0,4
389.476,7694869,1,1,81.4,0,0,6335,6287,-48,0,4
389.576,7694969,1,1,81.4,0,0,6335,6287,-48,0,4
389.676,7695069,1,1,81.4,0,0,6335,6287,-48,0,4
389.780,7695169,1,1,81.4,0,0,6335,6287,-48,0,4
389.877,7695269,1,1,81.4,0,0,6335,6287,-48,0,4
389.978,7695369,1,1,81.4,0,0,6335,6287,-48,0,4
390.077,7695469,1,1,81.4,0,0,6335,6287,-48,0,4
390.177,7695569,1,1,81.4,0,0,6335,6287,-48,0,4
390.276,7695669,1,1,81.4,0,0,6335,6287,-48,0,4
390.376,7695769,1,1,81.4,0,0,6335,6287,-48,0,4
390.476,7695869,1,1,81.4,0,0,6335,6287,-48,0,4
390.576,7695969,1,1,81.4,0,0,6335,6287,-48,0,4
390.689,7696081,1,1,81.4,0,0,6335,6287,-48,0,4
390.776,7696169,1,1,81.4,0,0,6335,6287,-48,0,4
390.876,7696269,1,1,81.4,0,0,6335,6287,-48,0,4
390.979,7696369,1,1,81.4,0,0,6335,6287,-48,0,4
391.077,7696469,1,1,81.4,0,0,6335,6287,-48,0,4
391.178,7696569,1,1,81.4,0,0,6335,6287,-48,0,4
391.278,7696669,1,1,81.4,0,0,6335,6287,-48,0,4
391.376,7696769,1,1,81.4,0,0,6334,6287,-47,0,4
391.476,7696869,1,1,81.4,0,0,6334,6287,-47,0,4
391.576,7696969,1,1,81.4,0,0,6334,6287,-47,0,4
391.676,7697069,1,1,81.4,0,0,6334,6287,-47,0,4
391.777,7697169,1,1,81.4,0,0,6334,6287,-47,0,4
391.876,7697269,1,1,81.4,0,0,6334,6287,-47,0,4
391.976,7697369,1,1,81.4,0,0,6334,6287,-47,0,4
392.076,7697469,1,1,81.4,0,0,6334,6287,-47,0,4
392.177,7697569,1,1,81.4,0,0,6334,6287,-47,0,4
392.277,7697669,1,1,81.4,0,0,6334,6287,-47,0,4
392.376,7697769,1,1,81.4,0,0,6334,6287,-47,0,4
392.476,7697869,1,1,81.4,0,0,6334,6287,-47,0,4
392.576,7697969,1,1,81.4,0,0,6334,6287,-47,0,4
392.688,7698081,1,1,81.4,0,0,6334,6287,-47,0,4
392.777,7698169,1,1,81.4,0,0,6334,6287,-47,0,4
392.876,7698269,1,1,81.4,0,0,6334,6287,-47,0,4
392.976,7698369,1,1,81.4,0,0,6334,6287,-47,0,4
393.077,7698469,1,1,81.4,0,0,6334,6287,-47,0,4
393.177,7698569,1,1,81.4,0,0,6334,6287,-47,0,4
393.276,7698669,1,1,81.4,0,0,6334,6287,-47,0,4
393.377,7698769,1,1,81.4,0,0,6334,6287,-47,0,4
393.476,7698869,1,1,81.4,0,0,6334,6287,-47,0,4
393.576,7698969,1,1,81.4,0,0,6334,6287,-47,0,4
393.676,7699069,1,1,81.4,0,0,6334,6287,-47,0,4
393.776,7699169,1,1,81.4,0,0,6334,6287,-47,0,4
393.876,7699269,1,1,81.4,0,0,6334,6287,-47,0,4
393.976,7699369,1,1,81.4,0,0,6334,6287,-47,0,4
394.076,7699469,1,1,81.4,0,0,6334,6287,-47,0,4
394.177,7699569,1,1,81.4,0,0,6334,6287,-47,0,4
394.276,7699669,1,1,81.4,0,0,6334,6287,-47,0,4
394.376,7699769,1,1,81.4,0,0,6334,6287,-47,0,4
394.476,7699869,1,1,81.4,0,0,6334,6287,-47,0,4
394.576,7699969,1,1,81.4,0,0,6334,6287,-47,0,4
394.688,7700081,1,1,81.4,0,0,6334,6287,-47,0,4
394.776,7700169,1,1,81.4,0,0,6334,6287,-47,0,4
394.876,7700269,1,1,81.4,0,0,6334,6287,-47,0,4
394.976,7700369,1,1,81.4,0,0,6334,6287,-47,0,4
395.076,7700469,1,1,81.4,0,0,6334,6287,-47,0,4
395.177,7700569,1,1,81.4,0,0,6334,6287,-47,0,4
395.277,7700669,1,1,81.4,0,0,6334,6287,-47,0,4
395.380,7700769,1,1,81.4,0,0,6334,6287,-47,0,4
395.476,7700869,1,1,81.4,0,0,6334,6287,-47,0,4
395.576,7700969,1,1,81.4,0,0,6334,6287,-47,0,4
395.676,7701069,1,1,81.4,0,0,6334,6287,-47,0,4
395.776,7701169,1,1,81.4,0,0,6334,6287,-47,0,4
395.876,7701269,1,1,81.4,0,0,6334,6287,-47,0,4
395.977,7701369,1,1,81.4,0,0,6335,6287,-48,0,4
396.076,7701469,1,1,81.4,0,0,6335,6287,-48,0,4
396.179,7701569,1,1,81.4,0,0,6333,6287,-46,0,4
396.276,7701669,1,1,81.1,0,0,6324,6287,-37,0,4
396.376,7701769,1,1,80.5,0,0,6304,6287,-17,0,4
396.476,7701869,1,1,79.8,0,0,6281,6287,6,0,4
396.576,7701969,1,1,79.6,0,0,6274,6287,13,0,4
396.688,7702081,1,1,79.6,0,0,6274,6287,13,0,4
396.776,7702169,1,1,79.6,0,0,6274,6287,13,0,4
396.876,7702269,1,1,79.6,0,0,6274,6287,13,0,4
396.976,7702369,1,1,79.6,0,0,6274,6287,13,0,4
397.076,7702469,1,1,79.6,0,0,6274,6287,13,0,4
397.176,7702569,1,1,79.6,0,0,6274,6287,13,0,4
397.276,7702669,1,1,79.5,0,0,6273,6287,14,0,4
397.376,7702769,1,1,79.3,0,0,6262,6287,25,0,4
397.478,7702869,1,1,78.6,0,0,6241,6287,46,0,4
397.576,7702969,1,1,78.6,0,0,6243,6287,44,0,4
397.677,7703069,1,1,78.9,0,0,6255,6287,32,0,4
397.776,7703169,1,1,79.7,0,0,6281,6287,6,0,4
397.876,7703269,1,1,80.8,0,0,6320,6287,-33,0,4
397.986,7703369,1,1,82.1,0,0,6362,6287,-75,0,4
398.076,7703469,1,1,83.2,0,0,6396,6287,-109,0,4
398.176,7703569,1,1,83.4,0,0,6401,6287,-114,0,4
398.276,7703669,1,1,83.4,0,0,6401,6287,-114,0,4
398.376,7703769,1,1,83.4,0,0,6401,6287,-114,0,4
398.475,7703869,1,1,83.4,0,0,6401,6287,-114,0,4
398.576,7703969,1,1,83.4,0,0,6401,6287,-114,0,4
398.688,7704081,1,1,83.4,0,0,6401,6287,-114,0,4
398.776,7704169,1,1,83.4,0,0,6401,6287,-114,0,4
398.876,7704269,1,1,83.4,0,0,6401,6287,-114,0,4
398.976,7704369,1,1,83.4,0,0,6401,6287,-114,0,4
399.076,7704469,1,1,83.4,0,0,6401,6287,-114,0,4
399.176,7704569,1,1,83.4,0,0,6401,6287,-114,0,4
399.276,7704669,1,1,83.4,0,0,6401,6287,-114,0,4
399.376,7704769,1,1,83.4,0,0,6401,6287,-114,0,4
399.476,7704869,1,1,83.4,0,0,6401,6287,-114,0,4
399.577,7704969,1,1,83.4,0,0,6401,6287,-114,0,4
399.676,7705069,1,1,83.4,0,0,6401,6287,-114,0,4
399.777,7705169,1,1,83.4,0,0,6401,6287,-114,0,4
399.876,7705269,1,1,83.4,0,0,6401,6287,-114,0,4
399.976,7705369,1,1,83.4,0,0,6401,6287,-114,0,4
400.076,7705469,1,1,83.4,0,0,6401,6287,-114,0,4
400.176,7705569,1,1,83.4,0,0,6401,6287,-114,0,4
400.276,7705669,1,1,83.4,0,0,6401,6287,-114,0,4
400.376,7705769,1,1,83.4,0,0,6401,6287,-114,0,4
400.476,7705869,1,1,83.4,0,0,6401,6287,-114,0,4
400.575,7705969,1,1,83.4,0,0,6401,6287,-114,0,4
400.688,7706081,1,1,83.4,0,0,6401,6287,-114,0,4
400.778,7706169,1,1,83.4,0,0,6401,6287,-114,0,4
400.877,7706269,1,1,83.4,0,0,6401,6287,-114,0,4
400.976,7706369,1,1,83.4,0,0,6401,6287,-114,0,4
401.076,7706469,1,1,83.4,0,0,6401,6287,-114,0,4
401.176,7706569,1,1,83.4,0,0,6401,6287,-114,0,4
401.276,7706669,1,1,83.4,0,0,6401,6287,-114,0,4
401.375,7706769,1,1,83.4,0,0,6401,6287,-114,0,4
401.475,7706869,1,1,83.4,0,0,6401,6287,-114,0,4
401.576,7706969,1,1,83.4,0,0,6401,6287,-114,0,4
401.675,7707069,1,1,83.4,0,0,6401,6287,-114,0,4
401.775,7707169,1,1,83.4,0,0,6401,6287,-114,0,4
401.876,7707269,1,1,83.4,0,0,6401,6287,-114,0,4
401.976,7707369,1,1,83.4,0,0,6401,6287,-114,0,4
402.075,7707469,1,1,83.4,0,0,6401,6287,-114,0,4
402.175,7707569,1,1,83.4,0,0,6401,6287,-114,0,4
402.277,7707669,1,1,83.4,0,0,6401,6287,-114,0,4
402.375,7707769,1,1,83.4,0,0,6401,6287,-114,0,4
402.475,7707869,1,1,83.4,0,0,6401,6287,-114,0,4
402.576,7707969,1,1,83.4,0,0,6401,6287,-114,0,4
402.688,7708081,1,1,83.4,0,0,6401,6287,-114,0,4
402.778,7708169,1,1,83.4,0,0,6401,6287,-114,0,4
402.876,7708269,1,1,83.4,0,0,6401,6287,-114,0,4
402.976,7708369,1,1,83.4,0,0,6401,6287,-114,0,4
403.075,7708469,1,1,83.4,0,0,6401,6287,-114,0,4
403.176,7708569,1,1,83.4,0,0,6401,6287,-114,0,4
403.277,7708669,1,1,83.4,0,0,6401,6287,-114,0,4
403.376,7708769,1,1,83.4,0,0,6401,6287,-114,0,4
403.476,7708869,1,1,83.4,0,0,6401,6287,-114,0,4
403.591,7708969,1,1,83.4,0,0,6401,6287,-114,0,4
403.676,7709069,1,1,83.4,0,0,6401,6287,-114,0,4
403.776,7709169,1,1,83.4,0,0,6401,6287,-114,0,4
403.877,7709269,1,1,83.4,0,0,6401,6287,-114,0,4
403.976,7709369,1,1,83.4,0,0,6401,6287,-114,0,4
404.077,7709469,1,1,83.4,0,0,6401,6287,-114,0,4
404.179,7709569,1,1,83.4,0,0,6401,6287,-114,0,4
404.276,7709669,1,1,83.4,0,0,6401,6287,-114,0,4
404.376,7709769,1,1,83.4,0,0,6401,6287,-114,0,4
404.475,7709869,1,1,83.4,0,0,6401,6287,-114,0,4
404.575,7709969,1,1,83.4,0,0,6401,6287,-114,0,4
404.688,7710081,1,1,83.4,0,0,6401,6287,-114,0,4
404.775,7710169,1,1,83.4,0,0,6401,6287,-114,0,4
404.876,7710269,1,1,83.4,0,0,6401,6287,-114,0,4
404.975,7710369,1,1,83.4,0,0,6401,6287,-114,0,4
405.075,7710469,1,1,83.4,0,0,6401,6287,-114,0,4
405.176,7710569,1,1,83.4,0,0,6401,6287,-114,0,4
405.276,7710669,1,1,83.4,0,0,6401,6287,-114,0,4
405.375,7710769,1,1,83.4,0,0,6401,6287,-114,0,4
405.475,7710869,1,1,83.4,0,0,6401,6287,-114,0,4
405.575,7710969,1,1,83.4,0,0,6401,6287,-114,0,4
405.675,7711069,1,1,83.4,0,0,6401,6287,-114,0,4
405.776,7711169,1,1,83.4,0,0,6401,6287,-114,0,4
405.879,7711269,1,1,83.4,0,0,6401,6287,-114,0,4
405.976,7711369,1,1,83.4,0,0,6401,6287,-114,0,4
406.076,7711469,1,1,83.4,0,0,6401,6287,-114,0,4
406.180,7711569,1,1,83.4,0,0,6401,6287,-114,0,4
406.276,7711669,1,1,83.4,0,0,6401,6287,-114,0,4
406.375,7711769,1,1,83.4,0,0,6401,6287,-114,0,4
406.475,7711869,1,1,83.4,0,0,6401,6287,-114,0,4
406.575,7711969,1,1,83.4,0,0,6401,6287,-114,0,4
406.688,7712081,1,1,83.4,0,0,6401,6287,-114,0,4
406.775,7712169,1,1,83.4,0,0,6401,6287,-114,0,4
406.876,7712269,1,1,83.4,0,0,6401,6287,-114,0,4
406.976,7712369,1,1,83.4,0,0,6401,6287,-114,0,4
407.076,7712469,1,1,83.4,0,0,6401,6287,-114,0,4
407.176,7712569,1,1,83.4,0,0,6401,6287,-114,0,4
407.275,7712669,1,1,83.4,0,0,6401,6287,-114,0,4
407.379,7712769,1,1,83.4,0,0,6401,6287,-114,0,4
407.476,7712869,1,1,83.4,0,0,6401,6287,-114,0,4
407.575,7712969,1,1,83.4,0,0,6401,6287,-114,0,4
407.675,7713069,1,1,83.4,0,0,6401,6287,-114,0,4
407.775,7713169,1,1,83.4,0,0,6401,6287,-114,0,4
407.876,7713269,1,1,83.4,0,0,6401,6287,-114,0,4
407.980,7713369,1,1,83.4,0,0,6401,6287,-114,0,4
408.076,7713469,1,1,83.4,0,0,6401,6287,-114,0,4
408.176,7713569,1,1,83.4,0,0,6401,6287,-114,0,4
408.276,7713669,1,1,83.4,0,0,6401,6287,-114,0,4
408.375,7713769,1,1,83.4,0,0,6401,6287,-114,0,4
408.475,7713869,1,1,83.4,0,0,6401,6287,-114,0,4
408.575,7713969,1,1,83.4,0,0,6401,6287,-114,0,4
408.688,7714081,1,1,83.4,0,0,6401,6287,-114,0,4
408.775,7714169,1,1,83.4,0,0,6401,6287,-114,0,4
408.876,7714269,1,1,83.4,0,0,6401,6287,-114,0,4
408.975,7714369,1,1,83.4,0,0,6401,6287,-114,0,4
409.077,7714469,1,1,83.4,0,0,6401,6287,-114,0,4
409.176,7714569,1,1,83.4,0,0,6401,6287,-114,0,4
409.276,7714669,1,1,83.4,0,0,6401,6287,-114,0,4
409.376,7714769,1,1,83.4,0,0,6401,6287,-114,0,4
409.475,7714869,1,1,83.4,0,0,6401,6287,-114,0,4
409.575,7714969,1,1,83.4,0,0,6401,6287,-114,0,4
409.675,7715069,1,1,83.4,0,0,6401,6287,-114,0,4
409.775,7715169,1,1,83.4,0,0,6401,6287,-114,0,4
409.875,7715269,1,1,83.4,0,0,6401,6287,-114,0,4
409.980,7715369,1,1,83.4,0,0,6401,6287,-114,0,4
410.075,7715469,1,1,83.4,0,0,6401,6287,-114,0,4
410.176,7715569,1,1,83.4,0,0,6401,6287,-114,0,4
410.279,7715669,1,1,83.4,0,0,6401,6287,-114,0,4
410.375,7715769,1,1,83.4,0,0,6401,6287,-114,0,4
410.476,7715869,1,1,83.4,0,0,6401,6287,-114,0,4
410.575,7715969,1,1,83.4,0,0,6401,6287,-114,0,4
410.688,7716081,1,1,83.4,0,0,6401,6287,-114,0,4
410.777,7716169,1,1,83.4,0,0,6401,6287,-114,0,4
410.876,7716269,1,1,83.4,0,0,6401,6287,-114,0,4
410.975,7716369,1,1,83.4,0,0,6401,6287,-114,0,4
411.075,7716469,1,1,83.4,0,0,6401,6287,-114,0,4
411.177,7716569,1,1,83.4,0,0,6401,6287,-114,0,4
411.276,7716669,1,1,83.4,0,0,6401,6287,-114,0,4
411.375,7716769,1,1,83.4,0,0,6401,6287,-114,0,4
411.475,7716869,1,1,83.4,0,0,6401,6287,-114,0,4
411.575,7716969,1,1,83.4,0,0,6401,6287,-114,0,4
411.675,7717069,1,1,83.4,0,0,6401,6287,-114,0,4
411.775,7717169,1,1,83.4,0,0,6401,6287,-114,0,4
411.876,7717269,1,1,83.4,0,0,6401,6287,-114,0,4
411.977,7717369,1,1,83.4,0,0,6401,6287,-114,0,4
412.076,7717469,1,1,83.4,0,0,6401,6287,-114,0,4
412.175,7717569,1,1,83.4,0,0,6401,6287,-114,0,4
412.275,7717669,1,1,83.4,0,0,6401,6287,-114,0,4
412.375,7717769,1,1,83.4,0,0,6401,6287,-114,0,4
412.475,7717869,1,1,83.4,0,0,6401,6287,-114,0,4
412.575,7717969,1,1,83.4,0,0,6401,6287,-114,0,4
412.687,7718081,1,1,83.4,0,0,6401,6287,-114,0,4
412.775,7718169,1,1,83.4,0,0,6401,6287,-114,0,4
412.875,7718269,1,1,83.4,0,0,6401,6287,-114,0,4
412.976,7718369,1,1,83.4,0,0,6401,6287,-114,0,4
413.077,7718469,1,1,83.4,0,0,6401,6287,-114,0,4
413.175,7718569,1,1,83.4,0,0,6401,6287,-114,0,4
413.276,7718669,1,1,83.4,0,0,6401,6287,-114,0,4
413.375,7718769,1,1,83.4,0,0,6401,6287,-114,0,4
413.476,7718869,1,1,83.4,0,0,6401,6287,-114,0,4
413.575,7718969,1,1,83.4,0,0,6401,6287,-114,0,4
413.675,7719069,1,1,83.4,0,0,6401,6287,-114,0,4
413.775,7719169,1,1,83.4,0,0,6401,6287,-114,0,4
413.875,7719269,1,1,83.4,0,0,6401,6287,-114,0,4
413.976,7719369,1,1,83.4,0,0,6401,6287,-114,0,4
414.075,7719469,1,1,83.4,0,0,6401,6287,-114,0,4
414.175,7719569,1,1,83.4,0,0,6401,6287,-114,0,4
414.275,7719669,1,1,83.4,0,0,6401,6287,-114,0,4
414.375,7719769,1,1,83.4,0,0,6401,6287,-114,0,4
414.476,7719869,1,1,83.4,0,0,6401,6287,-114,0,4
414.575,7719969,1,1,83.4,0,0,6401,6287,-114,0,4
414.688,7720081,1,1,83.4,0,0,6401,6287,-114,0,4
414.775,7720169,1,1,83.4,0,0,6401,6287,-114,0,4
414.875,7720269,1,1,83.4,0,0,6401,6287,-114,0,4
414.976,7720369,1,1,83.4,0,0,6401,6287,-114,0,4
415.076,7720469,1,1,83.4,0,0,6401,6287,-114,0,4
415.180,7720569,1,1,83.4,0,0,6401,6287,-114,0,4
415.275,7720669,1,1,83.4,0,0,6401,6287,-114,0,4
415.375,7720769,1,1,83.4,0,0,6401,6287,-114,0,4
415.475,7720869,1,1,83.4,0,0,6401,6287,-114,0,4
415.575,7720969,1,1,83.4,0,0,6401,6287,-114,0,4
415.675,7721069,1,1,83.4,0,0,6401,6287,-114,0,4
415.775,7721169,1,1,83.4,0,0,6401,6287,-114,0,4
415.875,7721269,1,1,83.4,0,0,6401,6287,-114,0,4
415.975,7721369,1,1,83.4,0,0,6401,6287,-114,0,4
416.075,7721469,1,1,83.4,0,0,6401,6287,-114,0,4
416.175,7721569,1,1,83.4,0,0,6401,6287,-114,0,4
416.277,7721669,1,1,83.4,0,0,6401,6287,-114,0,4
416.375,7721769,1,1,83.4,0,0,6401,6287,-114,0,4
416.474,7721869,1,1,83.4,0,0,6401,6287,-114,0,4
416.575,7721969,1,1,83.4,0,0,6401,6287,-114,0,4
416.687,7722081,1,1,83.4,0,0,6401,6287,-114,0,4
416.774,7722169,1,1,83.4,0,0,6401,6287,-114,0,4
416.874,7722269,1,1,83.4,0,0,6401,6287,-114,0,4
416.974,7722369,1,1,83.4,0,0,6401,6287,-114,0,4
417.075,7722469,1,1,83.4,0,0,6401,6287,-114,0,4
417.174,7722569,1,1,83.4,0,0,6401,6287,-114,0,4
417.277,7722669,1,1,83.4,0,0,6401,6287,-114,0,4
417.375,7722769,1,1,83.4,0,0,6401,6287,-114,0,4
417.474,7722869,1,1,83.4,0,0,6401,6287,-114,0,4
417.575,7722969,1,1,83.4,0,0,6401,6287,-114,0,4
417.675,7723069,1,1,83.4,0,0,6401,6287,-114,0,4
417.775,7723169,1,1,83.4,0,0,6401,6287,-114,0,4
417.875,7723269,1,1,83.4,0,0,6401,6287,-114,0,4
417.978,7723369,1,1,83.4,0,0,6401,6287,-114,0,4
418.075,7723469,1,1,83.4,0,0,6401,6287,-114,0,4
418.175,7723569,1,1,83.4,0,0,6401,6287,-114,0,4
418.275,7723669,1,1,83.4,0,0,6401,6287,-114,0,4
418.375,7723769,1,1,83.4,0,0,6401,6287,-114,0,4
418.475,7723869,1,1,83.4,0,0,6401,6287,-114,0,4
418.582,7723969,1,1,83.4,0,0,6401,6287,-114,0,4
418.687,7724081,1,1,83.4,0,0,6401,6287,-114,0,4
418.774,7724169,1,1,83.4,0,0,6401,6287,-114,0,4
418.874,7724269,1,1,83.4,0,0,6401,6287,-114,0,4
418.974,7724369,1,1,83.4,0,0,6401,6287,-114,0,4
419.075,7724469,1,1,83.4,0,0,6401,6287,-114,0,4
419.177,7724569,1,1,83.4,0,0,6401,6287,-114,0,4
419.275,7724669,1,1,83.4,0,0,6401,6287,-114,0,4
419.375,7724769,1,1,83.4,0,0,6401,6287,-114,0,4
419.475,7724869,1,1,83.4,0,0,6401,6287,-114,0,4
419.575,7724969,1,1,83.4,0,0,6401,6287,-114,0,4
419.674,7725069,1,1,83.4,0,0,6401,6287,-114,0,4
419.775,7725169,1,1,83.4,0,0,6401,6287,-114,0,4
419.874,7725269,1,1,83.4,0,0,6401,6287,-114,0,4
419.974,7725369,1,1,83.4,0,0,6401,6287,-114,0,4
420.074,7725469,1,1,83.4,0,0,6401,6287,-114,0,4
420.177,7725569,1,1,83.4,0,0,6401,6287,-114,0,4
420.274,7725669,1,1,83.4,0,0,6401,6287,-114,0,4
420.374,7725769,1,1,83.4,0,0,6401,6287,-114,0,4
420.474,7725869,1,1,83.4,0,0,6401,6287,-114,0,4
420.574,7725969,1,1,83.4,0,0,6401,6287,-114,0,4
420.688,7726081,1,1,83.4,0,0,6401,6287,-114,0,4
420.774,7726169,1,1,83.4,0,0,6401,6287,-114,0,4
420.874,7726269,1,1,83.4,0,0,6401,6287,-114,0,4
420.975,7726369,1,1,83.4,0,0,6401,6287,-114,0,4
421.074,7726469,1,1,83.4,0,0,6401,6287,-114,0,4
421.174,7726569,1,1,83.4,0,0,6401,6287,-114,0,4
421.274,7726669,1,1,83.4,0,0,6401,6287,-114,0,4
421.374,7726769,1,1,83.4,0,0,6401,6287,-114,0,4
421.475,7726869,1,1,83.4,0,0,6401,6287,-114,0,4
421.575,7726969,1,1,83.4,0,0,6401,6287,-114,0,4
421.675,7727069,1,1,83.4,0,0,6401,6287,-114,0,4
421.775,7727169,1,1,83.4,0,0,6401,6287,-114,0,4
421.874,7727269,1,1,83.4,0,0,6401,6287,-114,0,4
421.977,7727369,1,1,83.4,0,0,6401,6287,-114,0,4
422.074,7727469,1,1,83.4,0,0,6401,6287,-114,0,4
422.174,7727569,1,1,83.4,0,0,6401,6287,-114,0,4
422.274,7727669,1,1,83.4,0,0,6401,6287,-114,0,4
422.374,7727769,1,1,83.4,0,0,6401,6287,-114,0,4
422.474,7727869,1,1,83.4,0,0,6401,6287,-114,0,4
422.574,7727969,1,1,83.4,0,0,6401,6287,-114,0,4
422.687,7728081,1,1,83.4,0,0,6401,6287,-114,0,4
422.774,7728169,1,1,83.4,0,0,6401,6287,-114,0,4
422.874,7728269,1,1,83.4,0,0,6401,6287,-114,0,4
422.980,7728369,1,1,83.4,0,0,6401,6287,-114,0,4
423.074,7728469,1,1,83.4,0,0,6401,6287,-114,0,4
423.175,7728569,1,1,83.4,0,0,6401,6287,-114,0,4
423.274,7728669,1,1,83.4,0,0,6401,6287,-114,0,4
423.374,7728769,1,1,83.4,0,0,6401,6287,-114,0,4
423.475,7728869,1,1,83.4,0,0,6401,6287,-114,0,4
423.575,7728969,1,1,83.4,0,0,6401,6287,-114,0,4
423.674,7729069,1,1,83.4,0,0,6401,6287,-114,0,4
423.774,7729169,1,1,83.4,0,0,6401,6287,-114,0,4
423.874,7729269,1,1,83.4,0,0,6401,6287,-114,0,4
423.975,7729369,1,1,83.4,0,0,6401,6287,-114,0,4
424.074,7729469,1,1,83.4,0,0,6401,6287,-114,0,4
424.179,7729569,1,1,83.4,0,0,6401,6287,-114,0,4
424.274,7729669,1,1,83.4,0,0,6401,6287,-114,0,4
424.374,7729769,1,1,83.4,0,0,6401,6287,-114,0,4
424.474,7729869,1,1,83.4,0,0,6401,6287,-114,0,4
424.574,7729969,1,1,83.4,0,0,6401,6287,-114,0,4
424.686,7730081,1,1,83.4,0,0,6401,6287,-114,0,4
424.774,7730169,1,1,83.4,0,0,6401,6287,-114,0,4
424.874,7730269,1,1,83.4,0,0,6401,6287,-114,0,4
424.976,7730369,1,1,83.4,0,0,6401,6287,-114,0,4
425.074,7730469,1,1,83.4,0,0,6401,6287,-114,0,4
425.174,7730569,1,1,83.4,0,0,6401,6287,-114,0,4
425.274,7730669,1,1,83.4,0,0,6401,6287,-114,0,4
425.374,7730769,1,1,83.4,0,0,6401,6287,-114,0,4
425.474,7730869,1,1,83.4,0,0,6401,6287,-114,0,4
425.574,7730969,1,1,83.4,0,0,6401,6287,-114,0,4
425.675,7731069,1,1,83.4,0,0,6401,6287,-114,0,4
425.774,7731169,1,1,83.4,0,0,6401,6287,-114,0,4
425.874,7731269,1,1,83.4,0,0,6401,6287,-114,0,4
425.975,7731369,1,1,83.4,0,0,6401,6287,-114,0,4
426.076,7731469,1,1,83.4,0,0,6401,6287,-114,0,4
426.174,7731569,1,1,83.4,0,0,6401,6287,-114,0,4
426.274,7731669,1,1,83.4,0,0,6401,6287,-114,0,4
426.375,7731769,1,1,83.4,0,0,6401,6287,-114,0,4
426.474,7731869,1,1,83.4,0,0,6401,6287,-114,0,4
426.574,7731969,1,1,83.4,0,0,6401,6287,-114,0,4
426.686,7732081,1,1,83.4,0,0,6401,6287,-114,0,4
426.774,7732169,1,1,83.4,0,0,6401,6287,-114,0,4
426.874,7732269,1,1,83.4,0,0,6401,6287,-114,0,4
426.974,7732369,1,1,83.4,0,0,6401,6287,-114,0,4
427.074,7732469,1,1,83.4,0,0,6401,6287,-114,0,4
427.174,7732569,1,1,83.4,0,0,6401,6287,-114,0,4
427.274,7732669,1,1,83.4,0,0,6401,6287,-114,0,4
427.374,7732769,1,1,83.4,0,0,6401,6287,-114,0,4
427.474,7732869,1,1,83.4,0,0,6401,6287,-114,0,4
427.574,7732969,1,1,83.4,0,0,6401,6287,-114,0,4
427.675,7733069,1,1,83.4,0,0,6401,6287,-114,0,4
427.774,7733169,1,1,83.4,0,0,6401,6287,-114,0,4
427.874,7733269,1,1,83.4,0,0,6401,6287,-114,0,4
427.974,7733369,1,1,83.4,0,0,6401,6287,-114,0,4
428.074,7733469,1,1,83.4,0,0,6401,6287,-114,0,4
428.174,7733569,1,1,83.4,0,0,6401,6287,-114,0,4
428.274,7733669,1,1,83.4,0,0,6401,6287,-114,0,4
428.374,7733769,1,1,83.4,0,0,6401,6287,-114,0,4
428.474,7733869,1,1,83.4,0,0,6401,6287,-114,0,4
428.574,7733969,1,1,83.4,0,0,6401,6287,-114,0,4
428.687,7734081,1,1,83.4,0,0,6401,6287,-114,0,4
428.774,7734169,1,1,83.4,0,0,6401,6287,-114,0,4
428.874,7734269,1,1,83.4,0,0,6401,6287,-114,0,4
428.974,7734369,1,1,83.4,0,0,6401,6287,-114,0,4
429.078,7734469,1,1,83.4,0,0,6401,6287,-114,0,4
429.174,7734569,1,1,83.4,0,0,6401,6287,-114,0,4
429.281,7734669,1,1,83.4,0,0,6401,6287,-114,0,4
429.374,7734769,1,1,83.4,0,0,6401,6287,-114,0,4
429.474,7734869,1,1,83.4,0,0,6401,6287,-114,0,4
429.579,7734969,1,1,83.4,0,0,6401,6287,-114,0,4
429.674,7735069,1,1,83.4,0,0,6401,6287,-114,0,4
429.776,7735169,1,1,83.4,0,0,6401,6287,-114,0,4
429.874,7735269,1,1,83.4,0,0,6401,6287,-114,0,4
429.974,7735369,1,1,83.4,0,0,6401,6287,-114,0,4
430.074,7735469,1,1,83.4,0,0,6401,6287,-114,0,4
430.175,7735569,1,1,83.4,0,0,6401,6287,-114,0,4
430.274,7735669,1,1,83.4,0,0,6401,6287,-114,0,4
430.374,7735769,1,1,83.4,0,0,6401,6287,-114,0,4
430.474,7735869,1,1,83.4,0,0,6401,6287,-114,0,4
430.574,7735969,1,1,83.4,0,0,6401,6287,-114,0,4
430.686,7736081,1,1,83.4,0,0,6401,6287,-114,0,4
430.774,7736169,1,1,83.4,0,0,6401,6287,-114,0,4
430.874,7736269,1,1,83.4,0,0,6401,6287,-114,0,4
430.974,7736369,1,1,83.4,0,0,6401,6287,-114,0,4
431.074,7736469,1,1,83.4,0,0,6401,6287,-114,0,4
431.174,7736569,1,1,83.4,0,0,6401,6287,-114,0,4
431.274,7736669,1,1,83.4,0,0,6401,6287,-114,0,4
431.374,7736769,1,1,83.4,0,0,6401,6287,-114,0,4
431.474,7736869,1,1,83.4,0,0,6401,6287,-114,0,4
431.575,7736969,1,1,83.4,0,0,6401,6287,-114,0,4
431.674,7737069,1,1,83.4,0,0,6401,6287,-114,0,4
431.774,7737169,1,1,83.4,0,0,6401,6287,-114,0,4
431.875,7737269,1,1,83.4,0,0,6401,6287,-114,0,4
431.975,7737369,1,1,83.4,0,0,6401,6287,-114,0,4
432.080,7737469,1,1,83.4,0,0,6401,6287,-114,0,4
432.174,7737569,1,1,83.4,0,0,6401,6287,-114,0,4
432.274,7737669,1,1,83.4,0,0,6401,6287,-114,0,4
432.375,7737769,1,1,83.4,0,0,6401,6287,-114,0,4
432.473,7737869,1,1,83.4,0,0,6401,6287,-114,0,4
432.574,7737969,1,1,83.4,0,0,6401,6287,-114,0,4
432.686,7738081,1,1,83.4,0,0,6401,6287,-114,0,4
432.774,7738169,1,1,83.4,0,0,6401,6287,-114,0,4
432.873,7738269,1,1,83.4,0,0,6401,6287,-114,0,4
432.974,7738369,1,1,83.4,0,0,6401,6287,-114,0,4
433.073,7738469,1,1,83.4,0,0,6401,6287,-114,0,4
433.174,7738569,1,1,83.4,0,0,6401,6287,-114,0,4
433.273,7738669,1,1,83.4,0,0,6401,6287,-114,0,4
433.373,7738769,1,1,83.4,0,0,6401,6287,-114,0,4
433.474,7738869,1,1,83.4,0,0,6401,6287,-114,0,4
433.575,7738969,1,1,83.4,0,0,6401,6287,-114,0,4
433.675,7739069,1,1,83.4,0,0,6401,6287,-114,0,4
433.773,7739169,1,1,83.4,0,0,6401,6287,-114,0,4
433.873,7739269,1,1,83.4,0,0,6401,6287,-114,0,4
433.975,7739369,1,1,83.4,0,0,6401,6287,-114,0,4
434.074,7739469,1,1,83.4,0,0,6401,6287,-114,0,4
434.174,7739569,1,1,83.4,0,0,6401,6287,-114,0,4
434.274,7739669,1,1,83.4,0,0,6401,6287,-114,0,4
434.373,7739769,1,1,83.4,0,0,6401,6287,-114,0,4
434.473,7739869,1,1,83.4,0,0,6401,6287,-114,0,4
434.573,7739969,1,1,83.4,0,0,6401,6287,-114,0,4
434.686,7740081,1,1,83.4,0,0,6401,6287,-114,0,4
434.773,7740169,1,1,83.4,0,0,6401,6287,-114,0,4
434.874,7740269,1,1,83.4,0,0,6401,6287,-114,0,4
434.973,7740369,1,1,83.4,0,0,6401,6287,-114,0,4
435.074,7740469,1,1,83.4,0,0,6401,6287,-114,0,4
435.176,7740569,1,1,83.4,0,0,6401,6287,-114,0,4
435.273,7740669,1,1,83.4,0,0,6401,6287,-114,0,4
435.374,7740769,1,1,83.4,0,0,6401,6287,-114,0,4
435.474,7740869,1,1,83.4,0,0,6401,6287,-114,0,4
435.574,7740969,1,1,83.4,0,0,6401,6287,-114,0,4
435.674,7741069,1,1,83.4,0,0,6401,6287,-114,0,4
435.773,7741169,1,1,83.4,0,0,6401,6287,-114,0,4
435.874,7741269,1,1,83.4,0,0,6401,6287,-114,0,4
435.973,7741369,1,1,83.4,0,0,6401,6287,-114,0,4
436.074,7741469,1,1,83.4,0,0,6401,6287,-114,0,4
436.174,7741569,1,1,83.4,0,0,6401,6287,-114,0,4
436.274,7741669,1,1,83.4,0,0,6401,6287,-114,0,4
436.373,7741769,1,1,83.4,0,0,6401,6287,-114,0,4
436.474,7741869,1,1,83.4,0,0,6401,6287,-114,0,4
436.573,7741969,1,1,83.4,0,0,6401,6287,-114,0,4
436.686,7742081,1,1,83.4,0,0,6401,6287,-114,0,4
436.774,7742169,1,1,83.4,0,0,6401,6287,-114,0,4
436.873,7742269,1,1,83.4,0,0,6401,6287,-114,0,4
436.974,7742369,1,1,83.4,0,0,6401,6287,-114,0,4
437.073,7742469,1,1,83.4,0,0,6401,6287,-114,0,4
437.174,7742569,1,1,83.4,0,0,6401,6287,-114,0,4
437.273,7742669,1,1,83.4,0,0,6401,6287,-114,0,4
437.373,7742769,1,1,83.4,0,0,6401,6287,-114,0,4
437.474,7742869,1,1,83.4,0,0,6401,6287,-114,0,4
437.573,7742969,1,1,83.4,0,0,6401,6287,-114,0,4
437.673,7743069,1,1,83.4,0,0,6401,6287,-114,0,4
437.773,7743169,1,1,83.4,0,0,6401,6287,-114,0,4
437.873,7743269,1,1,83.4,0,0,6401,6287,-114,0,4
437.973,7743369,1,1,83.4,0,0,6401,6287,-114,0,4
438.073,7743469,1,1,83.4,0,0,6401,6287,-114,0,4
438.173,7743569,1,1,83.4,0,0,6401,6287,-114,0,4
438.273,7743669,1,1,83.4,0,0,6401,6287,-114,0,4
438.374,7743769,1,1,83.4,0,0,6401,6287,-114,0,4
438.473,7743869,1,1,83.4,0,0,6401,6287,-114,0,4
438.573,7743969,1,1,83.4,0,0,6401,6287,-114,0,4
438.685,7744081,1,1,83.4,0,0,6401,6287,-114,0,4
438.773,7744169,1,1,83.4,0,0,6401,6287,-114,0,4
438.873,7744269,1,1,83.4,0,0,6401,6287,-114,0,4
438.974,7744369,1,1,83.4,0,0,6401,6287,-114,0,4
439.074,7744469,1,1,83.4,0,0,6401,6287,-114,0,4
439.173,7744569,1,1,83.4,0,0,6401,6287,-114,0,4
439.273,7744669,1,1,83.4,0,0,6401,6287,-114,0,4
439.373,7744769,1,1,83.4,0,0,6401,6287,-114,0,4
439.473,7744869,1,1,83.4,0,0,6401,6287,-114,0,4
439.574,7744969,1,1,83.4,0,0,6401,6287,-114,0,4
439.674,7745069,1,1,83.4,0,0,6401,6287,-114,0,4
439.773,7745169,1,1,83.4,0,0,6401,6287,-114,0,4
439.873,7745269,1,1,83.4,0,0,6401,6287,-114,0,4
439.973,7745369,1,1,83.4,0,0,6401,6287,-114,0,4
440.073,7745469,1,1,83.4,0,0,6401,6287,-114,0,4
440.173,7745569,1,1,83.4,0,0,6401,6287,-114,0,4
440.273,7745669,1,1,83.4,0,0,6401,6287,-114,0,4
440.373,7745769,1,1,83.4,0,0,6401,6287,-114,0,4
440.473,7745869,1,1,83.4,0,0,6401,6287,-114,0,4
440.574,7745969,1,1,83.4,0,0,6401,6287,-114,0,4
440.686,7746081,1,1,83.4,0,0,6401,6287,-114,0,4
440.773,7746169,1,1,83.4,0,0,6401,6287,-114,0,4
440.873,7746269,1,1,83.4,0,0,6401,6287,-114,0,4
440.973,7746369,1,1,83.4,0,0,6401,6287,-114,0,4
441.073,7746469,1,1,83.4,0,0,6401,6287,-114,0,4
441.173,7746569,1,1,83.4,0,0,6401,6287,-114,0,4
441.273,7746669,1,1,83.4,0,0,6401,6287,-114,0,4
441.373,7746769,1,1,83.4,0,0,6401,6287,-114,0,4
441.473,7746869,1,1,83.4,0,0,6401,6287,-114,0,4
441.573,7746969,1,1,83.4,0,0,6401,6287,-114,0,4
441.674,7747069,1,1,83.4,0,0,6401,6287,-114,0,4
441.773,7747169,1,1,83.4,0,0,6401,6287,-114,0,4
441.873,7747269,1,1,83.4,0,0,6401,6287,-114,0,4
441.973,7747369,1,1,83.4,0,0,6401,6287,-114,0,4
442.074,7747469,1,1,83.4,0,0,6401,6287,-114,0,4
442.175,7747569,1,1,83.4,0,0,6401,6287,-114,0,4
442.273,7747669,1,1,83.4,0,0,6401,6287,-114,0,4
442.373,7747769,1,1,83.4,0,0,6401,6287,-114,0,4
442.473,7747869,1,1,83.4,0,0,6401,6287,-114,0,4
442.574,7747969,1,1,83.4,0,0,6401,6287,-114,0,4
442.685,7748081,1,1,83.4,0,0,6401,6287,-114,0,4
442.773,7748169,1,1,83.4,0,0,6401,6287,-114,0,4
442.873,7748269,1,1,83.4,0,0,6401,6287,-114,0,4
442.973,7748369,1,1,83.4,0,0,6401,6287,-114,0,4
443.073,7748469,1,1,83.4,0,0,6401,6287,-114,0,4
443.173,7748569,1,1,83.4,0,0,6401,6287,-114,0,4
443.273,7748669,1,1,83.4,0,0,6401,6287,-114,0,4
443.373,7748769,1,1,83.4,0,0,6401,6287,-114,0,4
443.473,7748869,1,1,83.4,0,0,6401,6287,-114,0,4
443.574,7748969,1,1,83.4,0,0,6401,6287,-114,0,4
443.675,7749069,1,1,83.4,0,0,6401,6287,-114,0,4
443.773,7749169,1,1,83.4,0,0,6401,6287,-114,0,4
443.873,7749269,1,1,83.4,0,0,6401,6287,-114,0,4
443.973,7749369,1,1,83.4,0,0,6401,6287,-114,0,4
444.073,7749469,1,1,83.3,0,0,6400,6287,-113,0,4
444.173,7749569,1,1,83.3,0,0,6400,6287,-113,0,4
444.273,7749669,1,1,83.3,0,0,6400,6287,-113,0,4
444.373,7749769,1,1,83.3,0,0,6400,6287,-113,0,4
444.474,7749869,1,1,83.3,0,0,6400,6287,-113,0,4
444.573,7749969,1,1,83.3,0,0,6400,6287,-113,0,4
444.685,7750081,1,1,83.3,0,0,6400,6287,-113,0,4
444.773,7750169,1,1,83.3,0,0,6400,6287,-113,0,4
444.873,7750269,1,1,83.3,0,0,6400,6287,-113,0,4
444.973,7750369,1,1,83.3,0,0,6400,6287,-113,0,4
445.073,7750469,1,1,83.3,0,0,6400,6287,-113,0,4
445.173,7750569,1,1,83.3,0,0,6400,6287,-113,0,4
445.273,7750669,1,1,83.3,0,0,6400,6287,-113,0,4
445.373,7750769,1,1,83.3,0,0,6400,6287,-113,0,4
445.473,7750869,1,1,83.3,0,0,6400,6287,-113,0,4
445.573,7750969,1,1,83.3,0,0,6400,6287,-113,0,4
445.673,7751069,1,1,83.3,0,0,6400,6287,-113,0,4
445.773,7751169,1,1,83.3,0,0,6400,6287,-113,0,4
445.873,7751269,1,1,83.3,0,0,6400,6287,-113,0,4
445.984,7751369,1,1,83.3,0,0,6400,6287,-113,0,4
446.073,7751469,1,1,83.3,0,0,6400,6287,-113,0,4
446.173,7751569,1,1,83.3,0,0,6400,6287,-113,0,4
446.273,7751669,1,1,83.3,0,0,6400,6287,-113,0,4
446.373,7751769,1,1,83.3,0,0,6400,6287,-113,0,4
446.473,7751869,1,1,83.3,0,0,6400,6287,-113,0,4
446.573,7751969,1,1,83.3,0,0,6400,6287,-113,0,4
446.685,7752081,1,1,83.3,0,0,6400,6287,-113,0,4
446.773,7752169,1,1,83.3,0,0,6400,6287,-113,0,4
446.873,7752269,1,1,83.3,0,0,6400,6287,-113,0,4
446.972,7752369,1,1,83.3,0,0,6400,6287,-113,0,4
447.073,7752469,1,1,83.3,0,0,6400,6287,-113,0,4
447.174,7752569,1,1,83.3,0,0,6400,6287,-113,0,4
447.273,7752669,1,1,83.3,0,0,6400,6287,-113,0,4
447.373,7752769,1,1,83.3,0,0,6400,6287,-113,0,4
447.473,7752869,1,1,83.3,0,0,6400,6287,-113,0,4
447.573,7752969,1,1,83.3,0,0,6400,6287,-113,0,4
447.674,7753069,1,1,83.3,0,0,6400,6287,-113,0,4
447.773,7753169,1,1,83.3,0,0,6400,6287,-113,0,4
447.872,7753269,1,1,83.3,0,0,6400,6287,-113,0,4
447.973,7753369,1,1,83.3,0,0,6400,6287,-113,0,4
448.073,7753469,1,1,83.3,0,0,6400,6287,-113,0,4
448.173,7753569,1,1,83.3,0,0,6400,6287,-113,0,4
448.273,7753669,1,1,83.3,0,0,6400,6287,-113,0,4
448.372,7753769,1,1,83.3,0,0,6400,6287,-113,0,4
448.472,7753869,1,1,83.3,0,0,6400,6287,-113,0,4
448.574,7753969,1,1,83.3,0,0,6400,6287,-113,0,4
448.685,7754081,1,1,83.3,0,0,6400,6287,-113,0,4
448.773,7754169,1,1,83.3,0,0,6400,6287,-113,0,4
448.872,7754269,1,1,83.3,0,0,6400,6287,-113,0,4
448.973,7754369,1,1,83.3,0,0,6400,6287,-113,0,4
449.073,7754469,1,1,83.3,0,0,6400,6287,-113,0,4
449.173,7754569,1,1,83.3,0,0,6400,6287,-113,0,4
449.273,7754669,1,1,83.3,0,0,6400,6287,-113,0,4
449.372,7754769,1,1,83.3,0,0,6400,6287,-113,0,4
449.473,7754869,1,1,83.3,0,0,6400,6287,-113,0,4
449.573,7754969,1,1,83.3,0,0,6400,6287,-113,0,4
449.672,7755069,1,1,83.3,0,0,6400,6287,-113,0,4
449.772,7755169,1,1,83.3,0,0,6400,6287,-113,0,4
449.873,7755269,1,1,83.3,0,0,6400,6287,-113,0,4
449.973,7755369,1,1,83.3,0,0,6400,6287,-113,0,4
450.073,7755469,1,1,83.3,0,0,6400,6287,-113,0,4
450.173,7755569,1,1,83.3,0,0,6400,6287,-113,0,4
450.273,7755669,1,1,83.3,0,0,6400,6287,-113,0,4
450.373,7755769,1,1,83.3,0,0,6400,6287,-113,0,4
450.472,7755869,1,1,83.3,0,0,6400,6287,-113,0,4
450.582,7755969,1,1,83.3,0,0,6400,6287,-113,0,4
450.685,7756081,1,1,83.3,0,0,6400,6287,-113,0,4
450.773,7756169,1,1,83.3,0,0,6400,6287,-113,0,4
450.873,7756269,1,1,83.3,0,0,6400,6287,-113,0,4
450.973,7756369,1,1,83.3,0,0,6400,6287,-113,0,4
451.074,7756469,1,1,83.3,0,0,6400,6287,-113,0,4
451.173,7756569,1,1,83.3,0,0,6400,6287,-113,0,4
451.273,7756669,1,1,83.3,0,0,6400,6287,-113,0,4
451.372,7756769,1,1,83.3,0,0,6400,6287,-113,0,4
451.474,7756869,1,1,83.3,0,0,6400,6287,-113,0,4
451.573,7756969,1,1,83.3,0,0,6400,6287,-113,0,4
451.673,7757069,1,1,83.3,0,0,6400,6287,-113,0,4
451.774,7757169,1,1,83.3,0,0,6400,6287,-113,0,4
451.873,7757269,1,1,83.3,0,0,6400,6287,-113,0,4
451.972,7757369,1,1,83.3,0,0,6400,6287,-113,0,4
452.073,7757469,1,1,83.3,0,0,6400,6287,-113,0,4
452.172,7757569,1,1,83.3,0,0,6400,6287,-113,0,4
452.272,7757669,1,1,83.3,0,0,6400,6287,-113,0,4
452.372,7757769,1,1,83.3,0,0,6400,6287,-113,0,4
452.473,7757869,1,1,83.3,0,0,6400,6287,-113,0,4
452.573,7757969,1,1,83.3,0,0,6400,6287,-113,0,4
452.685,7758081,1,1,83.3,0,0,6400,6287,-113,0,4
452.772,7758169,1,1,83.3,0,0,6400,6287,-113,0,4
452.873,7758269,1,1,83.3,0,0,6400,6287,-113,0,4
452.972,7758369,1,1,83.3,0,0,6400,6287,-113,0,4
453.072,7758469,1,1,83.3,0,0,6400,6287,-113,0,4
453.173,7758569,1,1,83.3,0,0,6400,6287,-113,0,4
453.272,7758669,1,1,83.3,0,0,6400,6287,-113,0,4
453.372,7758769,1,1,83.3,0,0,6400,6287,-113,0,4
453.473,7758869,1,1,83.3,0,0,6400,6287,-113,0,4
453.572,7758969,1,1,83.3,0,0,6400,6287,-113,0,4
453.673,7759069,1,1,83.3,0,0,6400,6287,-113,0,4
453.772,7759169,1,1,83.3,0,0,6400,6287,-113,0,4
453.872,7759269,1,1,83.3,0,0,6400,6287,-113,0,4
453.972,7759369,1,1,83.3,0,0,6400,6287,-113,0,4
454.072,7759469,1,1,83.3,0,0,6400,6287,-113,0,4
454.172,7759569,1,1,83.3,0,0,6400,6287,-113,0,4
454.279,7759669,1,1,83.3,0,0,6400,6287,-113,0,4
454.372,7759769,1,1,83.3,0,0,6400,6287,-113,0,4
454.472,7759869,1,1,83.3,0,0,6400,6287,-113,0,4
454.572,7759969,1,1,83.3,0,0,6400,6287,-113,0,4
454.685,7760081,1,1,83.3,0,0,6400,6287,-113,0,4
454.772,7760169,1,1,83.3,0,0,6400,6287,-113,0,4
454.872,7760269,1,1,83.3,0,0,6400,6287,-113,0,4
454.972,7760369,1,1,83.3,0,0,6400,6287,-113,0,4
455.073,7760469,1,1,83.3,0,0,6400,6287,-113,0,4
455.173,7760569,1,1,83.3,0,0,6400,6287,-113,0,4
455.273,7760669,1,1,83.3,0,0,6399,6287,-112,0,4
455.372,7760769,1,1,83.3,0,0,6399,6287,-112,0,4
455.472,7760869,1,1,83.3,0,0,6399,6287,-112,0,4
455.572,7760969,1,1,83.3,0,0,6399,6287,-112,0,4
455.672,7761069,1,1,83.3,0,0,6399,6287,-112,0,4
455.772,7761169,1,1,83.3,0,0,6399,6287,-112,0,4
455.872,7761269,1,1,83.3,0,0,6399,6287,-112,0,4
455.972,7761369,1,1,83.3,0,0,6399,6287,-112,0,4
456.073,7761469,1,1,83.3,0,0,6399,6287,-112,0,4
456.173,7761569,1,1,83.3,0,0,6399,6287,-112,0,4
456.273,7761669,1,1,83.3,0,0,6399,6287,-112,0,4
456.372,7761769,1,1,83.3,0,0,6398,6287,-111,0,4
456.472,7761869,1,1,83.3,0,0,6398,6287,-111,0,4
456.572,7761969,1,1,83.3,0,0,6398,6287,-111,0,4
456.685,7762081,1,1,83.3,0,0,6398,6287,-111,0,4
456.772,7762169,1,1,83.3,0,0,6398,6287,-111,0,4
456.873,7762269,1,1,83.3,0,0,6398,6287,-111,0,4
456.972,7762369,1,1,83.3,0,0,6398,6287,-111,0,4
457.073,7762469,1,1,83.3,0,0,6398,6287,-111,0,4
457.172,7762569,1,1,83.3,0,0,6398,6287,-111,0,4
457.272,7762669,1,1,83.3,0,0,6398,6287,-111,0,4
457.372,7762769,1,1,83.3,0,0,6398,6287,-111,0,4
457.472,7762869,1,1,83.3,0,0,6398,6287,-111,0,4
457.572,7762969,1,1,83.3,0,0,6398,6287,-111,0,4
457.673,7763069,1,1,83.3,0,0,6398,6287,-111,0,4
457.772,7763169,1,1,83.3,0,0,6398,6287,-111,0,4
457.873,7763269,1,1,83.3,0,0,6398,6287,-111,0,4
457.972,7763369,1,1,83.3,0,0,6398,6287,-111,0,4
458.072,7763469,1,1,83.3,0,0,6398,6287,-111,0,4
458.172,7763569,1,1,83.3,0,0,6398,6287,-111,0,4
458.272,7763669,1,1,83.3,0,0,6398,6287,-111,0,4
458.372,7763769,1,1,83.3,0,0,6398,6287,-111,0,4
458.472,7763869,1,1,83.3,0,0,6398,6287,-111,0,4
458.572,7763969,1,1,83.3,0,0,6398,6287,-111,0,4
458.684,7764081,1,1,83.3,0,0,6398,6287,-111,0,4
458.772,7764169,1,1,83.3,0,0,6398,6287,-111,0,4
458.872,7764269,1,1,83.3,0,0,6398,6287,-111,0,4
458.972,7764369,1,1,83.3,0,0,6398,6287,-111,0,4
459.072,7764469,1,1,83.3,0,0,6398,6287,-111,0,4
459.174,7764569,1,1,83.3,0,0,6398,6287,-111,0,4
459.272,7764669,1,1,83.3,0,0,6398,6287,-111,0,4
459.372,7764769,1,1,83.3,0,0,6398,6287,-111,0,4
459.472,7764869,1,1,83.3,0,0,6398,6287,-111,0,4
459.572,7764969,1,1,83.3,0,0,6398,6287,-111,0,4
459.672,7765069,1,1,83.3,0,0,6398,6287,-111,0,4
459.772,7765169,1,1,83.3,0,0,6398,6287,-111,0,4
459.872,7765269,1,1,83.3,0,0,6398,6287,-111,0,4
459.972,7765369,1,1,83.3,0,0,6398,6287,-111,0,4
460.073,7765469,1,1,83.3,0,0,6398,6287,-111,0,4
460.172,7765569,1,1,83.3,0,0,6398,6287,-111,0,4
460.272,7765669,1,1,83.3,0,0,6398,6287,-111,0,4
460.372,7765769,1,1,83.3,0,0,6398,6287,-111,0,4
460.472,7765869,1,1,83.3,0,0,6398,6287,-111,0,4
460.572,7765969,1,1,83.3,0,0,6398,6287,-111,0,4
460.684,7766081,1,1,83.3,0,0,6398,6287,-111,0,4
460.772,7766169,1,1,83.3,0,0,6398,6287,-111,0,4
460.872,7766269,1,1,83.3,0,0,6398,6287,-111,0,4
460.976,7766369,1,1,83.3,0,0,6398,6287,-111,0,4
461.072,7766469,1,1,83.3,0,0,6398,6287,-111,0,4
461.172,7766569,1,1,83.3,0,0,6398,6287,-111,0,4
461.272,7766669,1,1,83.3,0,0,6398,6287,-111,0,4
461.372,7766769,1,1,83.3,0,0,6398,6287,-111,0,4
461.472,7766869,1,1,83.3,0,0,6398,6287,-111,0,4
461.573,7766969,1,1,83.3,0,0,6398,6287,-111,0,4
461.672,7767069,1,1,83.3,0,0,6398,6287,-111,0,4
461.772,7767169,1,1,83.3,0,0,6398,6287,-111,0,4
461.872,7767269,1,1,83.3,0,0,6398,6287,-111,0,4
461.972,7767369,1,1,83.3,0,0,6398,6287,-111,0,4
462.072,7767469,1,1,83.3,0,0,6398,6287,-111,0,4
462.172,7767569,1,1,83.3,0,0,6398,6287,-111,0,4
462.272,7767669,1,1,83.3,0,0,6398,6287,-111,0,4
462.372,7767769,1,1,83.3,0,0,6398,6287,-111,0,4
462.472,7767869,1,1,83.3,0,0,6398,6287,-111,0,4
462.572,7767969,1,1,83.3,0,0,6398,6287,-111,0,4
462.684,7768081,1,1,83.3,0,0,6398,6287,-111,0,4
462.772,7768169,1,1,83.3,0,0,6398,6287,-111,0,4
462.873,7768269,1,1,83.3,0,0,6398,6287,-111,0,4
462.972,7768369,1,1,83.3,0,0,6398,6287,-111,0,4
463.072,7768469,1,1,83.3,0,0,6398,6287,-111,0,4
463.172,7768569,1,1,83.3,0,0,6398,6287,-111,0,4
463.272,7768669,1,1,83.3,0,0,6398,6287,-111,0,4
463.372,7768769,1,1,83.3,0,0,6398,6287,-111,0,4
463.472,7768869,1,1,83.3,0,0,6398,6287,-111,0,4
463.571,7768969,1,1,83.3,0,0,6398,6287,-111,0,4
463.671,7769069,1,1,83.3,0,0,6398,6287,-111,0,4
463.772,7769169,1,1,83.3,0,0,6398,6287,-111,0,4
463.872,7769269,1,1,83.3,0,0,6398,6287,-111,0,4
463.972,7769369,1,1,83.3,0,0,6398,6287,-111,0,4
464.072,7769469,1,1,83.3,0,0,6398,6287,-111,0,4
464.172,7769569,1,1,83.3,0,0,6398,6287,-111,0,4
464.272,7769669,1,1,83.3,0,0,6398,6287,-111,0,4
464.372,7769769,1,1,83.3,0,0,6398,6287,-111,0,4
464.472,7769869,1,1,83.3,0,0,6398,6287,-111,0,4
464.572,7769969,1,1,83.3,0,0,6398,6287,-111,0,4
464.684,7770081,1,1,83.3,0,0,6398,6287,-111,0,4
464.771,7770169,1,1,83.3,0,0,6398,6287,-111,0,4
464.872,7770269,1,1,83.3,0,0,6398,6287,-111,0,4
464.971,7770369,1,1,83.3,0,0,6398,6287,-111,0,4
465.071,7770469,1,1,83.3,0,0,6398,6287,-111,0,4
465.172,7770569,1,1,83.3,0,0,6398,6287,-111,0,4
465.272,7770669,1,1,83.3,0,0,6398,6287,-111,0,4
465.372,7770769,1,1,83.3,0,0,6398,6287,-111,0,4
465.472,7770869,1,1,83.3,0,0,6398,6287,-111,0,4
465.572,7770969,1,1,83.3,0,0,6398,6287,-111,0,4
465.672,7771069,1,1,83.3,0,0,6398,6287,-111,0,4
465.771,7771169,1,1,83.3,0,0,6398,6287,-111,0,4
465.872,7771269,1,1,83.3,0,0,6398,6287,-111,0,4
465.972,7771369,1,1,83.3,0,0,6398,6287,-111,0,4
466.071,7771469,1,1,83.3,0,0,6398,6287,-111,0,4
466.171,7771569,1,1,83.3,0,0,6398,6287,-111,0,4
466.272,7771669,1,1,83.3,0,0,6398,6287,-111,0,4
466.371,7771769,1,1,83.3,0,0,6398,6287,-111,0,4
466.472,7771869,1,1,83.3,0,0,6398,6287,-111,0,4
466.573,7771969,1,1,83.3,0,0,6398,6287,-111,0,4
466.684,7772081,1,1,83.3,0,0,6398,6287,-111,0,4
466.772,7772169,1,1,83.3,0,0,6398,6287,-111,0,4
466.872,7772269,1,1,83.3,0,0,6398,6287,-111,0,4
466.972,7772369,1,1,83.3,0,0,6398,6287,-111,0,4
467.073,7772469,1,1,83.3,0,0,6398,6287,-111,0,4
467.172,7772569,1,1,83.3,0,0,6398,6287,-111,0,4
467.271,7772669,1,1,83.3,0,0,6398,6287,-111,0,4
467.372,7772769,1,1,83.3,0,0,6398,6287,-111,0,4
467.471,7772869,1,1,83.3,0,0,6398,6287,-111,0,4
467.571,7772969,1,1,83.3,0,0,6398,6287,-111,0,4
467.671,7773069,1,1,83.3,0,0,6398,6287,-111,0,4
467.772,7773169,1,1,83.3,0,0,6398,6287,-111,0,4
467.871,7773269,1,1,83.3,0,0,6398,6287,-111,0,4
467.971,7773369,1,1,83.3,0,0,6398,6287,-111,0,4
468.072,7773469,1,1,83.3,0,0,6398,6287,-111,0,4
468.171,7773569,1,1,83.3,0,0,6398,6287,-111,0,4
468.271,7773669,1,1,83.3,0,0,6398,6287,-111,0,4
468.371,7773769,1,1,83.3,0,0,6398,6287,-111,0,4
468.472,7773869,1,1,83.3,0,0,6398,6287,-111,0,4
468.571,7773969,1,1,83.3,0,0,6398,6287,-111,0,4
468.684,7774081,1,1,83.3,0,0,6398,6287,-111,0,4
468.772,7774169,1,1,83.3,0,0,6398,6287,-111,0,4
468.871,7774269,1,1,83.3,0,0,6398,6287,-111,0,4
468.971,7774369,1,1,83.3,0,0,6398,6287,-111,0,4
469.072,7774469,1,1,83.3,0,0,6398,6287,-111,0,4
469.172,7774569,1,1,83.3,0,0,6398,6287,-111,0,4
469.271,7774669,1,1,83.3,0,0,6398,6287,-111,0,4
469.372,7774769,1,1,83.3,0,0,6398,6287,-111,0,4
469.471,7774869,1,1,83.3,0,0,6398,6287,-111,0,4
469.571,7774969,1,1,83.3,0,0,6398,6287,-111,0,4
469.671,7775069,1,1,83.3,0,0,6398,6287,-111,0,4
469.771,7775169,1,1,83.3,0,0,6398,6287,-111,0,4
469.871,7775269,1,1,83.3,0,0,6398,6287,-111,0,4
469.971,7775369,1,1,83.3,0,0,6398,6287,-111,0,4
470.071,7775469,1,1,83.3,0,0,6398,6287,-111,0,4
470.171,7775569,1,1,83.3,0,0,6398,6287,-111,0,4
470.272,7775669,1,1,83.3,0,0,6398,6287,-111,0,4
470.371,7775769,1,1,83.3,0,0,6398,6287,-111,0,4
470.471,7775869,1,1,83.3,0,0,6398,6287,-111,0,4
470.571,7775969,1,1,83.3,0,0,6398,6287,-111,0,4
470.684,7776081,1,1,83.3,0,0,6398,6287,-111,0,4
470.772,7776169,1,1,83.3,0,0,6398,6287,-111,0,4
470.871,7776269,1,1,83.3,0,0,6398,6287,-111,0,4
470.971,7776369,1,1,83.3,0,0,6398,6287,-111,0,4
471.071,7776469,1,1,83.3,0,0,6398,6287,-111,0,4
471.171,7776569,1,1,83.3,0,0,6398,6287,-111,0,4
471.271,7776669,1,1,83.3,0,0,6398,6287,-111,0,4
471.371,7776769,1,1,83.3,0,0,6398,6287,-111,0,4
471.471,7776869,1,1,83.3,0,0,6398,6287,-111,0,4
471.571,7776969,1,1,83.3,0,0,6398,6287,-111,0,4
471.671,7777069,1,1,83.3,0,0,6398,6287,-111,0,4
471.771,7777169,1,1,83.3,0,0,6398,6287,-111,0,4
471.871,7777269,1,1,83.3,0,0,6398,6287,-111,0,4
471.971,7777369,1,1,83.3,0,0,6398,6287,-111,0,4
472.071,7777469,1,1,83.3,0,0,6398,6287,-111,0,4
472.171,7777569,1,1,83.3,0,0,6398,6287,-111,0,4
472.271,7777669,1,1,83.3,0,0,6398,6287,-111,0,4
472.371,7777769,1,1,83.3,0,0,6398,6287,-111,0,4
472.471,7777869,1,1,83.3,0,0,6398,6287,-111,0,4
472.571,7777969,1,1,83.3,0,0,6398,6287,-111,0,4
472.684,7778081,1,1,83.3,0,0,6398,6287,-111,0,4
472.771,7778169,1,1,83.3,0,0,6398,6287,-111,0,4
472.871,7778269,1,1,83.3,0,0,6398,6287,-111,0,4
472.971,7778369,1,1,83.3,0,0,6398,6287,-111,0,4
473.071,7778469,1,1,83.3,0,0,6398,6287,-111,0,4
473.172,7778569,1,1,83.3,0,0,6398,6287,-111,0,4
473.271,7778669,1,1,83.3,0,0,6398,6287,-111,0,4
473.371,7778769,1,1,83.2,0,0,6397,6287,-110,0,4
473.471,7778869,1,1,83.2,0,0,6397,6287,-110,0,4
473.571,7778969,1,1,83.2,0,0,6397,6287,-110,0,4
473.671,7779069,1,1,83.2,0,0,6397,6287,-110,0,4
473.771,7779169,1,1,83.2,0,0,6397,6287,-110,0,4
473.871,7779269,1,1,83.2,0,0,6397,6287,-110,0,4
473.971,7779369,1,1,83.2,0,0,6397,6287,-110,0,4
474.071,7779469,1,1,83.2,0,0,6397,6287,-110,0,4
474.171,7779569,1,1,83.2,0,0,6397,6287,-110,0,4
474.271,7779669,1,1,83.2,0,0,6397,6287,-110,0,4
474.371,7779769,1,1,83.2,0,0,6397,6287,-110,0,4
474.471,7779869,1,1,83.2,0,0,6397,6287,-110,0,4
474.571,7779969,1,1,83.2,0,0,6397,6287,-110,0,4
474.684,7780081,1,1,83.2,0,0,6397,6287,-110,0,4
474.771,7780169,1,1,83.2,0,0,6397,6287,-110,0,4
474.871,7780269,1,1,83.2,0,0,6397,6287,-110,0,4
474.971,7780369,1,1,83.2,0,0,6397,6287,-110,0,4
475.071,7780469,1,1,83.2,0,0,6397,6287,-110,0,4
475.171,7780569,1,1,83.2,0,0,6397,6287,-110,0,4
475.271,7780669,1,1,83.2,0,0,6397,6287,-110,0,4
475.371,7780769,1,1,83.2,0,0,6397,6287,-110,0,4
475.471,7780869,1,1,83.2,0,0,6397,6287,-110,0,4
475.572,7780969,1,1,83.2,0,0,6397,6287,-110,0,4
475.671,7781069,1,1,83.2,0,0,6397,6287,-110,0,4
475.771,7781169,1,1,83.2,0,0,6397,6287,-110,0,4
475.871,7781269,1,1,83.2,0,0,6397,6287,-110,0,4
475.971,7781369,1,1,83.2,0,0,6397,6287,-110,0,4
476.071,7781469,1,1,83.2,0,0,6397,6287,-110,0,4
476.171,7781569,1,1,83.2,0,0,6397,6287,-110,0,4
476.271,7781669,1,1,83.2,0,0,6397,6287,-110,0,4
476.371,7781769,1,1,83.2,0,0,6397,6287,-110,0,4
476.471,7781869,1,1,83.2,0,0,6397,6287,-110,0,4
476.571,7781969,1,1,83.2,0,0,6397,6287,-110,0,4
476.683,7782081,1,1,83.2,0,0,6397,6287,-110,0,4
476.771,7782169,1,1,83.2,0,0,6397,6287,-110,0,4
476.871,7782269,1,1,83.2,0,0,6397,6287,-110,0,4
476.971,7782369,1,1,83.2,0,0,6397,6287,-110,0,4
477.071,7782469,1,1,83.2,0,0,6397,6287,-110,0,4
477.171,7782569,1,1,83.2,0,0,6397,6287,-110,0,4
477.271,7782669,1,1,83.2,0,0,6397,6287,-110,0,4
477.371,7782769,1,1,83.2,0,0,6397,6287,-110,0,4
477.471,7782869,1,1,83.2,0,0,6397,6287,-110,0,4
477.571,7782969,1,1,83.2,0,0,6397,6287,-110,0,4
477.671,7783069,1,1,83.2,0,0,6397,6287,-110,0,4
477.771,7783169,1,1,83.2,0,0,6397,6287,-110,0,4
477.871,7783269,1,1,83.2,0,0,6397,6287,-110,0,4
477.971,7783369,1,1,83.2,0,0,6397,6287,-110,0,4
478.071,7783469,1,1,83.2,0,0,6397,6287,-110,0,4
478.170,7783569,1,1,83.2,0,0,6397,6287,-110,0,4
478.271,7783669,1,1,83.2,0,0,6397,6287,-110,0,4
478.370,7783769,1,1,83.2,0,0,6397,6287,-110,0,4
478.471,7783869,1,1,83.2,0,0,6397,6287,-110,0,4
478.571,7783969,1,1,83.2,0,0,6397,6287,-110,0,4
478.683,7784081,1,1,83.2,0,0,6397,6287,-110,0,4
478.771,7784169,1,1,83.2,0,0,6397,6287,-110,0,4
478.871,7784269,1,1,83.2,0,0,6397,6287,-110,0,4
478.971,7784369,1,1,83.2,0,0,6397,6287,-110,0,4
479.070,7784469,1,1,83.2,0,0,6397,6287,-110,0,4
479.171,7784569,1,1,83.2,0,0,6397,6287,-110,0,4
479.271,7784669,1,1,83.2,0,0,6397,6287,-110,0,4
479.371,7784769,1,1,83.2,0,0,6397,6287,-110,0,4
479.471,7784869,1,1,83.2,0,0,6397,6287,-110,0,4
479.573,7784969,1,1,83.2,0,0,6397,6287,-110,0,4
479.671,7785069,1,1,83.2,0,0,6397,6287,-110,0,4
479.771,7785169,1,1,83.2,0,0,6397,6287,-110,0,4
479.871,7785269,1,1,83.2,0,0,6397,6287,-110,0,4
479.970,7785369,1,1,83.2,0,0,6397,6287,-110,0,4
480.071,7785469,1,1,83.2,0,0,6397,6287,-110,0,4
480.171,7785569,1,1,83.2,0,0,6397,6287,-110,0,4
480.271,7785669,1,1,83.2,0,0,6397,6287,-110,0,4
480.371,7785769,1,1,83.2,0,0,6397,6287,-110,0,4
480.471,7785869,1,1,83.2,0,0,6397,6287,-110,0,4
480.571,7785969,1,1,83.2,0,0,6397,6287,-110,0,4
480.683,7786081,1,1,83.2,0,0,6397,6287,-110,0,4
480.771,7786169,1,1,83.2,0,0,6397,6287,-110,0,4
480.871,7786269,1,1,83.2,0,0,6397,6287,-110,0,4
480.971,7786369,1,1,83.2,0,0,6397,6287,-110,0,4
481.071,7786469,1,1,83.2,0,0,6397,6287,-110,0,4
481.170,7786569,1,1,83.2,0,0,6397,6287,-110,0,4
481.271,7786669,1,1,83.2,0,0,6397,6287,-110,0,4
481.370,7786769,1,1,83.2,0,0,6397,6287,-110,0,4
481.471,7786869,1,1,83.2,0,0,6397,6287,-110,0,4
481.570,7786969,1,1,83.2,0,0,6397,6287,-110,0,4
481.671,7787069,1,1,83.2,0,0,6397,6287,-110,0,4
481.771,7787169,1,1,83.2,0,0,6397,6287,-110,0,4
481.871,7787269,1,1,83.2,0,0,6397,6287,-110,0,4
481.971,7787369,1,1,83.2,0,0,6397,6287,-110,0,4
482.070,7787469,1,1,83.2,0,0,6397,6287,-110,0,4
482.171,7787569,1,1,83.2,0,0,6397,6287,-110,0,4
482.271,7787669,1,1,83.2,0,0,6397,6287,-110,0,4
482.371,7787769,1,1,83.2,0,0,6397,6287,-110,0,4
482.470,7787869,1,1,83.2,0,0,6397,6287,-110,0,4
482.570,7787969,1,1,83.2,0,0,6397,6287,-110,0,4
482.683,7788081,1,1,83.2,0,0,6397,6287,-110,0,4
482.770,7788169,1,1,83.2,0,0,6397,6287,-110,0,4
482.871,7788269,1,1,83.2,0,0,6397,6287,-110,0,4
482.970,7788369,1,1,83.2,0,0,6397,6287,-110,0,4
483.070,7788469,1,1,83.2,0,0,6397,6287,-110,0,4
483.171,7788569,1,1,83.2,0,0,6397,6287,-110,0,4
483.270,7788669,1,1,83.2,0,0,6397,6287,-110,0,4
483.370,7788769,1,1,83.2,0,0,6397,6287,-110,0,4
483.470,7788869,1,1,83.2,0,0,6397,6287,-110,0,4
483.570,7788969,1,1,83.2,0,0,6397,6287,-110,0,4
483.671,7789069,1,1,83.2,0,0,6397,6287,-110,0,4
483.770,7789169,1,1,83.2,0,0,6397,6287,-110,0,4
483.870,7789269,1,1,83.2,0,0,6397,6287,-110,0,4
483.970,7789369,1,1,83.2,0,0,6397,6287,-110,0,4
484.071,7789469,1,1,83.2,0,0,6397,6287,-110,0,4
484.170,7789569,1,1,83.2,0,0,6397,6287,-110,0,4
484.270,7789669,1,1,83.2,0,0,6397,6287,-110,0,4
484.370,7789769,1,1,83.2,0,0,6397,6287,-110,0,4
484.471,7789869,1,1,83.2,0,0,6397,6287,-110,0,4
484.571,7789969,1,1,83.2,0,0,6397,6287,-110,0,4
484.683,7790081,1,1,83.3,0,0,6398,6287,-111,0,4
484.770,7790169,1,1,83.3,0,0,6398,6287,-111,0,4
484.870,7790269,1,1,83.3,0,0,6398,6287,-111,0,4
484.971,7790369,1,1,83.3,0,0,6398,6287,-111,0,4
486.494,7790469,1,1,83.3,0,0,6398,6287,-111,0,4
486.494,7790569,1,1,83.3,0,0,6398,6287,-111,0,4
486.494,7790669,1,1,83.3,0,0,6398,6287,-111,0,4
486.494,7790769,1,1,83.3,0,0,6398,6287,-111,0,4
486.494,7790869,1,1,83.3,0,0,6398,6287,-111,0,4
486.494,7790969,1,1,83.3,0,0,6398,6287,-111,0,4
486.494,7791069,1,1,83.3,0,0,6398,6287,-111,0,4
486.494,7791169,1,1,83.3,0,0,6398,6287,-111,0,4
486.494,7791269,1,1,83.3,0,0,6398,6287,-111,0,4
486.494,7791369,1,1,83.3,0,0,6398,6287,-111,0,4
486.494,7791469,1,1,83.3,0,0,6398,6287,-111,0,4
486.494,7791569,1,1,83.3,0,0,6398,6287,-111,0,4
486.495,7791669,1,1,83.3,0,0,6398,6287,-111,0,4
486.495,7791769,1,1,83.3,0,0,6398,6287,-111,0,4
486.495,7791869,1,1,83.3,0,0,6398,6287,-111,0,4
486.650,7791969,1,1,83.3,0,0,6398,6287,-111,0,4
486.686,7792081,1,1,83.3,0,0,6398,6287,-111,0,4
486.796,7792169,1,1,83.3,0,0,6398,6287,-111,0,4
486.973,7792269,1,1,83.3,0,0,6398,6287,-111,0,4
486.973,7792369,1,1,83.3,0,0,6398,6287,-111,0,4
487.127,7792469,1,1,83.3,0,0,6398,6287,-111,0,4
487.170,7792569,1,1,83.3,0,0,6398,6287,-111,0,4
487.271,7792669,1,1,83.3,0,0,6398,6287,-111,0,4
487.370,7792769,1,1,83.3,0,0,6398,6287,-111,0,4
487.470,7792869,1,1,83.3,0,0,6398,6287,-111,0,4
487.570,7792969,1,1,83.3,0,0,6398,6287,-111,0,4
487.670,7793069,1,1,83.3,0,0,6398,6287,-111,0,4
487.770,7793169,1,1,83.3,0,0,6398,6287,-111,0,4
487.870,7793269,1,1,83.3,0,0,6398,6287,-111,0,4
487.970,7793369,1,1,83.3,0,0,6398,6287,-111,0,4
488.070,7793469,1,1,83.3,0,0,6398,6287,-111,0,4
488.171,7793569,1,1,83.3,0,0,6398,6287,-111,0,4
488.271,7793669,1,1,83.3,0,0,6398,6287,-111,0,4
488.371,7793769,1,1,83.3,0,0,6398,6287,-111,0,4
488.471,7793869,1,1,83.3,0,0,6398,6287,-111,0,4
488.571,7793969,1,1,83.3,0,0,6398,6287,-111,0,4
488.683,7794081,1,1,83.3,0,0,6398,6287,-111,0,4
488.771,7794169,1,1,83.3,0,0,6398,6287,-111,0,4
488.871,7794269,1,1,83.3,0,0,6398,6287,-111,0,4
488.970,7794369,1,1,83.3,0,0,6398,6287,-111,0,4
489.071,7794469,1,1,83.3,0,0,6398,6287,-111,0,4
489.170,7794569,1,1,83.3,0,0,6398,6287,-111,0,4
489.270,7794669,1,1,83.3,0,0,6398,6287,-111,0,4
489.370,7794769,1,1,83.3,0,0,6398,6287,-111,0,4
489.470,7794869,1,1,83.3,0,0,6398,6287,-111,0,4
489.570,7794969,1,1,83.3,0,0,6398,6287,-111,0,4
489.670,7795069,1,1,83.3,0,0,6398,6287,-111,0,4
489.770,7795169,1,1,83.3,0,0,6398,6287,-111,0,4
489.870,7795269,1,1,83.3,0,0,6398,6287,-111,0,4
489.970,7795369,1,1,83.3,0,0,6398,6287,-111,0,4
490.070,7795469,1,1,83.3,0,0,6398,6287,-111,0,4
490.170,7795569,1,1,83.3,0,0,6398,6287,-111,0,4
490.270,7795669,1,1,83.3,0,0,6398,6287,-111,0,4
490.370,7795769,1,1,83.3,0,0,6398,6287,-111,0,4
490.470,7795869,1,1,83.3,0,0,6398,6287,-111,0,4
490.570,7795969,1,1,83.3,0,0,6398,6287,-111,0,4
490.682,7796081,1,1,83.3,0,0,6398,6287,-111,0,4
490.770,7796169,1,1,83.3,0,0,6398,6287,-111,0,4
490.870,7796269,1,1,83.3,0,0,6398,6287,-111,0,4
490.970,7796369,1,1,83.3,0,0,6398,6287,-111,0,4
491.070,7796469,1,1,83.3,0,0,6398,6287,-111,0,4
491.170,7796569,1,1,83.3,0,0,6398,6287,-111,0,4
491.270,7796669,1,1,83.3,0,0,6398,6287,-111,0,4
491.370,7796769,1,1,83.3,0,0,6398,6287,-111,0,4
491.471,7796869,1,1,83.3,0,0,6398,6287,-111,0,4
491.571,7796969,1,1,83.3,0,0,6398,6287,-111,0,4
491.671,7797069,1,1,83.3,0,0,6398,6287,-111,0,4
491.770,7797169,1,1,83.3,0,0,6398,6287,-111,0,4
491.870,7797269,1,1,83.3,0,0,6398,6287,-111,0,4
491.971,7797369,1,1,83.3,0,0,6398,6287,-111,0,4
492.070,7797469,1,1,83.3,0,0,6398,6287,-111,0,4
492.170,7797569,1,1,83.3,0,0,6398,6287,-111,0,4
492.270,7797669,1,1,83.3,0,0,6398,6287,-111,0,4
492.370,7797769,1,1,83.3,0,0,6398,6287,-111,0,4
492.470,7797869,1,1,83.3,0,0,6398,6287,-111,0,4
492.571,7797969,1,1,83.3,0,0,6398,6287,-111,0,4
492.682,7798081,1,1,83.3,0,0,6398,6287,-111,0,4
492.770,7798169,1,1,83.3,0,0,6398,6287,-111,0,4
492.870,7798269,1,1,83.3,0,0,6398,6287,-111,0,4
492.970,7798369,1,1,83.3,0,0,6398,6287,-111,0,4
493.070,7798469,1,1,83.3,0,0,6398,6287,-111,0,4
493.170,7798569,1,1,83.3,0,0,6398,6287,-111,0,4
493.270,7798669,1,1,83.3,0,0,6398,6287,-111,0,4
493.370,7798769,1,1,83.3,0,0,6398,6287,-111,0,4
493.470,7798869,1,1,83.3,0,0,6398,6287,-111,0,4
493.570,7798969,1,1,83.3,0,0,6398,6287,-111,0,4
493.670,7799069,1,1,83.3,0,0,6398,6287,-111,0,4
493.770,7799169,1,1,83.3,0,0,6398,6287,-111,0,4
493.870,7799269,1,1,83.3,0,0,6398,6287,-111,0,4
493.970,7799369,1,1,83.3,0,0,6398,6287,-111,0,4
494.070,7799469,1,1,83.3,0,0,6398,6287,-111,0,4
494.170,7799569,1,1,83.3,0,0,6398,6287,-111,0,4
494.270,7799669,1,1,83.3,0,0,6398,6287,-111,0,4
494.370,7799769,1,1,83.3,0,0,6398,6287,-111,0,4
494.470,7799869,1,1,83.3,0,0,6398,6287,-111,0,4
494.570,7799969,1,1,83.3,0,0,6398,6287,-111,0,4
494.682,7800081,1,1,83.3,0,0,6398,6287,-111,0,4
494.770,7800169,1,1,83.3,0,0,6398,6287,-111,0,4
494.870,7800269,1,1,83.3,0,0,6398,6287,-111,0,4
494.970,7800369,1,1,83.3,0,0,6398,6287,-111,0,4
495.070,7800469,1,1,83.3,0,0,6398,6287,-111,0,4
495.170,7800569,1,1,83.3,0,0,6398,6287,-111,0,4
495.270,7800669,1,1,83.2,0,0,6397,6287,-110,0,4
495.370,7800769,1,1,83.2,0,0,6397,6287,-110,0,4
495.470,7800869,1,1,83.2,0,0,6397,6287,-110,0,4
495.570,7800969,1,1,83.2,0,0,6397,6287,-110,0,4
495.670,7801069,1,1,83.2,0,0,6397,6287,-110,0,4
495.770,7801169,1,1,83.2,0,0,6397,6287,-110,0,4
495.870,7801269,1,1,83.2,0,0,6397,6287,-110,0,4
495.970,7801369,1,1,83.2,0,0,6397,6287,-110,0,4
496.070,7801469,1,1,83.2,0,0,6397,6287,-110,0,4
496.170,7801569,1,1,83.2,0,0,6397,6287,-110,0,4
496.270,7801669,1,1,83.2,0,0,6397,6287,-110,0,4
496.370,7801769,1,1,83.2,0,0,6397,6287,-110,0,4
496.470,7801869,1,1,83.2,0,0,6397,6287,-110,0,4
496.570,7801969,1,1,83.2,0,0,6397,6287,-110,0,4
496.682,7802081,1,1,83.2,0,0,6397,6287,-110,0,4
496.770,7802169,1,1,83.2,0,0,6397,6287,-110,0,4
496.869,7802269,1,1,83.2,0,0,6397,6287,-110,0,4
496.971,7802369,1,1,83.2,0,0,6397,6287,-110,0,4
497.070,7802469,1,1,83.2,0,0,6397,6287,-110,0,4
497.170,7802569,1,1,83.2,0,0,6397,6287,-110,0,4
497.270,7802669,1,1,83.2,0,0,6397,6287,-110,0,4
497.370,7802769,1,1,83.2,0,0,6397,6287,-110,0,4
497.470,7802869,1,1,83.2,0,0,6397,6287,-110,0,4
497.570,7802969,1,1,83.2,0,0,6397,6287,-110,0,4
497.670,7803069,1,1,83.2,0,0,6397,6287,-110,0,4
497.770,7803169,1,1,83.2,0,0,6397,6287,-110,0,4
497.870,7803269,1,1,83.2,0,0,6397,6287,-110,0,4
497.970,7803369,1,1,83.2,0,0,6397,6287,-110,0,4
498.070,7803469,1,1,83.2,0,0,6397,6287,-110,0,4
498.170,7803569,1,1,83.2,0,0,6397,6287,-110,0,4
498.270,7803669,1,1,83.2,0,0,6397,6287,-110,0,4
498.370,7803769,1,1,83.2,0,0,6397,6287,-110,0,4
498.470,7803869,1,1,83.2,0,0,6397,6287,-110,0,4
498.570,7803969,1,1,83.2,0,0,6397,6287,-110,0,4
498.682,7804081,1,1,83.2,0,0,6397,6287,-110,0,4
498.770,7804169,1,1,83.2,0,0,6397,6287,-110,0,4
498.870,7804269,1,1,83.2,0,0,6397,6287,-110,0,4
498.970,7804369,1,1,83.2,0,0,6397,6287,-110,0,4
499.070,7804469,1,1,83.2,0,0,6397,6287,-110,0,4
499.169,7804569,1,1,83.2,0,0,6397,6287,-110,0,4
499.269,7804669,1,1,83.2,0,0,6397,6287,-110,0,4
499.370,7804769,1,1,83.2,0,0,6397,6287,-110,0,4
499.470,7804869,1,1,83.2,0,0,6397,6287,-110,0,4
499.570,7804969,1,1,83.2,0,0,6397,6287,-110,0,4
499.670,7805069,1,1,83.2,0,0,6397,6287,-110,0,4
499.769,7805169,1,1,83.2,0,0,6397,6287,-110,0,4
499.869,7805269,1,1,83.2,0,0,6397,6287,-110,0,4
499.969,7805369,1,1,83.2,0,0,6397,6287,-110,0,4
500.069,7805469,1,1,83.2,0,0,6397,6287,-110,0,4
500.169,7805569,1,1,83.2,0,0,6397,6287,-110,0,4
500.271,7805669,1,1,83.2,0,0,6397,6287,-110,0,4
500.369,7805769,1,1,83.2,0,0,6397,6287,-110,0,4
500.469,7805869,1,1,83.2,0,0,6397,6287,-110,0,4
500.569,7805969,1,1,83.2,0,0,6397,6287,-110,0,4
500.682,7806081,1,1,83.2,0,0,6397,6287,-110,0,4
500.769,7806169,1,1,83.2,0,0,6397,6287,-110,0,4
500.870,7806269,1,1,83.2,0,0,6397,6287,-110,0,4
500.969,7806369,1,1,83.2,0,0,6397,6287,-110,0,4
501.069,7806469,1,1,83.2,0,0,6397,6287,-110,0,4
501.170,7806569,1,1,83.2,0,0,6397,6287,-110,0,4
501.269,7806669,1,1,83.2,0,0,6397,6287,-110,0,4
501.369,7806769,1,1,83.2,0,0,6397,6287,-110,0,4
501.469,7806869,1,1,83.2,0,0,6397,6287,-110,0,4
501.569,7806969,1,1,83.2,0,0,6397,6287,-110,0,4
501.670,7807069,1,1,83.2,0,0,6397,6287,-110,0,4
501.770,7807169,1,1,83.2,0,0,6397,6287,-110,0,4
501.870,7807269,1,1,83.2,0,0,6397,6287,-110,0,4
501.970,7807369,1,1,83.2,0,0,6397,6287,-110,0,4
502.070,7807469,1,1,83.2,0,0,6397,6287,-110,0,4
502.170,7807569,1,1,83.2,0,0,6397,6287,-110,0,4
502.270,7807669,1,1,83.2,0,0,6397,6287,-110,0,4
502.369,7807769,1,1,83.2,0,0,6397,6287,-110,0,4
502.469,7807869,1,1,83.2,0,0,6397,6287,-110,0,4
502.570,7807969,1,1,83.2,0,0,6397,6287,-110,0,4
502.682,7808081,1,1,83.2,0,0,6397,6287,-110,0,4
502.770,7808169,1,1,83.2,0,0,6397,6287,-110,0,4
502.870,7808269,1,1,83.2,0,0,6397,6287,-110,0,4
502.970,7808369,1,1,83.2,0,0,6397,6287,-110,0,4
503.069,7808469,1,1,83.2,0,0,6397,6287,-110,0,4
503.169,7808569,1,1,83.2,0,0,6397,6287,-110,0,4
503.269,7808669,1,1,83.2,0,0,6397,6287,-110,0,4
503.369,7808769,1,1,83.2,0,0,6397,6287,-110,0,4
503.469,7808869,1,1,83.2,0,0,6397,6287,-110,0,4
503.569,7808969,1,1,83.2,0,0,6397,6287,-110,0,4
503.670,7809069,1,1,83.2,0,0,6397,6287,-110,0,4
503.770,7809169,1,1,83.2,0,0,6397,6287,-110,0,4
503.869,7809269,1,1,83.2,0,0,6397,6287,-110,0,4
503.969,7809369,1,1,83.2,0,0,6397,6287,-110,0,4
504.069,7809469,1,1,83.2,0,0,6397,6287,-110,0,4
504.169,7809569,1,1,83.2,0,0,6397,6287,-110,0,4
504.269,7809669,1,1,83.2,0,0,6397,6287,-110,0,4
504.369,7809769,1,1,83.2,0,0,6397,6287,-110,0,4
504.469,7809869,1,1,83.2,0,0,6397,6287,-110,0,4
504.569,7809969,1,1,83.2,0,0,6397,6287,-110,0,4
504.681,7810081,1,1,83.2,0,0,6397,6287,-110,0,4
504.769,7810169,1,1,83.2,0,0,6397,6287,-110,0,4
504.869,7810269,1,1,83.2,0,0,6397,6287,-110,0,4
504.969,7810369,1,1,83.2,0,0,6397,6287,-110,0,4
505.069,7810469,1,1,83.2,0,0,6397,6287,-110,0,4
505.169,7810569,1,1,83.2,0,0,6397,6287,-110,0,4
505.269,7810669,1,1,83.2,0,0,6397,6287,-110,0,4
505.369,7810769,1,1,83.2,0,0,6397,6287,-110,0,4
505.469,7810869,1,1,83.2,0,0,6397,6287,-110,0,4
505.569,7810969,1,1,83.2,0,0,6397,6287,-110,0,4
505.669,7811069,1,1,83.2,0,0,6397,6287,-110,0,4
505.769,7811169,1,1,83.2,0,0,6397,6287,-110,0,4
505.869,7811269,1,1,83.2,0,0,6397,6287,-110,0,4
505.969,7811369,1,1,83.2,0,0,6397,6287,-110,0,4
506.069,7811469,1,1,83.2,0,0,6397,6287,-110,0,4
506.169,7811569,1,1,83.2,0,0,6397,6287,-110,0,4
506.269,7811669,1,1,83.2,0,0,6397,6287,-110,0,4
506.369,7811769,1,1,83.2,0,0,6397,6287,-110,0,4
506.469,7811869,1,1,83.2,0,0,6397,6287,-110,0,4
506.569,7811969,1,1,83.2,0,0,6397,6287,-110,0,4
506.681,7812081,1,1,83.2,0,0,6397,6287,-110,0,4
506.769,7812169,1,1,83.2,0,0,6397,6287,-110,0,4
506.869,7812269,1,1,83.2,0,0,6397,6287,-110,0,4
506.969,7812369,1,1,83.2,0,0,6397,6287,-110,0,4
507.069,7812469,1,1,83.2,0,0,6397,6287,-110,0,4
507.169,7812569,1,1,83.2,0,0,6397,6287,-110,0,4
507.269,7812669,1,1,83.2,0,0,6397,6287,-110,0,4
507.369,7812769,1,1,83.2,0,0,6397,6287,-110,0,4
507.470,7812869,1,1,83.2,0,0,6397,6287,-110,0,4
507.569,7812969,1,1,83.2,0,0,6397,6287,-110,0,4
507.669,7813069,1,1,83.2,0,0,6397,6287,-110,0,4
507.769,7813169,1,1,83.2,0,0,6397,6287,-110,0,4
507.870,7813269,1,1,83.2,0,0,6397,6287,-110,0,4
507.969,7813369,1,1,83.2,0,0,6397,6287,-110,0,4
508.069,7813469,1,1,83.2,0,0,6397,6287,-110,0,4
508.169,7813569,1,1,83.2,0,0,6397,6287,-110,0,4
508.270,7813669,1,1,83.2,0,0,6397,6287,-110,0,4
508.369,7813769,1,1,83.2,0,0,6397,6287,-110,0,4
508.470,7813869,1,1,83.2,0,0,6397,6287,-110,0,4
508.569,7813969,1,1,83.2,0,0,6397,6287,-110,0,4
508.682,7814081,1,1,83.2,0,0,6397,6287,-110,0,4
508.769,7814169,1,1,83.2,0,0,6397,6287,-110,0,4
508.869,7814269,1,1,83.2,0,0,6397,6287,-110,0,4
508.969,7814369,1,1,83.2,0,0,6397,6287,-110,0,4
509.069,7814469,1,1,83.2,0,0,6397,6287,-110,0,4
509.169,7814569,1,1,83.2,0,0,6397,6287,-110,0,4
509.269,7814669,1,1,83.2,0,0,6397,6287,-110,0,4
509.369,7814769,1,1,83.2,0,0,6397,6287,-110,0,4
509.469,7814869,1,1,83.2,0,0,6397,6287,-110,0,4
509.569,7814969,1,1,83.2,0,0,6397,6287,-110,0,4
509.669,7815069,1,1,83.2,0,0,6397,6287,-110,0,4
509.769,7815169,1,1,83.2,0,0,6397,6287,-110,0,4
509.869,7815269,1,1,83.2,0,0,6397,6287,-110,0,4
509.969,7815369,1,1,83.2,0,0,6397,6287,-110,0,4
510.069,7815469,1,1,83.2,0,0,6397,6287,-110,0,4
510.168,7815569,1,1,83.2,0,0,6397,6287,-110,0,4
510.269,7815669,1,1,83.2,0,0,6397,6287,-110,0,4
510.369,7815769,1,1,83.2,0,0,6397,6287,-110,0,4
510.469,7815869,1,1,83.2,0,0,6397,6287,-110,0,4
510.569,7815969,1,1,83.2,0,0,6397,6287,-110,0,4
510.681,7816081,1,1,83.2,0,0,6397,6287,-110,0,4
510.769,7816169,1,1,83.2,0,0,6397,6287,-110,0,4
510.868,7816269,1,1,83.2,0,0,6397,6287,-110,0,4
510.969,7816369,1,1,83.2,0,0,6397,6287,-110,0,4
511.069,7816469,1,1,83.2,0,0,6397,6287,-110,0,4
511.169,7816569,1,1,83.2,0,0,6397,6287,-110,0,4
511.269,7816669,1,1,83.2,0,0,6397,6287,-110,0,4
511.368,7816769,1,1,83.2,0,0,6397,6287,-110,0,4
511.470,7816869,1,1,83.2,0,0,6397,6287,-110,0,4
511.569,7816969,1,1,83.2,0,0,6397,6287,-110,0,4
511.669,7817069,1,1,83.2,0,0,6397,6287,-110,0,4
511.769,7817169,1,1,83.2,0,0,6397,6287,-110,0,4
511.869,7817269,1,1,83.2,0,0,6397,6287,-110,0,4
511.969,7817369,1,1,83.2,0,0,6397,6287,-110,0,4
512.069,7817469,1,1,83.2,0,0,6397,6287,-110,0,4
512.169,7817569,1,1,83.2,0,0,6397,6287,-110,0,4
512.269,7817669,1,1,83.2,0,0,6397,6287,-110,0,4
512.369,7817769,1,1,83.2,0,0,6397,6287,-110,0,4
512.469,7817869,1,1,83.2,0,0,6397,6287,-110,0,4
512.569,7817969,1,1,83.2,0,0,6397,6287,-110,0,4
512.681,7818081,1,1,83.2,0,0,6397,6287,-110,0,4
512.769,7818169,1,1,83.2,0,0,6397,6287,-110,0,4
512.869,7818269,1,1,83.2,0,0,6397,6287,-110,0,4
512.968,7818369,1,1,83.2,0,0,6397,6287,-110,0,4
513.069,7818469,1,1,83.2,0,0,6397,6287,-110,0,4
513.169,7818569,1,1,83.2,0,0,6397,6287,-110,0,4
513.269,7818669,1,1,83.2,0,0,6397,6287,-110,0,4
513.368,7818769,1,1,83.2,0,0,6397,6287,-110,0,4
513.468,7818869,1,1,83.2,0,0,6397,6287,-110,0,4
513.569,7818969,1,1,83.2,0,0,6397,6287,-110,0,4
513.669,7819069,1,1,83.2,0,0,6397,6287,-110,0,4
513.769,7819169,1,1,83.2,0,0,6397,6287,-110,0,4
513.868,7819269,1,1,83.2,0,0,6397,6287,-110,0,4
513.969,7819369,1,1,83.2,0,0,6397,6287,-110,0,4
514.069,7819469,1,1,83.2,0,0,6397,6287,-110,0,4
514.169,7819569,1,1,83.2,0,0,6397,6287,-110,0,4
514.269,7819669,1,1,83.2,0,0,6397,6287,-110,0,4
514.368,7819769,1,1,83.2,0,0,6397,6287,-110,0,4
514.468,7819869,1,1,83.2,0,0,6397,6287,-110,0,4
514.569,7819969,1,1,83.2,0,0,6397,6287,-110,0,4
514.681,7820081,1,1,83.2,0,0,6397,6287,-110,0,4
514.768,7820169,1,1,83.2,0,0,6397,6287,-110,0,4
514.868,7820269,1,1,83.2,0,0,6397,6287,-110,0,4
514.968,7820369,1,1,83.2,0,0,6397,6287,-110,0,4
515.069,7820469,1,1,83.2,0,0,6397,6287,-110,0,4
515.169,7820569,1,1,83.2,0,0,6397,6287,-110,0,4
515.268,7820669,1,1,83.2,0,0,6397,6287,-110,0,4
515.369,7820769,1,1,83.2,0,0,6397,6287,-110,0,4
515.468,7820869,1,1,83.2,0,0,6397,6287,-110,0,4
515.568,7820969,1,1,83.2,0,0,6397,6287,-110,0,4
515.668,7821069,1,1,83.2,0,0,6397,6287,-110,0,4
515.768,7821169,1,1,83.2,0,0,6397,6287,-110,0,4
515.868,7821269,1,1,83.2,0,0,6397,6287,-110,0,4
515.968,7821369,1,1,83.2,0,0,6397,6287,-110,0,4
516.068,7821469,1,1,83.2,0,0,6397,6287,-110,0,4
516.168,7821569,1,1,83.2,0,0,6397,6287,-110,0,4
516.268,7821669,1,1,83.2,0,0,6397,6287,-110,0,4
516.369,7821769,1,1,83.2,0,0,6397,6287,-110,0,4
516.468,7821869,1,1,83.2,0,0,6397,6287,-110,0,4
516.568,7821969,1,1,83.2,0,0,6397,6287,-110,0,4
516.681,7822081,1,1,83.2,0,0,6397,6287,-110,0,4
516.773,7822169,1,1,83.2,0,0,6397,6287,-110,0,4
516.869,7822269,1,1,83.2,0,0,6397,6287,-110,0,4
516.968,7822369,1,1,83.2,0,0,6397,6287,-110,0,4
517.068,7822469,1,1,83.2,0,0,6397,6287,-110,0,4
517.169,7822569,1,1,83.2,0,0,6397,6287,-110,0,4
517.269,7822669,1,1,83.2,0,0,6397,6287,-110,0,4
517.369,7822769,1,1,83.2,0,0,6397,6287,-110,0,4
517.468,7822869,1,1,83.2,0,0,6397,6287,-110,0,4
517.568,7822969,1,1,83.2,0,0,6397,6287,-110,0,4
517.668,7823069,1,1,83.2,0,0,6397,6287,-110,0,4
517.768,7823169,1,1,83.2,0,0,6397,6287,-110,0,4
517.868,7823269,1,1,83.2,0,0,6397,6287,-110,0,4
517.968,7823369,1,1,83.2,0,0,6397,6287,-110,0,4
518.068,7823469,1,1,83.2,0,0,6397,6287,-110,0,4
518.169,7823569,1,1,83.2,0,0,6397,6287,-110,0,4
518.268,7823669,1,1,83.2,0,0,6397,6287,-110,0,4
518.368,7823769,1,1,83.2,0,0,6397,6287,-110,0,4
518.468,7823869,1,1,83.2,0,0,6397,6287,-110,0,4
518.568,7823969,1,1,83.2,0,0,6397,6287,-110,0,4
518.682,7824081,1,1,83.2,0,0,6397,6287,-110,0,4
518.769,7824169,1,1,83.2,0,0,6397,6287,-110,0,4
518.868,7824269,1,1,83.2,0,0,6397,6287,-110,0,4
518.968,7824369,1,1,83.2,0,0,6397,6287,-110,0,4
519.072,7824469,1,1,83.2,0,0,6397,6287,-110,0,4
519.168,7824569,1,1,83.2,0,0,6397,6287,-110,0,4
519.268,7824669,1,1,83.2,0,0,6397,6287,-110,0,4
519.368,7824769,1,1,83.2,0,0,6397,6287,-110,0,4
519.468,7824869,1,1,83.2,0,0,6397,6287,-110,0,4
519.568,7824969,1,1,83.2,0,0,6397,6287,-110,0,4
519.669,7825069,1,1,83.2,0,0,6397,6287,-110,0,4
519.769,7825169,1,1,83.2,0,0,6397,6287,-110,0,4
519.869,7825269,1,1,83.2,0,0,6397,6287,-110,0,4
519.969,7825369,1,1,83.2,0,0,6397,6287,-110,0,4
520.069,7825469,1,1,83.2,0,0,6397,6287,-110,0,4
520.169,7825569,1,1,83.2,0,0,6397,6287,-110,0,4
520.268,7825669,1,1,83.2,0,0,6397,6287,-110,0,4
520.369,7825769,1,1,83.2,0,0,6397,6287,-110,0,4
520.468,7825869,1,1,83.2,0,0,6397,6287,-110,0,4
520.568,7825969,1,1,83.2,0,0,6397,6287,-110,0,4
520.680,7826081,1,1,83.2,0,0,6397,6287,-110,0,4
520.768,7826169,1,1,83.2,0,0,6397,6287,-110,0,4
520.869,7826269,1,1,83.2,0,0,6397,6287,-110,0,4
520.968,7826369,1,1,83.2,0,0,6397,6287,-110,0,4
521.070,7826469,1,1,83.2,0,0,6397,6287,-110,0,4
521.168,7826569,1,1,83.2,0,0,6397,6287,-110,0,4
521.268,7826669,1,1,83.2,0,0,6397,6287,-110,0,4
521.368,7826769,1,1,83.2,0,0,6397,6287,-110,0,4
521.468,7826869,1,1,83.2,0,0,6397,6287,-110,0,4
521.568,7826969,1,1,83.2,0,0,6397,6287,-110,0,4
521.668,7827069,1,1,83.2,0,0,6397,6287,-110,0,4
521.769,7827169,1,1,83.2,0,0,6397,6287,-110,0,4
521.869,7827269,1,1,83.2,0,0,6397,6287,-110,0,4
521.969,7827369,1,1,83.2,0,0,6397,6287,-110,0,4
522.069,7827469,1,1,83.2,0,0,6397,6287,-110,0,4
522.169,7827569,1,1,83.2,0,0,6397,6287,-110,0,4
522.269,7827669,1,1,83.2,0,0,6397,6287,-110,0,4
522.368,7827769,1,1,83.2,0,0,6397,6287,-110,0,4
522.468,7827869,1,1,83.2,0,0,6397,6287,-110,0,4
522.568,7827969,1,1,83.2,0,0,6397,6287,-110,0,4
522.682,7828081,1,1,83.2,0,0,6397,6287,-110,0,4
522.768,7828169,1,1,83.2,0,0,6397,6287,-110,0,4
522.868,7828269,1,1,83.2,0,0,6397,6287,-110,0,4
522.968,7828369,1,1,83.2,0,0,6397,6287,-110,0,4
523.068,7828469,1,1,83.2,0,0,6397,6287,-110,0,4
523.170,7828569,1,1,83.2,0,0,6397,6287,-110,0,4
523.268,7828669,1,1,83.2,0,0,6397,6287,-110,0,4
523.368,7828769,1,1,83.2,0,0,6397,6287,-110,0,4
523.468,7828869,1,1,83.2,0,0,6397,6287,-110,0,4
523.568,7828969,1,1,83.2,0,0,6397,6287,-110,0,4
523.669,7829069,1,1,83.2,0,0,6397,6287,-110,0,4
523.768,7829169,1,1,83.2,0,0,6397,6287,-110,0,4
523.868,7829269,1,1,83.2,0,0,6397,6287,-110,0,4
523.968,7829369,1,1,83.2,0,0,6397,6287,-110,0,4
524.068,7829469,1,1,83.2,0,0,6397,6287,-110,0,4
524.168,7829569,1,1,83.2,0,0,6397,6287,-110,0,4
524.271,7829669,1,1,83.2,0,0,6397,6287,-110,0,4
524.368,7829769,1,1,83.2,0,0,6397,6287,-110,0,4
524.468,7829869,1,1,83.2,0,0,6397,6287,-110,0,4
524.568,7829969,1,1,83.2,0,0,6397,6287,-110,0,4
524.681,7830081,1,1,83.2,0,0,6397,6287,-110,0,4
524.768,7830169,1,1,83.2,0,0,6397,6287,-110,0,4
524.868,7830269,1,1,83.2,0,0,6397,6287,-110,0,4
524.968,7830369,1,1,83.2,0,0,6397,6287,-110,0,4
525.068,7830469,1,1,83.2,0,0,6397,6287,-110,0,4
525.168,7830569,1,1,83.2,0,0,6397,6287,-110,0,4
525.268,7830669,1,1,83.2,0,0,6397,6287,-110,0,4
525.367,7830769,1,1,83.2,0,0,6397,6287,-110,0,4
525.468,7830869,1,1,83.2,0,0,6397,6287,-110,0,4
525.568,7830969,1,1,83.2,0,0,6397,6287,-110,0,4
525.668,7831069,1,1,83.2,0,0,6397,6287,-110,0,4
525.768,7831169,1,1,83.2,0,0,6397,6287,-110,0,4
525.868,7831269,1,1,83.2,0,0,6397,6287,-110,0,4
525.968,7831369,1,1,83.2,0,0,6397,6287,-110,0,4
526.068,7831469,1,1,83.2,0,0,6397,6287,-110,0,4
526.168,7831569,1,1,83.2,0,0,6397,6287,-110,0,4
526.269,7831669,1,1,83.2,0,0,6397,6287,-110,0,4
526.367,7831769,1,1,83.2,0,0,6397,6287,-110,0,4
526.468,7831869,1,1,83.2,0,0,6397,6287,-110,0,4
526.568,7831969,1,1,83.2,0,0,6397,6287,-110,0,4
526.680,7832081,1,1,83.2,0,0,6397,6287,-110,0,4
526.768,7832169,1,1,83.2,0,0,6397,6287,-110,0,4
526.868,7832269,1,1,83.2,0,0,6397,6287,-110,0,4
526.968,7832369,1,1,83.2,0,0,6397,6287,-110,0,4
527.068,7832469,1,1,83.2,0,0,6397,6287,-110,0,4
527.168,7832569,1,1,83.2,0,0,6397,6287,-110,0,4
527.268,7832669,1,1,83.2,0,0,6397,6287,-110,0,4
527.368,7832769,1,1,83.2,0,0,6397,6287,-110,0,4
527.468,7832869,1,1,83.2,0,0,6397,6287,-110,0,4
527.568,7832969,1,1,83.2,0,0,6397,6287,-110,0,4
527.668,7833069,1,1,83.2,0,0,6397,6287,-110,0,4
527.768,7833169,1,1,83.2,0,0,6397,6287,-110,0,4
527.868,7833269,1,1,83.2,0,0,6397,6287,-110,0,4
527.967,7833369,1,1,83.2,0,0,6397,6287,-110,0,4
528.069,7833469,1,1,83.2,0,0,6397,6287,-110,0,4
528.167,7833569,1,1,83.2,0,0,6397,6287,-110,0,4
528.268,7833669,1,1,83.2,0,0,6397,6287,-110,0,4
528.368,7833769,1,1,83.2,0,0,6397,6287,-110,0,4
528.468,7833869,1,1,83.2,0,0,6397,6287,-110,0,4
528.569,7833969,1,1,83.2,0,0,6397,6287,-110,0,4
528.681,7834081,1,1,83.2,0,0,6397,6287,-110,0,4
528.769,7834169,1,1,83.2,0,0,6397,6287,-110,0,4
528.868,7834269,1,1,83.2,0,0,6397,6287,-110,0,4
528.969,7834369,1,1,83.2,0,0,6397,6287,-110,0,4
529.068,7834469,1,1,83.2,0,0,6397,6287,-110,0,4
529.168,7834569,1,1,83.2,0,0,6397,6287,-110,0,4
529.268,7834669,1,1,83.2,0,0,6397,6287,-110,0,4
529.367,7834769,1,1,83.2,0,0,6397,6287,-110,0,4
529.468,7834869,1,1,83.2,0,0,6397,6287,-110,0,4
529.568,7834969,1,1,83.2,0,0,6397,6287,-110,0,4
529.667,7835069,1,1,83.2,0,0,6397,6287,-110,0,4
529.768,7835169,1,1,83.2,0,0,6397,6287,-110,0,4
529.868,7835269,1,1,83.2,0,0,6397,6287,-110,0,4
529.968,7835369,1,1,83.2,0,0,6397,6287,-110,0,4
530.068,7835469,1,1,83.2,0,0,6397,6287,-110,0,4
530.167,7835569,1,1,83.2,0,0,6397,6287,-110,0,4
530.268,7835669,1,1,83.2,0,0,6397,6287,-110,0,4
530.368,7835769,1,1,83.2,0,0,6397,6287,-110,0,4
530.468,7835869,1,1,83.2,0,0,6397,6287,-110,0,4
530.567,7835969,1,1,83.2,0,0,6397,6287,-110,0,4
530.680,7836081,1,1,83.2,0,0,6397,6287,-110,0,4
530.768,7836169,1,1,83.2,0,0,6397,6287,-110,0,4
530.868,7836269,1,1,83.2,0,0,6397,6287,-110,0,4
530.968,7836369,1,1,83.2,0,0,6397,6287,-110,0,4
531.068,7836469,1,1,83.2,0,0,6397,6287,-110,0,4
531.168,7836569,1,1,83.2,0,0,6397,6287,-110,0,4
531.268,7836669,1,1,83.2,0,0,6397,6287,-110,0,4
531.367,7836769,1,1,83.2,0,0,6397,6287,-110,0,4
531.468,7836869,1,1,83.2,0,0,6397,6287,-110,0,4
531.568,7836969,1,1,83.2,0,0,6397,6287,-110,0,4
531.668,7837069,1,1,83.2,0,0,6397,6287,-110,0,4
531.768,7837169,1,1,83.2,0,0,6397,6287,-110,0,4
531.867,7837269,1,1,83.2,0,0,6397,6287,-110,0,4
531.967,7837369,1,1,83.2,0,0,6397,6287,-110,0,4
532.067,7837469,1,1,83.2,0,0,6397,6287,-110,0,4
532.168,7837569,1,1,83.2,0,0,6397,6287,-110,0,4
532.267,7837669,1,1,83.2,0,0,6397,6287,-110,0,4
532.367,7837769,1,1,83.2,0,0,6397,6287,-110,0,4
532.467,7837869,1,1,83.2,0,0,6397,6287,-110,0,4
532.567,7837969,1,1,83.2,0,0,6397,6287,-110,0,4
532.681,7838081,1,1,83.2,0,0,6397,6287,-110,0,4
532.767,7838169,1,1,83.2,0,0,6397,6287,-110,0,4
532.867,7838269,1,1,83.2,0,0,6397,6287,-110,0,4
532.967,7838369,1,1,83.2,0,0,6397,6287,-110,0,4
533.067,7838469,1,1,83.2,0,0,6397,6287,-110,0,4
533.167,7838569,1,1,83.2,0,0,6397,6287,-110,0,4
533.267,7838669,1,1,83.2,0,0,6397,6287,-110,0,4
533.367,7838769,1,1,83.2,0,0,6397,6287,-110,0,4
533.467,7838869,1,1,83.2,0,0,6397,6287,-110,0,4
533.568,7838969,1,1,83.2,0,0,6397,6287,-110,0,4
533.668,7839069,1,1,83.2,0,0,6397,6287,-110,0,4
533.767,7839169,1,1,83.2,0,0,6397,6287,-110,0,4
533.868,7839269,1,1,83.2,0,0,6397,6287,-110,0,4
533.967,7839369,1,1,83.2,0,0,6397,6287,-110,0,4
534.068,7839469,1,1,83.2,0,0,6397,6287,-110,0,4
534.167,7839569,1,1,83.2,0,0,6397,6287,-110,0,4
534.268,7839669,1,1,83.2,0,0,6397,6287,-110,0,4
534.367,7839769,1,1,83.2,0,0,6397,6287,-110,0,4
534.467,7839869,1,1,83.2,0,0,6397,6287,-110,0,4
534.568,7839969,1,1,83.2,0,0,6397,6287,-110,0,4
534.680,7840081,1,1,83.2,0,0,6397,6287,-110,0,4
534.767,7840169,1,1,83.2,0,0,6397,6287,-110,0,4
534.868,7840269,1,1,83.2,0,0,6397,6287,-110,0,4
534.968,7840369,1,1,83.2,0,0,6397,6287,-110,0,4
535.067,7840469,1,1,83.2,0,0,6397,6287,-110,0,4
535.168,7840569,1,1,83.2,0,0,6397,6287,-110,0,4
535.267,7840669,1,1,83.2,0,0,6397,6287,-110,0,4
535.367,7840769,1,1,83.2,0,0,6397,6287,-110,0,4
535.468,7840869,1,1,83.2,0,0,6397,6287,-110,0,4
535.567,7840969,1,1,83.2,0,0,6397,6287,-110,0,4
535.668,7841069,1,1,83.2,0,0,6397,6287,-110,0,4
535.768,7841169,1,1,83.2,0,0,6397,6287,-110,0,4
535.867,7841269,1,1,83.2,0,0,6397,6287,-110,0,4
535.967,7841369,1,1,83.2,0,0,6397,6287,-110,0,4
536.068,7841469,1,1,83.2,0,0,6397,6287,-110,0,4
536.168,7841569,1,1,83.2,0,0,6397,6287,-110,0,4
536.267,7841669,1,1,83.2,0,0,6397,6287,-110,0,4
536.367,7841769,1,1,83.2,0,0,6397,6287,-110,0,4
536.467,7841869,1,1,83.2,0,0,6397,6287,-110,0,4
536.568,7841969,1,1,83.2,0,0,6397,6287,-110,0,4
536.680,7842081,1,1,83.2,0,0,6397,6287,-110,0,4
536.767,7842169,1,1,83.2,0,0,6397,6287,-110,0,4
536.867,7842269,1,1,83.2,0,0,6397,6287,-110,0,4
536.967,7842369,1,1,83.2,0,0,6397,6287,-110,0,4
537.068,7842469,1,1,83.2,0,0,6397,6287,-110,0,4
537.167,7842569,1,1,83.2,0,0,6397,6287,-110,0,4
537.267,7842669,1,1,83.2,0,0,6397,6287,-110,0,4
537.367,7842769,1,1,83.2,0,0,6397,6287,-110,0,4
537.467,7842869,1,1,83.2,0,0,6397,6287,-110,0,4
537.567,7842969,1,1,83.2,0,0,6397,6287,-110,0,4
537.667,7843069,1,1,83.2,0,0,6397,6287,-110,0,4
537.767,7843169,1,1,83.2,0,0,6397,6287,-110,0,4
537.867,7843269,1,1,83.2,0,0,6397,6287,-110,0,4
537.967,7843369,1,1,83.2,0,0,6397,6287,-110,0,4
538.067,7843469,1,1,83.2,0,0,6397,6287,-110,0,4
538.171,7843569,1,1,83.2,0,0,6397,6287,-110,0,4
538.267,7843669,1,1,83.2,0,0,6397,6287,-110,0,4
538.367,7843769,1,1,83.2,0,0,6397,6287,-110,0,4
538.467,7843869,1,1,83.2,0,0,6397,6287,-110,0,4
538.566,7843969,1,1,83.2,0,0,6397,6287,-110,0,4
538.680,7844081,1,1,83.2,0,0,6397,6287,-110,0,4
538.767,7844169,1,1,83.2,0,0,6397,6287,-110,0,4
538.867,7844269,1,1,83.2,0,0,6397,6287,-110,0,4
538.967,7844369,1,1,83.2,0,0,6397,6287,-110,0,4
539.067,7844469,1,1,83.2,0,0,6397,6287,-110,0,4
539.168,7844569,1,1,83.2,0,0,6397,6287,-110,0,4
539.268,7844669,1,1,83.2,0,0,6397,6287,-110,0,4
539.367,7844769,1,1,83.2,0,0,6397,6287,-110,0,4
539.467,7844869,1,1,83.2,0,0,6397,6287,-110,0,4
539.567,7844969,1,1,83.2,0,0,6397,6287,-110,0,4
539.667,7845069,1,1,83.2,0,0,6397,6287,-110,0,4
539.767,7845169,1,1,83.2,0,0,6397,6287,-110,0,4
539.867,7845269,1,1,83.2,0,0,6397,6287,-110,0,4
539.967,7845369,1,1,83.2,0,0,6397,6287,-110,0,4
540.068,7845469,1,1,83.2,0,0,6397,6287,-110,0,4
540.167,7845569,1,1,83.2,0,0,6397,6287,-110,0,4
540.267,7845669,1,1,83.2,0,0,6397,6287,-110,0,4
540.367,7845769,1,1,83.2,0,0,6397,6287,-110,0,4
540.467,7845869,1,1,83.2,0,0,6397,6287,-110,0,4
540.567,7845969,1,1,83.2,0,0,6397,6287,-110,0,4
540.679,7846081,1,1,83.2,0,0,6397,6287,-110,0,4
540.766,7846169,1,1,83.2,0,0,6397,6287,-110,0,4
540.867,7846269,1,1,83.2,0,0,6397,6287,-110,0,4
540.967,7846369,1,1,83.2,0,0,6397,6287,-110,0,4
541.068,7846469,1,1,83.2,0,0,6397,6287,-110,0,4
541.167,7846569,1,1,83.2,0,0,6397,6287,-110,0,4
541.267,7846669,1,1,83.2,0,0,6397,6287,-110,0,4
541.367,7846769,1,1,83.2,0,0,6397,6287,-110,0,4
541.467,7846869,1,1,83.2,0,0,6397,6287,-110,0,4
541.567,7846969,1,1,83.2,0,0,6397,6287,-110,0,4
541.667,7847069,1,1,83.2,0,0,6397,6287,-110,0,4
541.767,7847169,1,1,83.2,0,0,6397,6287,-110,0,4
541.867,7847269,1,1,83.2,0,0,6397,6287,-110,0,4
541.967,7847369,1,1,83.2,0,0,6397,6287,-110,0,4
542.067,7847469,1,1,83.2,0,0,6397,6287,-110,0,4
542.166,7847569,1,1,83.2,0,0,6397,6287,-110,0,4
542.267,7847669,1,1,83.2,0,0,6397,6287,-110,0,4
542.367,7847769,1,1,83.2,0,0,6397,6287,-110,0,4
542.467,7847869,1,1,83.2,0,0,6397,6287,-110,0,4
542.567,7847969,1,1,83.2,0,0,6397,6287,-110,0,4
542.679,7848081,1,1,83.2,0,0,6397,6287,-110,0,4
542.767,7848169,1,1,83.2,0,0,6397,6287,-110,0,4
542.867,7848269,1,1,83.2,0,0,6397,6287,-110,0,4
542.967,7848369,1,1,83.2,0,0,6397,6287,-110,0,4
543.067,7848469,1,1,83.2,0,0,6397,6287,-110,0,4
543.167,7848569,1,1,83.2,0,0,6397,6287,-110,0,4
543.267,7848669,1,1,83.2,0,0,6397,6287,-110,0,4
543.367,7848769,1,1,83.2,0,0,6397,6287,-110,0,4
543.467,7848869,1,1,83.2,0,0,6397,6287,-110,0,4
543.567,7848969,1,1,83.2,0,0,6397,6287,-110,0,4
543.666,7849069,1,1,83.2,0,0,6397,6287,-110,0,4
543.767,7849169,1,1,83.2,0,0,6397,6287,-110,0,4
543.867,7849269,1,1,83.2,0,0,6397,6287,-110,0,4
543.967,7849369,1,1,83.2,0,0,6397,6287,-110,0,4
544.067,7849469,1,1,83.2,0,0,6397,6287,-110,0,4
544.167,7849569,1,1,83.2,0,0,6397,6287,-110,0,4
544.271,7849669,1,1,83.2,0,0,6397,6287,-110,0,4
544.366,7849769,1,1,83.2,0,0,6397,6287,-110,0,4
544.467,7849869,1,1,83.2,0,0,6397,6287,-110,0,4
544.567,7849969,1,1,83.2,0,0,6397,6287,-110,0,4
544.679,7850081,1,1,83.2,0,0,6397,6287,-110,0,4
544.767,7850169,1,1,83.2,0,0,6397,6287,-110,0,4
544.867,7850269,1,1,83.2,0,0,6397,6287,-110,0,4
544.967,7850369,1,1,83.2,0,0,6397,6287,-110,0,4
545.067,7850469,1,1,83.2,0,0,6397,6287,-110,0,4
545.167,7850569,1,1,83.2,0,0,6397,6287,-110,0,4
545.267,7850669,1,1,83.2,0,0,6397,6287,-110,0,4
545.367,7850769,1,1,83.2,0,0,6397,6287,-110,0,4
545.467,7850869,1,1,83.2,0,0,6397,6287,-110,0,4
545.567,7850969,1,1,83.2,0,0,6397,6287,-110,0,4
545.666,7851069,1,1,83.2,0,0,6397,6287,-110,0,4
545.767,7851169,1,1,83.2,0,0,6397,6287,-110,0,4
545.867,7851269,1,1,83.2,0,0,6397,6287,-110,0,4
545.966,7851369,1,1,83.2,0,0,6397,6287,-110,0,4
546.070,7851469,1,1,83.2,0,0,6397,6287,-110,0,4
546.167,7851569,1,1,83.2,0,0,6397,6287,-110,0,4
546.266,7851669,1,1,83.2,0,0,6397,6287,-110,0,4
546.367,7851769,1,1,83.2,0,0,6397,6287,-110,0,4
546.467,7851869,1,1,83.2,0,0,6397,6287,-110,0,4
546.566,7851969,1,1,83.2,0,0,6397,6287,-110,0,4
546.679,7852081,1,1,83.2,0,0,6397,6287,-110,0,4
546.767,7852169,1,1,83.2,0,0,6397,6287,-110,0,4
546.867,7852269,1,1,83.2,0,0,6397,6287,-110,0,4
546.967,7852369,1,1,83.2,0,0,6397,6287,-110,0,4
547.067,7852469,1,1,83.2,0,0,6397,6287,-110,0,4
547.166,7852569,1,1,83.2,0,0,6397,6287,-110,0,4
547.267,7852669,1,1,83.2,0,0,6397,6287,-110,0,4
547.366,7852769,1,1,83.2,0,0,6397,6287,-110,0,4
547.466,7852869,1,1,83.2,0,0,6397,6287,-110,0,4
547.567,7852969,1,1,83.2,0,0,6397,6287,-110,0,4
547.666,7853069,1,1,83.2,0,0,6397,6287,-110,0,4
547.766,7853169,1,1,83.2,0,0,6397,6287,-110,0,4
547.866,7853269,1,1,83.2,0,0,6397,6287,-110,0,4
547.967,7853369,1,1,83.2,0,0,6397,6287,-110,0,4
548.066,7853469,1,1,83.2,0,0,6397,6287,-110,0,4
548.175,7853569,1,1,83.2,0,0,6397,6287,-110,0,4
548.267,7853669,1,1,83.2,0,0,6397,6287,-110,0,4
548.366,7853769,1,1,83.2,0,0,6397,6287,-110,0,4
548.466,7853869,1,1,83.2,0,0,6397,6287,-110,0,4
548.566,7853969,1,1,83.2,0,0,6397,6287,-110,0,4
548.679,7854081,1,1,83.2,0,0,6397,6287,-110,0,4
548.766,7854169,1,1,83.2,0,0,6397,6287,-110,0,4
548.867,7854269,1,1,83.2,0,0,6397,6287,-110,0,4
548.967,7854369,1,1,83.2,0,0,6397,6287,-110,0,4
549.067,7854469,1,1,83.2,0,0,6397,6287,-110,0,4
549.168,7854569,1,1,83.2,0,0,6397,6287,-110,0,4
549.267,7854669,1,1,83.2,0,0,6397,6287,-110,0,4
549.367,7854769,1,1,83.2,0,0,6397,6287,-110,0,4
549.466,7854869,1,1,83.2,0,0,6397,6287,-110,0,4
549.567,7854969,1,1,83.2,0,0,6397,6287,-110,0,4
549.667,7855069,1,1,83.2,0,0,6397,6287,-110,0,4
549.766,7855169,1,1,83.2,0,0,6397,6287,-110,0,4
549.866,7855269,1,1,83.2,0,0,6397,6287,-110,0,4
549.967,7855369,1,1,83.2,0,0,6397,6287,-110,0,4
550.066,7855469,1,1,83.2,0,0,6397,6287,-110,0,4
550.166,7855569,1,1,83.2,0,0,6397,6287,-110,0,4
550.267,7855669,1,1,83.2,0,0,6397,6287,-110,0,4
550.366,7855769,1,1,83.2,0,0,6397,6287,-110,0,4
550.466,7855869,1,1,83.2,0,0,6397,6287,-110,0,4
550.566,7855969,1,1,83.2,0,0,6397,6287,-110,0,4
550.679,7856081,1,1,83.2,0,0,6397,6287,-110,0,4
550.766,7856169,1,1,83.2,0,0,6397,6287,-110,0,4
550.866,7856269,1,1,83.2,0,0,6397,6287,-110,0,4
550.966,7856369,1,1,83.2,0,0,6397,6287,-110,0,4
551.066,7856469,1,1,83.2,0,0,6397,6287,-110,0,4
551.166,7856569,1,1,83.2,0,0,6397,6287,-110,0,4
551.267,7856669,1,1,83.2,0,0,6397,6287,-110,0,4
551.366,7856769,1,1,83.2,0,0,6397,6287,-110,0,4
551.466,7856869,1,1,83.2,0,0,6397,6287,-110,0,4
551.566,7856969,1,1,83.2,0,0,6397,6287,-110,0,4
551.667,7857069,1,1,83.2,0,0,6397,6287,-110,0,4
551.767,7857169,1,1,83.2,0,0,6397,6287,-110,0,4
551.866,7857269,1,1,83.2,0,0,6397,6287,-110,0,4
551.967,7857369,1,1,83.2,0,0,6397,6287,-110,0,4
552.067,7857469,1,1,83.2,0,0,6397,6287,-110,0,4
552.166,7857569,1,1,83.2,0,0,6397,6287,-110,0,4
552.267,7857669,1,1,83.2,0,0,6397,6287,-110,0,4
552.366,7857769,1,1,83.2,0,0,6397,6287,-110,0,4
552.466,7857869,1,1,83.2,0,0,6397,6287,-110,0,4
552.566,7857969,1,1,83.2,0,0,6397,6287,-110,0,4
552.678,7858081,1,1,83.2,0,0,6397,6287,-110,0,4
552.766,7858169,1,1,83.2,0,0,6397,6287,-110,0,4
552.866,7858269,1,1,83.2,0,0,6397,6287,-110,0,4
552.966,7858369,1,1,83.2,0,0,6397,6287,-110,0,4
553.067,7858469,1,1,83.2,0,0,6397,6287,-110,0,4
553.166,7858569,1,1,83.2,0,0,6397,6287,-110,0,4
553.266,7858669,1,1,83.2,0,0,6397,6287,-110,0,4
553.366,7858769,1,1,83.2,0,0,6397,6287,-110,0,4
553.466,7858869,1,1,83.2,0,0,6397,6287,-110,0,4
553.566,7858969,1,1,83.2,0,0,6397,6287,-110,0,4
553.666,7859069,1,1,83.2,0,0,6397,6287,-110,0,4
553.768,7859169,1,1,83.2,0,0,6397,6287,-110,0,4
553.866,7859269,1,1,83.2,0,0,6397,6287,-110,0,4
553.967,7859369,1,1,83.2,0,0,6397,6287,-110,0,4
554.066,7859469,1,1,83.2,0,0,6397,6287,-110,0,4
554.166,7859569,1,1,83.2,0,0,6397,6287,-110,0,4
554.266,7859669,1,1,83.2,0,0,6397,6287,-110,0,4
554.366,7859769,1,1,83.2,0,0,6397,6287,-110,0,4
554.466,7859869,1,1,83.2,0,0,6397,6287,-110,0,4
554.566,7859969,1,1,83.2,0,0,6397,6287,-110,0,4
554.678,7860081,1,1,83.2,0,0,6397,6287,-110,0,4
554.767,7860169,1,1,83.2,0,0,6397,6287,-110,0,4
554.866,7860269,1,1,83.2,0,0,6397,6287,-110,0,4
554.967,7860369,1,1,83.2,0,0,6397,6287,-110,0,4
555.066,7860469,1,1,83.2,0,0,6397,6287,-110,0,4
555.166,7860569,1,1,83.2,0,0,6397,6287,-110,0,4
555.266,7860669,1,1,83.2,0,0,6397,6287,-110,0,4
555.366,7860769,1,1,83.2,0,0,6397,6287,-110,0,4
555.466,7860869,1,1,83.2,0,0,6397,6287,-110,0,4
555.566,7860969,1,1,83.2,0,0,6397,6287,-110,0,4
555.666,7861069,1,1,83.2,0,0,6397,6287,-110,0,4
555.766,7861169,1,1,83.2,0,0,6397,6287,-110,0,4
555.866,7861269,1,1,83.2,0,0,6397,6287,-110,0,4
555.971,7861369,1,1,83.2,0,0,6397,6287,-110,0,4
556.066,7861469,1,1,83.2,0,0,6397,6287,-110,0,4
556.166,7861569,1,1,83.2,0,0,6397,6287,-110,0,4
556.265,7861669,1,1,83.2,0,0,6397,6287,-110,0,4
556.366,7861769,1,1,83.2,0,0,6397,6287,-110,0,4
556.466,7861869,1,1,83.2,0,0,6397,6287,-110,0,4
556.566,7861969,1,1,83.2,0,0,6397,6287,-110,0,4
556.678,7862081,1,1,83.2,0,0,6397,6287,-110,0,4
556.767,7862169,1,1,83.2,0,0,6397,6287,-110,0,4
556.866,7862269,1,1,83.2,0,0,6397,6287,-110,0,4
556.966,7862369,1,1,83.2,0,0,6397,6287,-110,0,4
557.066,7862469,1,1,83.2,0,0,6397,6287,-110,0,4
557.166,7862569,1,1,83.2,0,0,6397,6287,-110,0,4
557.266,7862669,1,1,83.2,0,0,6397,6287,-110,0,4
557.366,7862769,1,1,83.2,0,0,6397,6287,-110,0,4
557.466,7862869,1,1,83.2,0,0,6397,6287,-110,0,4
557.566,7862969,1,1,83.2,0,0,6397,6287,-110,0,4
557.666,7863069,1,1,83.2,0,0,6397,6287,-110,0,4
557.766,7863169,1,1,83.2,0,0,6397,6287,-110,0,4
557.866,7863269,1,1,83.2,0,0,6397,6287,-110,0,4
557.966,7863369,1,1,83.2,0,0,6397,6287,-110,0,4
558.066,7863469,1,1,83.2,0,0,6397,6287,-110,0,4
558.166,7863569,1,1,83.2,0,0,6397,6287,-110,0,4
558.267,7863669,1,1,83.2,0,0,6397,6287,-110,0,4
558.366,7863769,1,1,83.2,0,0,6397,6287,-110,0,4
558.466,7863869,1,1,83.2,0,0,6397,6287,-110,0,4
558.566,7863969,1,1,83.2,0,0,6397,6287,-110,0,4
558.678,7864081,1,1,83.2,0,0,6397,6287,-110,0,4
558.766,7864169,1,1,83.2,0,0,6397,6287,-110,0,4
558.866,7864269,1,1,83.2,0,0,6397,6287,-110,0,4
558.966,7864369,1,1,83.2,0,0,6397,6287,-110,0,4
559.066,7864469,1,1,83.2,0,0,6397,6287,-110,0,4
559.170,7864569,1,1,83.2,0,0,6397,6287,-110,0,4
559.265,7864669,1,1,83.2,0,0,6397,6287,-110,0,4
559.366,7864769,1,1,83.2,0,0,6397,6287,-110,0,4
559.466,7864869,1,1,83.2,0,0,6397,6287,-110,0,4
559.566,7864969,1,1,83.2,0,0,6397,6287,-110,0,4
559.666,7865069,1,1,83.2,0,0,6397,6287,-110,0,4
559.766,7865169,1,1,83.2,0,0,6397,6287,-110,0,4
559.865,7865269,1,1,83.2,0,0,6397,6287,-110,0,4
559.966,7865369,1,1,83.2,0,0,6397,6287,-110,0,4
560.066,7865469,1,1,83.2,0,0,6397,6287,-110,0,4
560.165,7865569,1,1,83.2,0,0,6397,6287,-110,0,4
560.268,7865669,1,1,83.2,0,0,6397,6287,-110,0,4
560.366,7865769,1,1,83.2,0,0,6397,6287,-110,0,4
560.466,7865869,1,1,83.2,0,0,6397,6287,-110,0,4
560.566,7865969,1,1,83.2,0,0,6397,6287,-110,0,4
560.678,7866081,1,1,83.2,0,0,6397,6287,-110,0,4
560.766,7866169,1,1,83.2,0,0,6397,6287,-110,0,4
560.866,7866269,1,1,83.2,0,0,6397,6287,-110,0,4
560.966,7866369,1,1,83.2,0,0,6397,6287,-110,0,4
561.065,7866469,1,1,83.2,0,0,6397,6287,-110,0,4
561.166,7866569,1,1,83.2,0,0,6397,6287,-110,0,4
561.266,7866669,1,1,83.2,0,0,6397,6287,-110,0,4
561.365,7866769,1,1,83.2,0,0,6397,6287,-110,0,4
561.466,7866869,1,1,83.2,0,0,6397,6287,-110,0,4
561.566,7866969,1,1,83.2,0,0,6397,6287,-110,0,4
561.665,7867069,1,1,83.2,0,0,6397,6287,-110,0,4
561.766,7867169,1,1,83.2,0,0,6397,6287,-110,0,4
561.866,7867269,1,1,83.2,0,0,6397,6287,-110,0,4
561.965,7867369,1,1,83.2,0,0,6397,6287,-110,0,4
562.066,7867469,1,1,83.2,0,0,6397,6287,-110,0,4
562.166,7867569,1,1,83.2,0,0,6397,6287,-110,0,4
562.266,7867669,1,1,83.2,0,0,6397,6287,-110,0,4
562.365,7867769,1,1,83.2,0,0,6397,6287,-110,0,4
562.466,7867869,1,1,83.2,0,0,6397,6287,-110,0,4
562.565,7867969,1,1,83.2,0,0,6397,6287,-110,0,4
562.678,7868081,1,1,83.2,0,0,6397,6287,-110,0,4
562.765,7868169,1,1,83.2,0,0,6397,6287,-110,0,4
562.866,7868269,1,1,83.2,0,0,6397,6287,-110,0,4
562.965,7868369,1,1,83.2,0,0,6397,6287,-110,0,4
563.066,7868469,1,1,83.2,0,0,6397,6287,-110,0,4
563.165,7868569,1,1,83.2,0,0,6397,6287,-110,0,4
563.266,7868669,1,1,83.2,0,0,6397,6287,-110,0,4
563.366,7868769,1,1,83.2,0,0,6397,6287,-110,0,4
563.466,7868869,1,1,83.2,0,0,6397,6287,-110,0,4
563.565,7868969,1,1,83.2,0,0,6397,6287,-110,0,4
563.665,7869069,1,1,83.2,0,0,6397,6287,-110,0,4
563.765,7869169,1,1,83.2,0,0,6397,6287,-110,0,4
563.865,7869269,1,1,83.2,0,0,6397,6287,-110,0,4
563.966,7869369,1,1,83.2,0,0,6397,6287,-110,0,4
564.066,7869469,1,1,83.2,0,0,6397,6287,-110,0,4
564.166,7869569,1,1,83.2,0,0,6397,6287,-110,0,4
564.267,7869669,1,1,83.2,0,0,6397,6287,-110,0,4
564.365,7869769,1,1,83.2,0,0,6397,6287,-110,0,4
564.465,7869869,1,1,83.2,0,0,6397,6287,-110,0,4
564.565,7869969,1,1,83.2,0,0,6397,6287,-110,0,4
564.678,7870081,1,1,83.2,0,0,6397,6287,-110,0,4
564.765,7870169,1,1,83.2,0,0,6397,6287,-110,0,4
564.865,7870269,1,1,83.2,0,0,6397,6287,-110,0,4
564.965,7870369,1,1,83.2,0,0,6397,6287,-110,0,4
565.065,7870469,1,1,83.2,0,0,6397,6287,-110,0,4
565.166,7870569,1,1,83.2,0,0,6397,6287,-110,0,4
565.267,7870669,1,1,83.2,0,0,6397,6287,-110,0,4
565.366,7870769,1,1,83.2,0,0,6397,6287,-110,0,4
565.465,7870869,1,1,83.2,0,0,6397,6287,-110,0,4
565.571,7870969,1,1,83.2,0,0,6397,6287,-110,0,4
565.665,7871069,1,1,83.2,0,0,6397,6287,-110,0,4
565.766,7871169,1,1,83.2,0,0,6397,6287,-110,0,4
565.865,7871269,1,1,83.2,0,0,6397,6287,-110,0,4
565.965,7871369,1,1,83.2,0,0,6397,6287,-110,0,4
566.065,7871469,1,1,83.2,0,0,6397,6287,-110,0,4
566.165,7871569,1,1,83.2,0,0,6397,6287,-110,0,4
566.266,7871669,1,1,83.2,0,0,6397,6287,-110,0,4
566.365,7871769,1,1,83.2,0,0,6397,6287,-110,0,4
566.465,7871869,1,1,83.2,0,0,6397,6287,-110,0,4
566.565,7871969,1,1,83.2,0,0,6397,6287,-110,0,4
566.678,7872081,1,1,83.2,0,0,6397,6287,-110,0,4
566.765,7872169,1,1,83.2,0,0,6397,6287,-110,0,4
566.873,7872269,1,1,83.2,0,0,6397,6287,-110,0,4
566.965,7872369,1,1,83.2,0,0,6397,6287,-110,0,4
567.065,7872469,1,1,83.2,0,0,6397,6287,-110,0,4
567.165,7872569,1,1,83.2,0,0,6397,6287,-110,0,4
567.265,7872669,1,1,83.2,0,0,6397,6287,-110,0,4
567.365,7872769,1,1,83.2,0,0,6397,6287,-110,0,4
567.465,7872869,1,1,83.2,0,0,6397,6287,-110,0,4
567.565,7872969,1,1,83.2,0,0,6397,6287,-110,0,4
567.665,7873069,1,1,83.2,0,0,6397,6287,-110,0,4
567.765,7873169,1,1,83.2,0,0,6397,6287,-110,0,4
567.866,7873269,1,1,83.2,0,0,6397,6287,-110,0,4
567.969,7873369,1,1,83.2,0,0,6397,6287,-110,0,4
568.066,7873469,1,1,83.2,0,0,6397,6287,-110,0,4
568.166,7873569,1,1,83.2,0,0,6397,6287,-110,0,4
568.265,7873669,1,1,83.2,0,0,6397,6287,-110,0,4
568.366,7873769,1,1,83.2,0,0,6397,6287,-110,0,4
568.466,7873869,1,1,83.2,0,0,6397,6287,-110,0,4
568.566,7873969,1,1,83.2,0,0,6397,6287,-110,0,4
568.678,7874081,1,1,83.2,0,0,6397,6287,-110,0,4
568.765,7874169,1,1,83.2,0,0,6397,6287,-110,0,4
568.865,7874269,1,1,83.2,0,0,6397,6287,-110,0,4
568.965,7874369,1,1,83.2,0,0,6397,6287,-110,0,4
569.065,7874469,1,1,83.2,0,0,6397,6287,-110,0,4
569.165,7874569,1,1,83.2,0,0,6397,6287,-110,0,4
569.265,7874669,1,1,83.2,0,0,6397,6287,-110,0,4
569.365,7874769,1,1,83.2,0,0,6397,6287,-110,0,4
569.465,7874869,1,1,83.2,0,0,6397,6287,-110,0,4
569.565,7874969,1,1,83.2,0,0,6397,6287,-110,0,4
569.665,7875069,1,1,83.2,0,0,6397,6287,-110,0,4
569.765,7875169,1,1,83.2,0,0,6397,6287,-110,0,4
569.865,7875269,1,1,83.2,0,0,6397,6287,-110,0,4
569.965,7875369,1,1,83.2,0,0,6397,6287,-110,0,4
570.065,7875469,1,1,83.2,0,0,6397,6287,-110,0,4
570.165,7875569,1,1,83.2,0,0,6397,6287,-110,0,4
570.265,7875669,1,1,83.2,0,0,6397,6287,-110,0,4
570.365,7875769,1,1,83.2,0,0,6397,6287,-110,0,4
570.465,7875869,1,1,83.2,0,0,6397,6287,-110,0,4
570.565,7875969,1,1,83.2,0,0,6397,6287,-110,0,4
570.677,7876081,1,1,83.2,0,0,6397,6287,-110,0,4
570.765,7876169,1,1,83.2,0,0,6397,6287,-110,0,4
570.865,7876269,1,1,83.2,0,0,6397,6287,-110,0,4
570.965,7876369,1,1,83.2,0,0,6397,6287,-110,0,4
571.065,7876469,1,1,83.2,0,0,6397,6287,-110,0,4
571.165,7876569,1,1,83.2,0,0,6397,6287,-110,0,4
571.265,7876669,1,1,83.2,0,0,6397,6287,-110,0,4
571.365,7876769,1,1,83.2,0,0,6397,6287,-110,0,4
571.466,7876869,1,1,83.2,0,0,6397,6287,-110,0,4
571.566,7876969,1,1,83.2,0,0,6397,6287,-110,0,4
571.664,7877069,1,1,83.2,0,0,6397,6287,-110,0,4
571.765,7877169,1,1,83.2,0,0,6397,6287,-110,0,4
571.864,7877269,1,1,83.2,0,0,6397,6287,-110,0,4
571.965,7877369,1,1,83.2,0,0,6397,6287,-110,0,4
572.065,7877469,1,1,83.2,0,0,6397,6287,-110,0,4
572.168,7877569,1,1,83.2,0,0,6397,6287,-110,0,4
572.265,7877669,1,1,83.2,0,0,6397,6287,-110,0,4
572.365,7877769,1,1,83.2,0,0,6397,6287,-110,0,4
572.465,7877869,1,1,83.2,0,0,6397,6287,-110,0,4
572.564,7877969,1,1,83.2,0,0,6397,6287,-110,0,4
572.677,7878081,1,1,83.2,0,0,6397,6287,-110,0,4
572.765,7878169,1,1,83.2,0,0,6397,6287,-110,0,4
572.865,7878269,1,1,83.2,0,0,6397,6287,-110,0,4
572.964,7878369,1,1,83.2,0,0,6397,6287,-110,0,4
573.065,7878469,1,1,83.2,0,0,6397,6287,-110,0,4
573.170,7878569,1,1,83.2,0,0,6397,6287,-110,0,4
573.265,7878669,1,1,83.2,0,0,6397,6287,-110,0,4
573.365,7878769,1,1,83.2,0,0,6397,6287,-110,0,4
573.465,7878869,1,1,83.2,0,0,6397,6287,-110,0,4
573.565,7878969,1,1,83.2,0,0,6397,6287,-110,0,4
573.665,7879069,1,1,83.2,0,0,6397,6287,-110,0,4
573.765,7879169,1,1,83.2,0,0,6397,6287,-110,0,4
573.865,7879269,1,1,83.2,0,0,6397,6287,-110,0,4
573.965,7879369,1,1,83.2,0,0,6397,6287,-110,0,4
574.065,7879469,1,1,83.2,0,0,6397,6287,-110,0,4
574.165,7879569,1,1,83.2,0,0,6397,6287,-110,0,4
574.264,7879669,1,1,83.2,0,0,6397,6287,-110,0,4
574.365,7879769,1,1,83.2,0,0,6397,6287,-110,0,4
574.467,7879869,1,1,83.2,0,0,6397,6287,-110,0,4
574.566,7879969,1,1,83.2,0,0,6397,6287,-110,0,4
574.677,7880081,1,1,83.2,0,0,6397,6287,-110,0,4
574.764,7880169,1,1,83.2,0,0,6397,6287,-110,0,4
574.865,7880269,1,1,83.2,0,0,6397,6287,-110,0,4
574.965,7880369,1,1,83.2,0,0,6397,6287,-110,0,4
575.065,7880469,1,1,83.2,0,0,6397,6287,-110,0,4
575.167,7880569,1,1,83.2,0,0,6397,6287,-110,0,4
575.265,7880669,1,1,83.2,0,0,6397,6287,-110,0,4
575.365,7880769,1,1,83.2,0,0,6397,6287,-110,0,4
575.465,7880869,1,1,83.2,0,0,6397,6287,-110,0,4
575.564,7880969,1,1,83.2,0,0,6397,6287,-110,0,4
575.665,7881069,1,1,83.2,0,0,6397,6287,-110,0,4
575.764,7881169,1,1,83.2,0,0,6397,6287,-110,0,4
575.877,7881269,1,1,83.2,0,0,6397,6287,-110,0,4
575.965,7881369,1,1,83.2,0,0,6397,6287,-110,0,4
576.066,7881469,1,1,83.2,0,0,6397,6287,-110,0,4
576.164,7881569,1,1,83.2,0,0,6397,6287,-110,0,4
576.271,7881669,1,1,83.2,0,0,6397,6287,-110,0,4
576.366,7881769,1,1,83.2,0,0,6397,6287,-110,0,4
576.464,7881869,1,1,83.2,0,0,6397,6287,-110,0,4
576.565,7881969,1,1,83.2,0,0,6397,6287,-110,0,4
576.677,7882081,1,1,83.2,0,0,6397,6287,-110,0,4
576.765,7882169,1,1,83.2,0,0,6397,6287,-110,0,4
576.865,7882269,1,1,83.2,0,0,6397,6287,-110,0,4
576.964,7882369,1,1,83.2,0,0,6397,6287,-110,0,4
577.065,7882469,1,1,83.2,0,0,6397,6287,-110,0,4
577.164,7882569,1,1,83.2,0,0,6397,6287,-110,0,4
577.265,7882669,1,1,83.2,0,0,6397,6287,-110,0,4
577.364,7882769,1,1,83.2,0,0,6397,6287,-110,0,4
577.465,7882869,1,1,83.2,0,0,6397,6287,-110,0,4
577.565,7882969,1,1,83.2,0,0,6397,6287,-110,0,4
577.664,7883069,1,1,83.2,0,0,6397,6287,-110,0,4
577.764,7883169,1,1,83.2,0,0,6397,6287,-110,0,4
577.864,7883269,1,1,83.2,0,0,6397,6287,-110,0,4
577.964,7883369,1,1,83.2,0,0,6397,6287,-110,0,4
578.065,7883469,1,1,83.2,0,0,6397,6287,-110,0,4
578.165,7883569,1,1,83.2,0,0,6397,6287,-110,0,4
578.265,7883669,1,1,83.2,0,0,6397,6287,-110,0,4
578.365,7883769,1,1,83.2,0,0,6397,6287,-110,0,4
578.465,7883869,1,1,83.2,0,0,6397,6287,-110,0,4
578.565,7883969,1,1,83.2,0,0,6397,6287,-110,0,4
578.677,7884081,1,1,83.2,0,0,6397,6287,-110,0,4
578.764,7884169,1,1,83.2,0,0,6397,6287,-110,0,4
578.864,7884269,1,1,83.2,0,0,6397,6287,-110,0,4
578.964,7884369,1,1,83.2,0,0,6397,6287,-110,0,4
579.064,7884469,1,1,83.2,0,0,6397,6287,-110,0,4
579.164,7884569,1,1,83.2,0,0,6397,6287,-110,0,4
579.264,7884669,1,1,83.2,0,0,6397,6287,-110,0,4
579.365,7884769,1,1,83.2,0,0,6397,6287,-110,0,4
579.464,7884869,1,1,83.2,0,0,6397,6287,-110,0,4
579.565,7884969,1,1,83.2,0,0,6397,6287,-110,0,4
579.664,7885069,1,1,83.2,0,0,6397,6287,-110,0,4
579.766,7885169,1,1,83.2,0,0,6397,6287,-110,0,4
579.871,7885269,1,1,83.2,0,0,6397,6287,-110,0,4
579.965,7885369,1,1,83.2,0,0,6397,6287,-110,0,4
580.064,7885469,1,1,83.2,0,0,6397,6287,-110,0,4
580.164,7885569,1,1,83.2,0,0,6397,6287,-110,0,4
580.265,7885669,1,1,83.2,0,0,6397,6287,-110,0,4
580.364,7885769,1,1,83.2,0,0,6397,6287,-110,0,4
580.464,7885869,1,1,83.2,0,0,6397,6287,-110,0,4
580.564,7885969,1,1,83.2,0,0,6397,6287,-110,0,4
580.676,7886081,1,1,83.2,0,0,6397,6287,-110,0,4
580.764,7886169,1,1,83.2,0,0,6397,6287,-110,0,4
580.864,7886269,1,1,83.2,0,0,6397,6287,-110,0,4
580.965,7886369,1,1,83.2,0,0,6397,6287,-110,0,4
581.064,7886469,1,1,83.2,0,0,6397,6287,-110,0,4
581.164,7886569,1,1,83.2,0,0,6397,6287,-110,0,4
581.264,7886669,1,1,83.2,0,0,6397,6287,-110,0,4
581.365,7886769,1,1,83.2,0,0,6397,6287,-110,0,4
581.464,7886869,1,1,83.2,0,0,6397,6287,-110,0,4
581.564,7886969,1,1,83.2,0,0,6397,6287,-110,0,4
581.664,7887069,1,1,83.2,0,0,6397,6287,-110,0,4
581.764,7887169,1,1,83.2,0,0,6397,6287,-110,0,4
581.864,7887269,1,1,83.2,0,0,6397,6287,-110,0,4
581.964,7887369,1,1,83.2,0,0,6397,6287,-110,0,4
582.064,7887469,1,1,83.2,0,0,6397,6287,-110,0,4
582.164,7887569,1,1,83.2,0,0,6397,6287,-110,0,4
582.264,7887669,1,1,83.2,0,0,6397,6287,-110,0,4
582.364,7887769,1,1,83.2,0,0,6397,6287,-110,0,4
582.464,7887869,1,1,83.2,0,0,6397,6287,-110,0,4
582.564,7887969,1,1,83.2,0,0,6397,6287,-110,0,4
582.677,7888081,1,1,83.2,0,0,6397,6287,-110,0,4
582.764,7888169,1,1,83.2,0,0,6397,6287,-110,0,4
582.864,7888269,1,1,83.2,0,0,6397,6287,-110,0,4
582.964,7888369,1,1,83.2,0,0,6397,6287,-110,0,4
583.064,7888469,1,1,83.2,0,0,6397,6287,-110,0,4
583.170,7888569,1,1,83.2,0,0,6397,6287,-110,0,4
583.264,7888669,1,1,83.2,0,0,6397,6287,-110,0,4
583.364,7888769,1,1,83.2,0,0,6397,6287,-110,0,4
583.464,7888869,1,1,83.2,0,0,6397,6287,-110,0,4
583.565,7888969,1,1,83.2,0,0,6397,6287,-110,0,4
583.664,7889069,1,1,83.2,0,0,6397,6287,-110,0,4
583.764,7889169,1,1,83.2,0,0,6397,6287,-110,0,4
583.865,7889269,1,1,83.2,0,0,6397,6287,-110,0,4
583.964,7889369,1,1,83.2,0,0,6397,6287,-110,0,4
584.064,7889469,1,1,83.2,0,0,6397,6287,-110,0,4
584.164,7889569,1,1,83.2,0,0,6397,6287,-110,0,4
584.268,7889669,1,1,83.2,0,0,6397,6287,-110,0,4
584.364,7889769,1,1,83.2,0,0,6397,6287,-110,0,4
584.464,7889869,1,1,83.2,0,0,6397,6287,-110,0,4
584.564,7889969,1,1,83.2,0,0,6397,6287,-110,0,4
584.676,7890081,1,1,83.2,0,0,6397,6287,-110,0,4
584.764,7890169,1,1,83.2,0,0,6397,6287,-110,0,4
584.864,7890269,1,1,83.2,0,0,6397,6287,-110,0,4
584.964,7890369,1,1,83.2,0,0,6397,6287,-110,0,4
585.064,7890469,1,1,83.2,0,0,6397,6287,-110,0,4
585.164,7890569,1,1,83.2,0,0,6397,6287,-110,0,4
585.265,7890669,1,1,83.2,0,0,6397,6287,-110,0,4
585.365,7890769,1,1,83.2,0,0,6397,6287,-110,0,4
585.465,7890869,1,1,83.2,0,0,6397,6287,-110,0,4
585.564,7890969,1,1,83.2,0,0,6397,6287,-110,0,4
585.664,7891069,1,1,83.2,0,0,6397,6287,-110,0,4
585.764,7891169,1,1,83.2,0,0,6397,6287,-110,0,4
585.864,7891269,1,1,83.2,0,0,6397,6287,-110,0,4
585.964,7891369,1,1,83.2,0,0,6397,6287,-110,0,4
586.064,7891469,1,1,83.2,0,0,6397,6287,-110,0,4
586.164,7891569,1,1,83.2,0,0,6397,6287,-110,0,4
586.264,7891669,1,1,83.2,0,0,6397,6287,-110,0,4
586.364,7891769,1,1,83.2,0,0,6397,6287,-110,0,4
586.465,7891869,1,1,83.2,0,0,6397,6287,-110,0,4
586.569,7891969,1,1,83.2,0,0,6397,6287,-110,0,4
586.676,7892081,1,1,83.2,0,0,6397,6287,-110,0,4
586.764,7892169,1,1,83.2,0,0,6397,6287,-110,0,4
586.864,7892269,1,1,83.2,0,0,6397,6287,-110,0,4
586.964,7892369,1,1,83.2,0,0,6397,6287,-110,0,4
587.064,7892469,1,1,83.2,0,0,6397,6287,-110,0,4
587.164,7892569,1,1,83.2,0,0,6397,6287,-110,0,4
587.264,7892669,1,1,83.2,0,0,6397,6287,-110,0,4
587.364,7892769,1,1,83.2,0,0,6397,6287,-110,0,4
587.464,7892869,1,1,83.2,0,0,6397,6287,-110,0,4
587.564,7892969,1,1,83.2,0,0,6397,6287,-110,0,4
587.665,7893069,1,1,83.2,0,0,6397,6287,-110,0,4
587.764,7893169,1,1,83.2,0,0,6397,6287,-110,0,4
587.864,7893269,1,1,83.2,0,0,6397,6287,-110,0,4
587.965,7893369,1,1,83.2,0,0,6397,6287,-110,0,4
588.064,7893469,1,1,83.2,0,0,6397,6287,-110,0,4
588.164,7893569,1,1,83.2,0,0,6397,6287,-110,0,4
588.265,7893669,1,1,83.2,0,0,6397,6287,-110,0,4
588.365,7893769,1,1,83.2,0,0,6397,6287,-110,0,4
588.463,7893869,1,1,83.2,0,0,6397,6287,-110,0,4
588.564,7893969,1,1,83.2,0,0,6397,6287,-110,0,4
588.676,7894081,1,1,83.2,0,0,6397,6287,-110,0,4
588.764,7894169,1,1,83.2,0,0,6397,6287,-110,0,4
588.865,7894269,1,1,83.2,0,0,6397,6287,-110,0,4
588.965,7894369,1,1,83.2,0,0,6397,6287,-110,0,4
589.063,7894469,1,1,83.2,0,0,6397,6287,-110,0,4
589.167,7894569,1,1,83.2,0,0,6397,6287,-110,0,4
589.270,7894669,1,1,83.2,0,0,6397,6287,-110,0,4
589.364,7894769,1,1,83.2,0,0,6397,6287,-110,0,4
589.464,7894869,1,1,83.2,0,0,6397,6287,-110,0,4
589.565,7894969,1,1,83.2,0,0,6397,6287,-110,0,4
589.664,7895069,1,1,83.2,0,0,6397,6287,-110,0,4
589.764,7895169,1,1,83.2,0,0,6397,6287,-110,0,4
589.864,7895269,1,1,83.2,0,0,6397,6287,-110,0,4
589.963,7895369,1,1,83.2,0,0,6397,6287,-110,0,4
590.064,7895469,1,1,83.2,0,0,6397,6287,-110,0,4
590.164,7895569,1,1,83.2,0,0,6397,6287,-110,0,4
590.264,7895669,1,1,83.2,0,0,6397,6287,-110,0,4
590.364,7895769,1,1,83.2,0,0,6397,6287,-110,0,4
590.464,7895869,1,1,83.2,0,0,6397,6287,-110,0,4
590.565,7895969,1,1,83.2,0,0,6397,6287,-110,0,4
590.676,7896081,1,1,83.2,0,0,6397,6287,-110,0,4
590.764,7896169,1,1,83.2,0,0,6397,6287,-110,0,4
590.864,7896269,1,1,83.2,0,0,6397,6287,-110,0,4
590.963,7896369,1,1,83.2,0,0,6397,6287,-110,0,4
591.064,7896469,1,1,83.2,0,0,6397,6287,-110,0,4
591.165,7896569,1,1,83.2,0,0,6397,6287,-110,0,4
591.264,7896669,1,1,83.2,0,0,6397,6287,-110,0,4
591.364,7896769,1,1,83.2,0,0,6397,6287,-110,0,4
591.464,7896869,1,1,83.2,0,0,6397,6287,-110,0,4
591.564,7896969,1,1,83.2,0,0,6397,6287,-110,0,4
591.664,7897069,1,1,83.2,0,0,6397,6287,-110,0,4
591.764,7897169,1,1,83.2,0,0,6397,6287,-110,0,4
591.864,7897269,1,1,83.2,0,0,6397,6287,-110,0,4
591.964,7897369,1,1,83.2,0,0,6397,6287,-110,0,4
592.063,7897469,1,1,83.2,0,0,6397,6287,-110,0,4
592.164,7897569,1,1,83.2,0,0,6397,6287,-110,0,4
592.264,7897669,1,1,83.2,0,0,6397,6287,-110,0,4
592.364,7897769,1,1,83.2,0,0,6397,6287,-110,0,4
592.465,7897869,1,1,83.2,0,0,6397,6287,-110,0,4
592.564,7897969,1,1,83.2,0,0,6397,6287,-110,0,4
592.676,7898081,1,1,83.2,0,0,6397,6287,-110,0,4
592.763,7898169,1,1,83.2,0,0,6397,6287,-110,0,4
592.864,7898269,1,1,83.2,0,0,6397,6287,-110,0,4
592.964,7898369,1,1,83.2,0,0,6397,6287,-110,0,4
593.065,7898469,1,1,83.2,0,0,6397,6287,-110,0,4
593.164,7898569,1,1,83.2,0,0,6397,6287,-110,0,4
593.264,7898669,1,1,83.2,0,0,6397,6287,-110,0,4
593.364,7898769,1,1,83.2,0,0,6397,6287,-110,0,4
593.464,7898869,1,1,83.2,0,0,6397,6287,-110,0,4
593.564,7898969,1,1,83.2,0,0,6397,6287,-110,0,4
593.664,7899069,1,1,83.2,0,0,6397,6287,-110,0,4
593.764,7899169,1,1,83.2,0,0,6397,6287,-110,0,4
593.863,7899269,1,1,83.2,0,0,6397,6287,-110,0,4
593.964,7899369,1,1,83.2,0,0,6397,6287,-110,0,4
594.064,7899469,1,1,83.2,0,0,6397,6287,-110,0,4
594.165,7899569,1,1,83.2,0,0,6397,6287,-110,0,4
594.264,7899669,1,1,83.2,0,0,6397,6287,-110,0,4
594.364,7899769,1,1,83.2,0,0,6397,6287,-110,0,4
594.465,7899869,1,1,83.2,0,0,6397,6287,-110,0,4
594.564,7899969,1,1,83.2,0,0,6397,6287,-110,0,4
594.676,7900081,1,1,83.2,0,0,6397,6287,-110,0,4
594.763,7900169,1,1,83.2,0,0,6397,6287,-110,0,4
594.864,7900269,1,1,83.2,0,0,6397,6287,-110,0,4
594.963,7900369,1,1,83.2,0,0,6397,6287,-110,0,4
595.063,7900469,1,1,83.2,0,0,6397,6287,-110,0,4
595.170,7900569,1,1,83.2,0,0,6397,6287,-110,0,4
595.264,7900669,1,1,83.2,0,0,6397,6287,-110,0,4
595.364,7900769,1,1,83.2,0,0,6397,6287,-110,0,4
595.464,7900869,1,1,83.2,0,0,6397,6287,-110,0,4
595.564,7900969,1,1,83.2,0,0,6397,6287,-110,0,4
595.664,7901069,1,1,83.2,0,0,6397,6287,-110,0,4
595.764,7901169,1,1,83.2,0,0,6397,6287,-110,0,4
595.865,7901269,1,1,83.2,0,0,6397,6287,-110,0,4
595.964,7901369,1,1,83.2,0,0,6397,6287,-110,0,4
596.063,7901469,1,1,83.2,0,0,6397,6287,-110,0,4
596.164,7901569,1,1,83.2,0,0,6397,6287,-110,0,4
596.263,7901669,1,1,83.2,0,0,6397,6287,-110,0,4
596.363,7901769,1,1,83.2,0,0,6397,6287,-110,0,4
596.463,7901869,1,1,83.2,0,0,6397,6287,-110,0,4
596.563,7901969,1,1,83.2,0,0,6397,6287,-110,0,4
596.676,7902081,1,1,83.2,0,0,6397,6287,-110,0,4
596.763,7902169,1,1,83.2,0,0,6397,6287,-110,0,4
596.863,7902269,1,1,83.2,0,0,6397,6287,-110,0,4
596.964,7902369,1,1,83.2,0,0,6397,6287,-110,0,4
597.063,7902469,1,1,83.2,0,0,6397,6287,-110,0,4
597.163,7902569,1,1,83.2,0,0,6397,6287,-110,0,4
597.263,7902669,1,1,83.2,0,0,6397,6287,-110,0,4
597.364,7902769,1,1,83.2,0,0,6397,6287,-110,0,4
597.466,7902869,1,1,83.2,0,0,6397,6287,-110,0,4
597.564,7902969,1,1,83.2,0,0,6397,6287,-110,0,4
597.664,7903069,1,1,83.2,0,0,6397,6287,-110,0,4
597.763,7903169,1,1,83.2,0,0,6397,6287,-110,0,4
597.863,7903269,1,1,83.2,0,0,6397,6287,-110,0,4
597.963,7903369,1,1,83.2,0,0,6397,6287,-110,0,4
598.064,7903469,1,1,83.2,0,0,6397,6287,-110,0,4
598.163,7903569,1,1,83.2,0,0,6397,6287,-110,0,4
598.263,7903669,1,1,83.2,0,0,6397,6287,-110,0,4
598.363,7903769,1,1,83.2,0,0,6397,6287,-110,0,4
598.463,7903869,1,1,83.2,0,0,6397,6287,-110,0,4
598.564,7903969,1,1,83.2,0,0,6397,6287,-110,0,4
598.676,7904081,1,1,83.2,0,0,6397,6287,-110,0,4
598.763,7904169,1,1,83.2,0,0,6397,6287,-110,0,4
598.863,7904269,1,1,83.2,0,0,6397,6287,-110,0,4
598.963,7904369,1,1,83.2,0,0,6397,6287,-110,0,4
599.063,7904469,1,1,83.2,0,0,6397,6287,-110,0,4
599.163,7904569,1,1,83.2,0,0,6397,6287,-110,0,4
599.263,7904669,1,1,83.2,0,0,6397,6287,-110,0,4
599.363,7904769,1,1,83.2,0,0,6397,6287,-110,0,4
599.463,7904869,1,1,83.2,0,0,6397,6287,-110,0,4
599.563,7904969,1,1,83.2,0,0,6397,6287,-110,0,4
599.663,7905069,1,1,83.2,0,0,6397,6287,-110,0,4
599.763,7905169,1,1,83.2,0,0,6397,6287,-110,0,4
599.863,7905269,1,1,83.2,0,0,6397,6287,-110,0,4
599.963,7905369,1,1,83.2,0,0,6397,6287,-110,0,4
600.063,7905469,1,1,83.2,0,0,6397,6287,-110,0,4
600.163,7905569,1,1,83.2,0,0,6397,6287,-110,0,4
600.263,7905669,1,1,83.2,0,0,6397,6287,-110,0,4
600.363,7905769,1,1,83.2,0,0,6397,6287,-110,0,4
600.464,7905869,1,1,83.2,0,0,6397,6287,-110,0,4
600.563,7905969,1,1,83.2,0,0,6397,6287,-110,0,4
600.676,7906081,1,1,83.2,0,0,6397,6287,-110,0,4
600.763,7906169,1,1,83.2,0,0,6397,6287,-110,0,4
600.863,7906269,1,1,83.2,0,0,6397,6287,-110,0,4
600.963,7906369,1,1,83.2,0,0,6397,6287,-110,0,4
601.063,7906469,1,1,83.2,0,0,6397,6287,-110,0,4
601.163,7906569,1,1,83.2,0,0,6397,6287,-110,0,4
601.264,7906669,1,1,83.2,0,0,6397,6287,-110,0,4
601.363,7906769,1,1,83.2,0,0,6397,6287,-110,0,4
601.463,7906869,1,1,83.2,0,0,6397,6287,-110,0,4
601.563,7906969,1,1,83.2,0,0,6397,6287,-110,0,4
601.663,7907069,1,1,83.2,0,0,6397,6287,-110,0,4
601.764,7907169,1,1,83.2,0,0,6397,6287,-110,0,4
601.864,7907269,1,1,83.2,0,0,6397,6287,-110,0,4
601.969,7907369,1,1,83.2,0,0,6397,6287,-110,0,4
602.063,7907469,1,1,83.2,0,0,6397,6287,-110,0,4
602.165,7907569,1,1,83.2,0,0,6397,6287,-110,0,4
602.263,7907669,1,1,83.2,0,0,6397,6287,-110,0,4
602.363,7907769,1,1,83.2,0,0,6397,6287,-110,0,4
602.471,7907869,1,1,83.2,0,0,6397,6287,-110,0,4
602.563,7907969,1,1,83.2,0,0,6397,6287,-110,0,4
602.675,7908081,1,1,83.2,0,0,6397,6287,-110,0,4
602.764,7908169,1,1,83.2,0,0,6397,6287,-110,0,4
602.869,7908269,1,1,83.2,0,0,6397,6287,-110,0,4
602.963,7908369,1,1,83.2,0,0,6397,6287,-110,0,4
603.063,7908469,1,1,83.2,0,0,6397,6287,-110,0,4
603.164,7908569,1,1,83.2,0,0,6397,6287,-110,0,4
603.264,7908669,1,1,83.2,0,0,6397,6287,-110,0,4
603.364,7908769,1,1,83.2,0,0,6397,6287,-110,0,4
603.463,7908869,1,1,83.2,0,0,6397,6287,-110,0,4
603.563,7908969,1,1,83.2,0,0,6397,6287,-110,0,4
603.663,7909069,1,1,83.2,0,0,6397,6287,-110,0,4
603.763,7909169,1,1,83.2,0,0,6397,6287,-110,0,4
603.863,7909269,1,1,83.2,0,0,6397,6287,-110,0,4
603.963,7909369,1,1,83.2,0,0,6397,6287,-110,0,4
604.063,7909469,1,1,83.2,0,0,6397,6287,-110,0,4
604.163,7909569,1,1,83.2,0,0,6397,6287,-110,0,4
604.263,7909669,1,1,83.2,0,0,6397,6287,-110,0,4
604.363,7909769,1,1,83.2,0,0,6397,6287,-110,0,4
604.463,7909869,1,1,83.2,0,0,6397,6287,-110,0,4
604.563,7909969,1,1,83.2,0,0,6397,6287,-110,0,4
604.675,7910081,1,1,83.2,0,0,6397,6287,-110,0,4
604.765,7910169,1,1,83.2,0,0,6397,6287,-110,0,4
604.864,7910269,1,1,83.2,0,0,6397,6287,-110,0,4
604.962,7910369,1,1,83.2,0,0,6397,6287,-110,0,4
605.063,7910469,1,1,83.2,0,0,6397,6287,-110,0,4
605.164,7910569,1,1,83.2,0,0,6397,6287,-110,0,4
605.263,7910669,1,1,83.2,0,0,6397,6287,-110,0,4
605.364,7910769,1,1,83.2,0,0,6397,6287,-110,0,4
605.463,7910869,1,1,83.2,0,0,6397,6287,-110,0,4
605.564,7910969,1,1,83.2,0,0,6397,6287,-110,0,4
605.664,7911069,1,1,83.2,0,0,6397,6287,-110,0,4
605.765,7911169,1,1,83.2,0,0,6397,6287,-110,0,4
605.863,7911269,1,1,83.2,0,0,6397,6287,-110,0,4
605.963,7911369,1,1,83.2,0,0,6397,6287,-110,0,4
606.064,7911469,1,1,83.2,0,0,6397,6287,-110,0,4
606.163,7911569,1,1,83.2,0,0,6397,6287,-110,0,4
606.264,7911669,1,1,83.2,0,0,6397,6287,-110,0,4
606.363,7911769,1,1,83.2,0,0,6397,6287,-110,0,4
606.469,7911869,1,1,83.2,0,0,6397,6287,-110,0,4
606.562,7911969,1,1,83.2,0,0,6397,6287,-110,0,4
606.675,7912081,1,1,83.2,0,0,6397,6287,-110,0,4
606.763,7912169,1,1,83.2,0,0,6397,6287,-110,0,4
606.862,7912269,1,1,83.2,0,0,6397,6287,-110,0,4
606.963,7912369,1,1,83.2,0,0,6397,6287,-110,0,4
607.062,7912469,1,1,83.2,0,0,6397,6287,-110,0,4
607.163,7912569,1,1,83.2,0,0,6397,6287,-110,0,4
607.264,7912669,1,1,83.2,0,0,6397,6287,-110,0,4
607.364,7912769,1,1,83.2,0,0,6397,6287,-110,0,4
607.462,7912869,1,1,83.2,0,0,6397,6287,-110,0,4
607.562,7912969,1,1,83.2,0,0,6397,6287,-110,0,4
607.662,7913069,1,1,83.2,0,0,6397,6287,-110,0,4
607.763,7913169,1,1,83.2,0,0,6397,6287,-110,0,4
607.863,7913269,1,1,83.2,0,0,6397,6287,-110,0,4
607.962,7913369,1,1,83.2,0,0,6397,6287,-110,0,4
608.062,7913469,1,1,83.2,0,0,6397,6287,-110,0,4
608.162,7913569,1,1,83.2,0,0,6397,6287,-110,0,4
608.262,7913669,1,1,83.2,0,0,6397,6287,-110,0,4
608.362,7913769,1,1,83.2,0,0,6397,6287,-110,0,4
608.462,7913869,1,1,83.2,0,0,6397,6287,-110,0,4
608.562,7913969,1,1,83.2,0,0,6397,6287,-110,0,4
608.675,7914081,1,1,83.2,0,0,6397,6287,-110,0,4
608.762,7914169,1,1,83.2,0,0,6397,6287,-110,0,4
608.862,7914269,1,1,83.2,0,0,6397,6287,-110,0,4
608.962,7914369,1,1,83.2,0,0,6397,6287,-110,0,4
609.062,7914469,1,1,83.2,0,0,6397,6287,-110,0,4
609.163,7914569,1,1,83.2,0,0,6397,6287,-110,0,4
609.262,7914669,1,1,83.2,0,0,6397,6287,-110,0,4
609.362,7914769,1,1,83.2,0,0,6397,6287,-110,0,4
609.463,7914869,1,1,83.2,0,0,6397,6287,-110,0,4
609.562,7914969,1,1,83.2,0,0,6397,6287,-110,0,4
609.662,7915069,1,1,83.2,0,0,6397,6287,-110,0,4
609.762,7915169,1,1,83.2,0,0,6397,6287,-110,0,4
609.862,7915269,1,1,83.2,0,0,6397,6287,-110,0,4
609.962,7915369,1,1,83.2,0,0,6397,6287,-110,0,4
610.062,7915469,1,1,83.2,0,0,6397,6287,-110,0,4
610.162,7915569,1,1,83.2,0,0,6397,6287,-110,0,4
610.264,7915669,1,1,83.2,0,0,6397,6287,-110,0,4
610.362,7915769,1,1,83.2,0,0,6397,6287,-110,0,4
610.462,7915869,1,1,83.2,0,0,6397,6287,-110,0,4
610.562,7915969,1,1,83.2,0,0,6397,6287,-110,0,4
610.675,7916081,1,1,83.2,0,0,6397,6287,-110,0,4
610.763,7916169,1,1,83.2,0,0,6397,6287,-110,0,4
610.863,7916269,1,1,83.2,0,0,6397,6287,-110,0,4
610.962,7916369,1,1,83.2,0,0,6397,6287,-110,0,4
611.062,7916469,1,1,83.2,0,0,6397,6287,-110,0,4
611.162,7916569,1,1,83.2,0,0,6397,6287,-110,0,4
611.262,7916669,1,1,83.2,0,0,6397,6287,-110,0,4
611.362,7916769,1,1,83.2,0,0,6397,6287,-110,0,4
611.463,7916869,1,1,83.2,0,0,6397,6287,-110,0,4
611.563,7916969,1,1,83.2,0,0,6397,6287,-110,0,4
611.663,7917069,1,1,83.2,0,0,6397,6287,-110,0,4
611.762,7917169,1,1,83.2,0,0,6397,6287,-110,0,4
611.862,7917269,1,1,83.2,0,0,6397,6287,-110,0,4
611.962,7917369,1,1,83.2,0,0,6397,6287,-110,0,4
612.063,7917469,1,1,83.2,0,0,6397,6287,-110,0,4
612.162,7917569,1,1,83.2,0,0,6397,6287,-110,0,4
612.263,7917669,1,1,83.2,0,0,6397,6287,-110,0,4
612.363,7917769,1,1,83.2,0,0,6397,6287,-110,0,4
612.464,7917869,1,1,83.2,0,0,6397,6287,-110,0,4
612.562,7917969,1,1,83.2,0,0,6397,6287,-110,0,4
612.675,7918081,1,1,83.2,0,0,6397,6287,-110,0,4
612.762,7918169,1,1,83.2,0,0,6397,6287,-110,0,4
612.862,7918269,1,1,83.2,0,0,6397,6287,-110,0,4
612.963,7918369,1,1,83.2,0,0,6397,6287,-110,0,4
613.062,7918469,1,1,83.2,0,0,6397,6287,-110,0,4
613.162,7918569,1,1,83.2,0,0,6397,6287,-110,0,4
613.262,7918669,1,1,83.2,0,0,6397,6287,-110,0,4
613.362,7918769,1,1,83.2,0,0,6397,6287,-110,0,4
613.462,7918869,1,1,83.2,0,0,6397,6287,-110,0,4
613.563,7918969,1,1,83.2,0,0,6397,6287,-110,0,4
613.663,7919069,1,1,83.2,0,0,6397,6287,-110,0,4
613.762,7919169,1,1,83.2,0,0,6397,6287,-110,0,4
613.863,7919269,1,1,83.2,0,0,6397,6287,-110,0,4
613.963,7919369,1,1,83.2,0,0,6397,6287,-110,0,4
614.063,7919469,1,1,83.2,0,0,6397,6287,-110,0,4
614.164,7919569,1,1,83.2,0,0,6397,6287,-110,0,4
614.264,7919669,1,1,83.2,0,0,6397,6287,-110,0,4
614.363,7919769,1,1,83.2,0,0,6397,6287,-110,0,4
614.462,7919869,1,1,83.2,0,0,6397,6287,-110,0,4
614.564,7919969,1,1,83.2,0,0,6397,6287,-110,0,4
614.675,7920081,1,1,83.2,0,0,6397,6287,-110,0,4
614.762,7920169,1,1,83.2,0,0,6397,6287,-110,0,4
614.862,7920269,1,1,83.2,0,0,6397,6287,-110,0,4
614.962,7920369,1,1,83.2,0,0,6397,6287,-110,0,4
615.062,7920469,1,1,83.2,0,0,6397,6287,-110,0,4
615.162,7920569,1,1,83.2,0,0,6397,6287,-110,0,4
615.262,7920669,1,1,83.2,0,0,6397,6287,-110,0,4
615.364,7920769,1,1,83.2,0,0,6397,6287,-110,0,4
615.462,7920869,1,1,83.2,0,0,6397,6287,-110,0,4
615.562,7920969,1,1,83.2,0,0,6397,6287,-110,0,4
615.664,7921069,1,1,83.2,0,0,6397,6287,-110,0,4
615.762,7921169,1,1,83.2,0,0,6397,6287,-110,0,4
615.862,7921269,1,1,83.2,0,0,6397,6287,-110,0,4
615.962,7921369,1,1,83.2,0,0,6397,6287,-110,0,4
616.062,7921469,1,1,83.2,0,0,6397,6287,-110,0,4
616.163,7921569,1,1,83.2,0,0,6397,6287,-110,0,4
616.263,7921669,1,1,83.2,0,0,6397,6287,-110,0,4
616.362,7921769,1,1,83.2,0,0,6397,6287,-110,0,4
616.464,7921869,1,1,83.2,0,0,6397,6287,-110,0,4
616.563,7921969,1,1,83.2,0,0,6397,6287,-110,0,4
616.674,7922081,1,1,83.2,0,0,6397,6287,-110,0,4
616.762,7922169,1,1,83.2,0,0,6397,6287,-110,0,4
616.862,7922269,1,1,83.2,0,0,6397,6287,-110,0,4
616.962,7922369,1,1,83.2,0,0,6397,6287,-110,0,4
617.062,7922469,1,1,83.2,0,0,6397,6287,-110,0,4
617.162,7922569,1,1,83.2,0,0,6397,6287,-110,0,4
617.262,7922669,1,1,83.2,0,0,6397,6287,-110,0,4
617.362,7922769,1,1,83.2,0,0,6397,6287,-110,0,4
617.462,7922869,1,1,83.2,0,0,6397,6287,-110,0,4
617.562,7922969,1,1,83.2,0,0,6397,6287,-110,0,4
617.662,7923069,1,1,83.2,0,0,6397,6287,-110,0,4
617.762,7923169,1,1,83.2,0,0,6397,6287,-110,0,4
617.862,7923269,1,1,83.2,0,0,6397,6287,-110,0,4
617.962,7923369,1,1,83.2,0,0,6397,6287,-110,0,4
618.062,7923469,1,1,83.2,0,0,6397,6287,-110,0,4
618.162,7923569,1,1,83.2,0,0,6397,6287,-110,0,4
618.262,7923669,1,1,83.2,0,0,6397,6287,-110,0,4
618.363,7923769,1,1,83.2,0,0,6397,6287,-110,0,4
618.463,7923869,1,1,83.2,0,0,6397,6287,-110,0,4
618.563,7923969,1,1,83.2,0,0,6397,6287,-110,0,4
618.674,7924081,1,1,83.2,0,0,6397,6287,-110,0,4
618.762,7924169,1,1,83.2,0,0,6397,6287,-110,0,4
618.862,7924269,1,1,83.2,0,0,6397,6287,-110,0,4
618.962,7924369,1,1,83.2,0,0,6397,6287,-110,0,4
619.062,7924469,1,1,83.2,0,0,6397,6287,-110,0,4
619.163,7924569,1,1,83.2,0,0,6397,6287,-110,0,4
619.264,7924669,1,1,83.2,0,0,6397,6287,-110,0,4
619.362,7924769,1,1,83.2,0,0,6397,6287,-110,0,4
619.463,7924869,1,1,83.2,0,0,6397,6287,-110,0,4
619.563,7924969,1,1,83.2,0,0,6397,6287,-110,0,4
619.662,7925069,1,1,83.2,0,0,6397,6287,-110,0,4
619.762,7925169,1,1,83.2,0,0,6397,6287,-110,0,4
619.862,7925269,1,1,83.2,0,0,6397,6287,-110,0,4
619.962,7925369,1,1,83.2,0,0,6397,6287,-110,0,4
620.062,7925469,1,1,83.2,0,0,6397,6287,-110,0,4
620.162,7925569,1,1,83.2,0,0,6397,6287,-110,0,4
620.265,7925669,1,1,83.2,0,0,6397,6287,-110,0,4
620.362,7925769,1,1,83.2,0,0,6397,6287,-110,0,4
620.463,7925869,1,1,83.2,0,0,6397,6287,-110,0,4
620.564,7925969,1,1,83.2,0,0,6397,6287,-110,0,4
620.674,7926081,1,1,83.2,0,0,6397,6287,-110,0,4
620.762,7926169,1,1,83.2,0,0,6397,6287,-110,0,4
620.862,7926269,1,1,83.2,0,0,6397,6287,-110,0,4
620.962,7926369,1,1,83.2,0,0,6397,6287,-110,0,4
621.062,7926469,1,1,83.2,0,0,6397,6287,-110,0,4
621.163,7926569,1,1,83.2,0,0,6397,6287,-110,0,4
621.263,7926669,1,1,83.2,0,0,6397,6287,-110,0,4
621.362,7926769,1,1,83.2,0,0,6397,6287,-110,0,4
621.462,7926869,1,1,83.2,0,0,6397,6287,-110,0,4
621.563,7926969,1,1,83.2,0,0,6397,6287,-110,0,4
621.662,7927069,1,1,83.2,0,0,6397,6287,-110,0,4
621.762,7927169,1,1,83.2,0,0,6397,6287,-110,0,4
621.862,7927269,1,1,83.2,0,0,6397,6287,-110,0,4
621.962,7927369,1,1,83.2,0,0,6397,6287,-110,0,4
622.062,7927469,1,1,83.2,0,0,6397,6287,-110,0,4
622.162,7927569,1,1,83.2,0,0,6397,6287,-110,0,4
622.262,7927669,1,1,83.2,0,0,6397,6287,-110,0,4
622.362,7927769,1,1,83.2,0,0,6397,6287,-110,0,4
622.464,7927869,1,1,83.2,0,0,6397,6287,-110,0,4
622.562,7927969,1,1,83.2,0,0,6397,6287,-110,0,4
622.674,7928081,1,1,83.2,0,0,6397,6287,-110,0,4
622.762,7928169,1,1,83.2,0,0,6397,6287,-110,0,4
622.863,7928269,1,1,83.2,0,0,6397,6287,-110,0,4
622.962,7928369,1,1,83.2,0,0,6397,6287,-110,0,4
623.062,7928469,1,1,83.2,0,0,6397,6287,-110,0,4
623.163,7928569,1,1,83.2,0,0,6397,6287,-110,0,4
623.262,7928669,1,1,83.2,0,0,6397,6287,-110,0,4
623.362,7928769,1,1,83.2,0,0,6397,6287,-110,0,4
623.462,7928869,1,1,83.2,0,0,6397,6287,-110,0,4
623.562,7928969,1,1,83.2,0,0,6397,6287,-110,0,4
623.662,7929069,1,1,83.2,0,0,6397,6287,-110,0,4
623.763,7929169,1,1,83.2,0,0,6397,6287,-110,0,4
623.864,7929269,1,1,83.2,0,0,6397,6287,-110,0,4
623.963,7929369,1,1,83.2,0,0,6397,6287,-110,0,4
624.062,7929469,1,1,83.2,0,0,6397,6287,-110,0,4
624.162,7929569,1,1,83.2,0,0,6397,6287,-110,0,4
624.261,7929669,1,1,83.2,0,0,6397,6287,-110,0,4
624.361,7929769,1,1,83.2,0,0,6397,6287,-110,0,4
624.463,7929869,1,1,83.2,0,0,6397,6287,-110,0,4
624.562,7929969,1,1,83.2,0,0,6397,6287,-110,0,4
624.674,7930081,1,1,83.2,0,0,6397,6287,-110,0,4
624.762,7930169,1,1,83.2,0,0,6397,6287,-110,0,4
624.862,7930269,1,1,83.2,0,0,6397,6287,-110,0,4
624.962,7930369,1,1,83.2,0,0,6397,6287,-110,0,4
625.062,7930469,1,1,83.2,0,0,6397,6287,-110,0,4
625.162,7930569,1,1,83.2,0,0,6397,6287,-110,0,4
625.262,7930669,1,1,83.2,0,0,6397,6287,-110,0,4
625.362,7930769,1,1,83.2,0,0,6397,6287,-110,0,4
625.461,7930869,1,1,83.2,0,0,6397,6287,-110,0,4
625.563,7930969,1,1,83.2,0,0,6397,6287,-110,0,4
625.662,7931069,1,1,83.2,0,0,6397,6287,-110,0,4
625.762,7931169,1,1,83.2,0,0,6397,6287,-110,0,4
625.863,7931269,1,1,83.2,0,0,6397,6287,-110,0,4
625.962,7931369,1,1,83.2,0,0,6397,6287,-110,0,4
626.063,7931469,1,1,83.2,0,0,6397,6287,-110,0,4
626.164,7931569,1,1,83.2,0,0,6397,6287,-110,0,4
626.263,7931669,1,1,83.2,0,0,6397,6287,-110,0,4
626.362,7931769,1,1,83.2,0,0,6397,6287,-110,0,4
626.462,7931869,1,1,83.2,0,0,6397,6287,-110,0,4
626.562,7931969,1,1,83.2,0,0,6397,6287,-110,0,4
626.674,7932081,1,1,83.2,0,0,6397,6287,-110,0,4
626.762,7932169,1,1,83.2,0,0,6397,6287,-110,0,4
626.862,7932269,1,1,83.2,0,0,6397,6287,-110,0,4
626.962,7932369,1,1,83.2,0,0,6397,6287,-110,0,4
627.062,7932469,1,1,83.2,0,0,6397,6287,-110,0,4
627.162,7932569,1,1,83.2,0,0,6397,6287,-110,0,4
627.263,7932669,1,1,83.2,0,0,6397,6287,-110,0,4
627.362,7932769,1,1,83.2,0,0,6397,6287,-110,0,4
627.462,7932869,1,1,83.2,0,0,6397,6287,-110,0,4
627.565,7932969,1,1,83.2,0,0,6397,6287,-110,0,4
627.662,7933069,1,1,83.2,0,0,6397,6287,-110,0,4
627.764,7933169,1,1,83.2,0,0,6397,6287,-110,0,4
627.862,7933269,1,1,83.2,0,0,6397,6287,-110,0,4
627.962,7933369,1,1,83.2,0,0,6397,6287,-110,0,4
628.062,7933469,1,1,83.2,0,0,6397,6287,-110,0,4
628.162,7933569,1,1,83.2,0,0,6397,6287,-110,0,4
628.261,7933669,1,1,83.2,0,0,6397,6287,-110,0,4
628.362,7933769,1,1,83.2,0,0,6397,6287,-110,0,4
628.464,7933869,1,1,83.2,0,0,6397,6287,-110,0,4
628.561,7933969,1,1,83.2,0,0,6397,6287,-110,0,4
628.674,7934081,1,1,83.2,0,0,6397,6287,-110,0,4
628.762,7934169,1,1,83.2,0,0,6397,6287,-110,0,4
628.861,7934269,1,1,83.2,0,0,6397,6287,-110,0,4
628.962,7934369,1,1,83.2,0,0,6397,6287,-110,0,4
629.062,7934469,1,1,83.2,0,0,6397,6287,-110,0,4
629.162,7934569,1,1,83.2,0,0,6397,6287,-110,0,4
629.262,7934669,1,1,83.2,0,0,6397,6287,-110,0,4
629.361,7934769,1,1,83.2,0,0,6397,6287,-110,0,4
629.461,7934869,1,1,83.2,0,0,6397,6287,-110,0,4
629.562,7934969,1,1,83.2,0,0,6397,6287,-110,0,4
629.662,7935069,1,1,83.2,0,0,6397,6287,-110,0,4
629.762,7935169,1,1,83.2,0,0,6397,6287,-110,0,4
629.861,7935269,1,1,83.2,0,0,6397,6287,-110,0,4
629.963,7935369,1,1,83.2,0,0,6397,6287,-110,0,4
630.061,7935469,1,1,83.2,0,0,6397,6287,-110,0,4
630.161,7935569,1,1,83.2,0,0,6397,6287,-110,0,4
630.261,7935669,1,1,83.2,0,0,6397,6287,-110,0,4
630.362,7935769,1,1,83.2,0,0,6397,6287,-110,0,4
630.461,7935869,1,1,83.2,0,0,6397,6287,-110,0,4
630.561,7935969,1,1,83.2,0,0,6397,6287,-110,0,4
630.674,7936081,1,1,83.2,0,0,6397,6287,-110,0,4
630.761,7936169,1,1,83.2,0,0,6397,6287,-110,0,4
630.861,7936269,1,1,83.2,0,0,6397,6287,-110,0,4
630.961,7936369,1,1,83.2,0,0,6397,6287,-110,0,4
631.063,7936469,1,1,83.2,0,0,6397,6287,-110,0,4
631.162,7936569,1,1,83.2,0,0,6397,6287,-110,0,4
631.264,7936669,1,1,83.2,0,0,6397,6287,-110,0,4
631.361,7936769,1,1,83.2,0,0,6397,6287,-110,0,4
631.461,7936869,1,1,83.2,0,0,6397,6287,-110,0,4
631.561,7936969,1,1,83.2,0,0,6397,6287,-110,0,4
631.661,7937069,1,1,83.2,0,0,6397,6287,-110,0,4
631.761,7937169,1,1,83.2,0,0,6397,6287,-110,0,4
631.861,7937269,1,1,83.2,0,0,6397,6287,-110,0,4
631.961,7937369,1,1,83.2,0,0,6397,6287,-110,0,4
632.061,7937469,1,1,83.2,0,0,6397,6287,-110,0,4
632.161,7937569,1,1,83.2,0,0,6397,6287,-110,0,4
632.263,7937669,1,1,83.2,0,0,6397,6287,-110,0,4
632.362,7937769,1,1,83.2,0,0,6397,6287,-110,0,4
632.462,7937869,1,1,83.2,0,0,6397,6287,-110,0,4
632.562,7937969,1,1,83.2,0,0,6397,6287,-110,0,4
632.674,7938081,1,1,83.2,0,0,6397,6287,-110,0,4
632.761,7938169,1,1,83.2,0,0,6397,6287,-110,0,4
632.861,7938269,1,1,83.2,0,0,6397,6287,-110,0,4
632.961,7938369,1,1,83.2,0,0,6397,6287,-110,0,4
633.062,7938469,1,1,83.2,0,0,6397,6287,-110,0,4
633.161,7938569,1,1,83.2,0,0,6397,6287,-110,0,4
633.261,7938669,1,1,83.2,0,0,6397,6287,-110,0,4
633.361,7938769,1,1,83.2,0,0,6397,6287,-110,0,4
633.461,7938869,1,1,83.2,0,0,6397,6287,-110,0,4
633.562,7938969,1,1,83.2,0,0,6397,6287,-110,0,4
633.661,7939069,1,1,83.2,0,0,6397,6287,-110,0,4
633.761,7939169,1,1,83.2,0,0,6397,6287,-110,0,4
633.861,7939269,1,1,83.2,0,0,6397,6287,-110,0,4
633.961,7939369,1,1,83.2,0,0,6397,6287,-110,0,4
634.061,7939469,1,1,83.2,0,0,6397,6287,-110,0,4
634.161,7939569,1,1,83.2,0,0,6397,6287,-110,0,4
634.261,7939669,1,1,83.2,0,0,6397,6287,-110,0,4
634.361,7939769,1,1,83.2,0,0,6397,6287,-110,0,4
634.461,7939869,1,1,83.2,0,0,6397,6287,-110,0,4
634.561,7939969,1,1,83.2,0,0,6397,6287,-110,0,4
634.673,7940081,1,1,83.2,0,0,6397,6287,-110,0,4
634.761,7940169,1,1,83.2,0,0,6397,6287,-110,0,4
634.861,7940269,1,1,83.2,0,0,6397,6287,-110,0,4
634.968,7940369,1,1,83.2,0,0,6397,6287,-110,0,4
635.061,7940469,1,1,83.2,0,0,6397,6287,-110,0,4
635.162,7940569,1,1,83.2,0,0,6397,6287,-110,0,4
635.261,7940669,1,1,83.2,0,0,6397,6287,-110,0,4
635.361,7940769,1,1,83.2,0,0,6397,6287,-110,0,4
635.461,7940869,1,1,83.2,0,0,6397,6287,-110,0,4
635.561,7940969,1,1,83.2,0,0,6397,6287,-110,0,4
635.661,7941069,1,1,83.2,0,0,6397,6287,-110,0,4
635.761,7941169,1,1,83.2,0,0,6397,6287,-110,0,4
635.861,7941269,1,1,83.2,0,0,6397,6287,-110,0,4
635.961,7941369,1,1,83.2,0,0,6397,6287,-110,0,4
636.062,7941469,1,1,83.2,0,0,6397,6287,-110,0,4
636.161,7941569,1,1,83.2,0,0,6397,6287,-110,0,4
636.261,7941669,1,1,83.2,0,0,6397,6287,-110,0,4
636.361,7941769,1,1,83.2,0,0,6397,6287,-110,0,4
636.461,7941869,1,1,83.2,0,0,6397,6287,-110,0,4
636.561,7941969,1,1,83.2,0,0,6397,6287,-110,0,4
636.674,7942081,1,1,83.2,0,0,6397,6287,-110,0,4
636.762,7942169,1,1,83.2,0,0,6397,6287,-110,0,4
636.861,7942269,1,1,83.2,0,0,6397,6287,-110,0,4
636.961,7942369,1,1,83.2,0,0,6397,6287,-110,0,4
637.064,7942469,1,1,83.2,0,0,6397,6287,-110,0,4
637.161,7942569,1,1,83.2,0,0,6397,6287,-110,0,4
637.263,7942669,1,1,83.2,0,0,6397,6287,-110,0,4
637.361,7942769,1,1,83.2,0,0,6397,6287,-110,0,4
637.461,7942869,1,1,83.2,0,0,6397,6287,-110,0,4
637.562,7942969,1,1,83.2,0,0,6397,6287,-110,0,4
637.661,7943069,1,1,83.2,0,0,6397,6287,-110,0,4
637.763,7943169,1,1,83.2,0,0,6397,6287,-110,0,4
637.861,7943269,1,1,83.2,0,0,6397,6287,-110,0,4
637.961,7943369,1,1,83.2,0,0,6397,6287,-110,0,4
638.061,7943469,1,1,83.2,0,0,6397,6287,-110,0,4
638.161,7943569,1,1,83.2,0,0,6397,6287,-110,0,4
638.261,7943669,1,1,83.2,0,0,6397,6287,-110,0,4
638.361,7943769,1,1,83.2,0,0,6397,6287,-110,0,4
638.461,7943869,1,1,83.2,0,0,6397,6287,-110,0,4
638.561,7943969,1,1,83.2,0,0,6397,6287,-110,0,4
638.673,7944081,1,1,83.2,0,0,6397,6287,-110,0,4
638.761,7944169,1,1,83.2,0,0,6397,6287,-110,0,4
638.861,7944269,1,1,83.2,0,0,6397,6287,-110,0,4
638.961,7944369,1,1,83.2,0,0,6397,6287,-110,0,4
639.061,7944469,1,1,83.2,0,0,6397,6287,-110,0,4
639.161,7944569,1,1,83.2,0,0,6397,6287,-110,0,4
639.261,7944669,1,1,83.2,0,0,6397,6287,-110,0,4
639.361,7944769,1,1,83.2,0,0,6397,6287,-110,0,4
639.461,7944869,1,1,83.2,0,0,6397,6287,-110,0,4
639.561,7944969,1,1,83.2,0,0,6397,6287,-110,0,4
639.661,7945069,1,1,83.2,0,0,6397,6287,-110,0,4
639.761,7945169,1,1,83.2,0,0,6397,6287,-110,0,4
639.861,7945269,1,1,83.2,0,0,6397,6287,-110,0,4
639.961,7945369,1,1,83.2,0,0,6397,6287,-110,0,4
640.061,7945469,1,1,83.2,0,0,6397,6287,-110,0,4
640.161,7945569,1,1,83.2,0,0,6397,6287,-110,0,4
640.261,7945669,1,1,83.2,0,0,6397,6287,-110,0,4
640.361,7945769,1,1,83.2,0,0,6397,6287,-110,0,4
640.461,7945869,1,1,83.2,0,0,6397,6287,-110,0,4
640.561,7945969,1,1,83.2,0,0,6397,6287,-110,0,4
640.674,7946081,1,1,83.2,0,0,6397,6287,-110,0,4
640.761,7946169,1,1,83.2,0,0,6397,6287,-110,0,4
640.861,7946269,1,1,83.2,0,0,6397,6287,-110,0,4
640.961,7946369,1,1,83.2,0,0,6397,6287,-110,0,4
641.061,7946469,1,1,83.2,0,0,6397,6287,-110,0,4
641.161,7946569,1,1,83.2,0,0,6397,6287,-110,0,4
641.262,7946669,1,1,83.2,0,0,6397,6287,-110,0,4
641.361,7946769,1,1,83.2,0,0,6397,6287,-110,0,4
641.461,7946869,1,1,83.2,0,0,6397,6287,-110,0,4
641.561,7946969,1,1,83.2,0,0,6397,6287,-110,0,4
641.661,7947069,1,1,83.2,0,0,6397,6287,-110,0,4
641.761,7947169,1,1,83.2,0,0,6397,6287,-110,0,4
641.861,7947269,1,1,83.2,0,0,6397,6287,-110,0,4
641.961,7947369,1,1,83.2,0,0,6397,6287,-110,0,4
642.061,7947469,1,1,83.2,0,0,6397,6287,-110,0,4
642.161,7947569,1,1,83.2,0,0,6397,6287,-110,0,4
642.260,7947669,1,1,83.2,0,0,6397,6287,-110,0,4
642.361,7947769,1,1,83.2,0,0,6397,6287,-110,0,4
642.461,7947869,1,1,83.2,0,0,6397,6287,-110,0,4
642.560,7947969,1,1,83.2,0,0,6397,6287,-110,0,4
642.674,7948081,1,1,83.2,0,0,6397,6287,-110,0,4
642.761,7948169,1,1,83.2,0,0,6397,6287,-110,0,4
642.861,7948269,1,1,83.2,0,0,6397,6287,-110,0,4
642.961,7948369,1,1,83.2,0,0,6397,6287,-110,0,4
643.061,7948469,1,1,83.2,0,0,6397,6287,-110,0,4
643.160,7948569,1,1,83.2,0,0,6397,6287,-110,0,4
643.261,7948669,1,1,83.2,0,0,6397,6287,-110,0,4
643.360,7948769,1,1,83.2,0,0,6397,6287,-110,0,4
643.461,7948869,1,1,83.2,0,0,6397,6287,-110,0,4
643.560,7948969,1,1,83.2,0,0,6397,6287,-110,0,4
643.661,7949069,1,1,83.2,0,0,6397,6287,-110,0,4
643.764,7949169,1,1,83.2,0,0,6397,6287,-110,0,4
643.861,7949269,1,1,83.2,0,0,6397,6287,-110,0,4
643.961,7949369,1,1,83.2,0,0,6397,6287,-110,0,4
644.060,7949469,1,1,83.2,0,0,6397,6287,-110,0,4
644.161,7949569,1,1,83.2,0,0,6397,6287,-110,0,4
644.265,7949669,1,1,83.2,0,0,6397,6287,-110,0,4
644.360,7949769,1,1,83.2,0,0,6397,6287,-110,0,4
644.461,7949869,1,1,83.2,0,0,6397,6287,-110,0,4
644.561,7949969,1,1,83.2,0,0,6397,6287,-110,0,4
644.673,7950081,1,1,83.2,0,0,6397,6287,-110,0,4
644.761,7950169,1,1,83.2,0,0,6397,6287,-110,0,4
644.860,7950269,1,1,83.2,0,0,6397,6287,-110,0,4
644.961,7950369,1,1,83.2,0,0,6397,6287,-110,0,4
645.060,7950469,1,1,83.2,0,0,6397,6287,-110,0,4
645.161,7950569,1,1,83.2,0,0,6397,6287,-110,0,4
645.262,7950669,1,1,83.2,0,0,6397,6287,-110,0,4
645.360,7950769,1,1,83.2,0,0,6397,6287,-110,0,4
645.461,7950869,1,1,83.2,0,0,6397,6287,-110,0,4
645.561,7950969,1,1,83.2,0,0,6397,6287,-110,0,4
645.661,7951069,1,1,83.2,0,0,6397,6287,-110,0,4
645.760,7951169,1,1,83.2,0,0,6397,6287,-110,0,4
645.861,7951269,1,1,83.2,0,0,6397,6287,-110,0,4
645.961,7951369,1,1,83.2,0,0,6397,6287,-110,0,4
646.060,7951469,1,1,83.2,0,0,6397,6287,-110,0,4
646.160,7951569,1,1,83.2,0,0,6397,6287,-110,0,4
646.261,7951669,1,1,83.2,0,0,6397,6287,-110,0,4
646.360,7951769,1,1,83.2,0,0,6397,6287,-110,0,4
646.461,7951869,1,1,83.2,0,0,6397,6287,-110,0,4
646.561,7951969,1,1,83.2,0,0,6397,6287,-110,0,4
646.673,7952081,1,1,83.2,0,0,6397,6287,-110,0,4
646.761,7952169,1,1,83.2,0,0,6397,6287,-110,0,4
646.861,7952269,1,1,83.2,0,0,6397,6287,-110,0,4
646.960,7952369,1,1,83.2,0,0,6397,6287,-110,0,4
647.061,7952469,1,1,83.2,0,0,6397,6287,-110,0,4
647.160,7952569,1,1,83.2,0,0,6397,6287,-110,0,4
647.261,7952669,1,1,83.2,0,0,6397,6287,-110,0,4
647.361,7952769,1,1,83.2,0,0,6397,6287,-110,0,4
647.460,7952869,1,1,83.2,0,0,6397,6287,-110,0,4
647.561,7952969,1,1,83.2,0,0,6397,6287,-110,0,4
647.661,7953069,1,1,83.2,0,0,6397,6287,-110,0,4
647.761,7953169,1,1,83.2,0,0,6397,6287,-110,0,4
647.860,7953269,1,1,83.2,0,0,6397,6287,-110,0,4
647.961,7953369,1,1,83.2,0,0,6397,6287,-110,0,4
648.060,7953469,1,1,83.2,0,0,6397,6287,-110,0,4
648.160,7953569,1,1,83.2,0,0,6397,6287,-110,0,4
648.260,7953669,1,1,83.2,0,0,6397,6287,-110,0,4
648.360,7953769,1,1,83.2,0,0,6397,6287,-110,0,4
648.461,7953869,1,1,83.2,0,0,6397,6287,-110,0,4
648.561,7953969,1,1,83.2,0,0,6397,6287,-110,0,4
648.673,7954081,1,1,83.2,0,0,6397,6287,-110,0,4
648.760,7954169,1,1,83.2,0,0,6397,6287,-110,0,4
648.861,7954269,1,1,83.2,0,0,6397,6287,-110,0,4
648.960,7954369,1,1,83.2,0,0,6397,6287,-110,0,4
649.060,7954469,1,1,83.2,0,0,6397,6287,-110,0,4
649.160,7954569,1,1,83.2,0,0,6397,6287,-110,0,4
649.260,7954669,1,1,83.2,0,0,6397,6287,-110,0,4
649.360,7954769,1,1,83.2,0,0,6397,6287,-110,0,4
649.462,7954869,1,1,83.2,0,0,6397,6287,-110,0,4
649.560,7954969,1,1,83.2,0,0,6397,6287,-110,0,4
649.660,7955069,1,1,83.2,0,0,6397,6287,-110,0,4
649.760,7955169,1,1,83.2,0,0,6397,6287,-110,0,4
649.860,7955269,1,1,83.2,0,0,6397,6287,-110,0,4
649.961,7955369,1,1,83.2,0,0,6397,6287,-110,0,4
650.060,7955469,1,1,83.2,0,0,6397,6287,-110,0,4
650.160,7955569,1,1,83.2,0,0,6397,6287,-110,0,4
650.260,7955669,1,1,83.2,0,0,6397,6287,-110,0,4
650.360,7955769,1,1,83.2,0,0,6397,6287,-110,0,4
650.460,7955869,1,1,83.2,0,0,6397,6287,-110,0,4
650.560,7955969,1,1,83.2,0,0,6397,6287,-110,0,4
650.673,7956081,1,1,83.2,0,0,6397,6287,-110,0,4
650.760,7956169,1,1,83.2,0,0,6397,6287,-110,0,4
650.860,7956269,1,1,83.2,0,0,6397,6287,-110,0,4
650.960,7956369,1,1,83.2,0,0,6397,6287,-110,0,4
651.060,7956469,1,1,83.2,0,0,6397,6287,-110,0,4
651.160,7956569,1,1,83.2,0,0,6397,6287,-110,0,4
651.260,7956669,1,1,83.2,0,0,6397,6287,-110,0,4
651.360,7956769,1,1,83.2,0,0,6397,6287,-110,0,4
651.460,7956869,1,1,83.2,0,0,6397,6287,-110,0,4
651.561,7956969,1,1,83.2,0,0,6397,6287,-110,0,4
651.660,7957069,1,1,83.2,0,0,6397,6287,-110,0,4
651.760,7957169,1,1,83.2,0,0,6397,6287,-110,0,4
651.860,7957269,1,1,83.2,0,0,6397,6287,-110,0,4
651.960,7957369,1,1,83.2,0,0,6397,6287,-110,0,4
652.060,7957469,1,1,83.2,0,0,6397,6287,-110,0,4
652.160,7957569,1,1,83.2,0,0,6397,6287,-110,0,4
652.260,7957669,1,1,83.2,0,0,6397,6287,-110,0,4
652.360,7957769,1,1,83.2,0,0,6397,6287,-110,0,4
652.460,7957869,1,1,83.2,0,0,6397,6287,-110,0,4
652.560,7957969,1,1,83.2,0,0,6397,6287,-110,0,4
652.673,7958081,1,1,83.2,0,0,6397,6287,-110,0,4
652.760,7958169,1,1,83.2,0,0,6397,6287,-110,0,4
652.860,7958269,1,1,83.2,0,0,6397,6287,-110,0,4
652.960,7958369,1,1,83.2,0,0,6397,6287,-110,0,4
653.059,7958469,1,1,83.2,0,0,6397,6287,-110,0,4
653.160,7958569,1,1,83.2,0,0,6397,6287,-110,0,4
653.260,7958669,1,1,83.2,0,0,6397,6287,-110,0,4
653.360,7958769,1,1,83.2,0,0,6397,6287,-110,0,4
653.460,7958869,1,1,83.2,0,0,6397,6287,-110,0,4
653.560,7958969,1,1,83.2,0,0,6397,6287,-110,0,4
653.660,7959069,1,1,83.2,0,0,6397,6287,-110,0,4
653.760,7959169,1,1,83.2,0,0,6397,6287,-110,0,4
653.860,7959269,1,1,83.2,0,0,6397,6287,-110,0,4
653.960,7959369,1,1,83.2,0,0,6397,6287,-110,0,4
654.060,7959469,1,1,83.2,0,0,6397,6287,-110,0,4
654.160,7959569,1,1,83.2,0,0,6397,6287,-110,0,4
654.260,7959669,1,1,83.2,0,0,6397,6287,-110,0,4
654.360,7959769,1,1,83.2,0,0,6397,6287,-110,0,4
654.460,7959869,1,1,83.2,0,0,6397,6287,-110,0,4
654.560,7959969,1,1,83.2,0,0,6397,6287,-110,0,4
654.672,7960081,1,1,83.2,0,0,6397,6287,-110,0,4
654.762,7960169,1,1,83.2,0,0,6397,6287,-110,0,4
654.860,7960269,1,1,83.2,0,0,6397,6287,-110,0,4
654.960,7960369,1,1,83.2,0,0,6397,6287,-110,0,4
655.060,7960469,1,1,83.2,0,0,6397,6287,-110,0,4
655.160,7960569,1,1,83.2,0,0,6397,6287,-110,0,4
655.260,7960669,1,1,83.2,0,0,6397,6287,-110,0,4
655.360,7960769,1,1,83.2,0,0,6397,6287,-110,0,4
655.460,7960869,1,1,83.2,0,0,6397,6287,-110,0,4
655.562,7960969,1,1,83.2,0,0,6397,6287,-110,0,4
655.660,7961069,1,1,83.2,0,0,6397,6287,-110,0,4
655.760,7961169,1,1,83.2,0,0,6397,6287,-110,0,4
655.860,7961269,1,1,83.2,0,0,6397,6287,-110,0,4
655.959,7961369,1,1,83.2,0,0,6397,6287,-110,0,4
656.061,7961469,1,1,83.2,0,0,6397,6287,-110,0,4
656.160,7961569,1,1,83.2,0,0,6397,6287,-110,0,4
656.260,7961669,1,1,83.2,0,0,6397,6287,-110,0,4
656.359,7961769,1,1,83.2,0,0,6397,6287,-110,0,4
656.460,7961869,1,1,83.2,0,0,6397,6287,-110,0,4
656.560,7961969,1,1,83.2,0,0,6397,6287,-110,0,4
656.672,7962081,1,1,83.2,0,0,6397,6287,-110,0,4
656.760,7962169,1,1,83.2,0,0,6397,6287,-110,0,4
656.861,7962269,1,1,83.2,0,0,6397,6287,-110,0,4
656.960,7962369,1,1,83.2,0,0,6397,6287,-110,0,4
657.060,7962469,1,1,83.2,0,0,6397,6287,-110,0,4
657.160,7962569,1,1,83.2,0,0,6397,6287,-110,0,4
657.260,7962669,1,1,83.2,0,0,6397,6287,-110,0,4
657.360,7962769,1,1,83.2,0,0,6397,6287,-110,0,4
657.463,7962869,1,1,83.2,0,0,6397,6287,-110,0,4
657.560,7962969,1,1,83.2,0,0,6397,6287,-110,0,4
657.660,7963069,1,1,83.2,0,0,6397,6287,-110,0,4
657.760,7963169,1,1,83.2,0,0,6397,6287,-110,0,4
657.859,7963269,1,1,83.2,0,0,6397,6287,-110,0,4
657.960,7963369,1,1,83.2,0,0,6397,6287,-110,0,4
658.060,7963469,1,1,83.2,0,0,6397,6287,-110,0,4
658.160,7963569,1,1,83.2,0,0,6397,6287,-110,0,4
658.260,7963669,1,1,83.2,0,0,6397,6287,-110,0,4
658.360,7963769,1,1,83.2,0,0,6397,6287,-110,0,4
658.460,7963869,1,1,83.2,0,0,6397,6287,-110,0,4
658.560,7963969,1,1,83.2,0,0,6397,6287,-110,0,4
658.672,7964081,1,1,83.2,0,0,6397,6287,-110,0,4
658.760,7964169,1,1,83.2,0,0,6397,6287,-110,0,4
658.860,7964269,1,1,83.2,0,0,6397,6287,-110,0,4
658.959,7964369,1,1,83.2,0,0,6397,6287,-110,0,4
659.060,7964469,1,1,83.2,0,0,6397,6287,-110,0,4
659.160,7964569,1,1,83.2,0,0,6397,6287,-110,0,4
659.259,7964669,1,1,83.2,0,0,6397,6287,-110,0,4
659.359,7964769,1,1,83.2,0,0,6397,6287,-110,0,4
659.459,7964869,1,1,83.2,0,0,6397,6287,-110,0,4
659.560,7964969,1,1,83.2,0,0,6397,6287,-110,0,4
659.659,7965069,1,1,83.2,0,0,6397,6287,-110,0,4
659.760,7965169,1,1,83.2,0,0,6397,6287,-110,0,4
659.860,7965269,1,1,83.2,0,0,6397,6287,-110,0,4
659.960,7965369,1,1,83.2,0,0,6397,6287,-110,0,4
660.060,7965469,1,1,83.2,0,0,6397,6287,-110,0,4
660.159,7965569,1,1,83.2,0,0,6397,6287,-110,0,4
660.259,7965669,1,1,83.2,0,0,6397,6287,-110,0,4
660.360,7965769,1,1,83.2,0,0,6397,6287,-110,0,4
660.460,7965869,1,1,83.2,0,0,6397,6287,-110,0,4
660.560,7965969,1,1,83.2,0,0,6397,6287,-110,0,4
660.672,7966081,1,1,83.2,0,0,6397,6287,-110,0,4
660.760,7966169,1,1,83.2,0,0,6397,6287,-110,0,4
660.860,7966269,1,1,83.2,0,0,6397,6287,-110,0,4
660.959,7966369,1,1,83.2,0,0,6397,6287,-110,0,4
661.060,7966469,1,1,83.2,0,0,6397,6287,-110,0,4
661.159,7966569,1,1,83.2,0,0,6397,6287,-110,0,4
661.260,7966669,1,1,83.2,0,0,6397,6287,-110,0,4
661.360,7966769,1,1,83.2,0,0,6397,6287,-110,0,4
661.460,7966869,1,1,83.2,0,0,6397,6287,-110,0,4
661.559,7966969,1,1,83.2,0,0,6397,6287,-110,0,4
661.660,7967069,1,1,83.2,0,0,6397,6287,-110,0,4
661.760,7967169,1,1,83.2,0,0,6397,6287,-110,0,4
661.860,7967269,1,1,83.2,0,0,6397,6287,-110,0,4
661.960,7967369,1,1,83.2,0,0,6397,6287,-110,0,4
662.060,7967469,1,1,83.2,0,0,6397,6287,-110,0,4
662.160,7967569,1,1,83.2,0,0,6397,6287,-110,0,4
662.259,7967669,1,1,83.2,0,0,6397,6287,-110,0,4
662.359,7967769,1,1,83.2,0,0,6397,6287,-110,0,4
662.460,7967869,1,1,83.2,0,0,6397,6287,-110,0,4
662.560,7967969,1,1,83.2,0,0,6397,6287,-110,0,4
662.672,7968081,1,1,83.2,0,0,6397,6287,-110,0,4
662.760,7968169,1,1,83.2,0,0,6397,6287,-110,0,4
662.860,7968269,1,1,83.2,0,0,6397,6287,-110,0,4
662.959,7968369,1,1,83.2,0,0,6397,6287,-110,0,4
663.059,7968469,1,1,83.2,0,0,6397,6287,-110,0,4
663.163,7968569,1,1,83.2,0,0,6397,6287,-110,0,4
663.259,7968669,1,1,83.2,0,0,6397,6287,-110,0,4
663.360,7968769,1,1,83.2,0,0,6397,6287,-110,0,4
663.460,7968869,1,1,83.2,0,0,6397,6287,-110,0,4
663.560,7968969,1,1,83.2,0,0,6397,6287,-110,0,4
663.660,7969069,1,1,83.2,0,0,6397,6287,-110,0,4
663.760,7969169,1,1,83.2,0,0,6397,6287,-110,0,4
663.860,7969269,1,1,83.2,0,0,6397,6287,-110,0,4
663.959,7969369,1,1,83.2,0,0,6397,6287,-110,0,4
664.059,7969469,1,1,83.2,0,0,6397,6287,-110,0,4
664.159,7969569,1,1,83.2,0,0,6397,6287,-110,0,4
664.259,7969669,1,1,83.2,0,0,6397,6287,-110,0,4
664.359,7969769,1,1,83.2,0,0,6397,6287,-110,0,4
664.460,7969869,1,1,83.2,0,0,6397,6287,-110,0,4
664.562,7969969,1,1,83.2,0,0,6397,6287,-110,0,4
664.673,7970081,1,1,83.2,0,0,6397,6287,-110,0,4
664.759,7970169,1,1,83.2,0,0,6397,6287,-110,0,4
664.859,7970269,1,1,83.2,0,0,6397,6287,-110,0,4
664.960,7970369,1,1,83.2,0,0,6397,6287,-110,0,4
665.060,7970469,1,1,83.2,0,0,6397,6287,-110,0,4
665.159,7970569,1,1,83.2,0,0,6397,6287,-110,0,4
665.259,7970669,1,1,83.2,0,0,6397,6287,-110,0,4
665.359,7970769,1,1,83.2,0,0,6397,6287,-110,0,4
665.459,7970869,1,1,83.2,0,0,6397,6287,-110,0,4
665.559,7970969,1,1,83.2,0,0,6397,6287,-110,0,4
665.659,7971069,1,1,83.2,0,0,6397,6287,-110,0,4
665.759,7971169,1,1,83.2,0,0,6397,6287,-110,0,4
665.859,7971269,1,1,83.2,0,0,6397,6287,-110,0,4
665.959,7971369,1,1,83.2,0,0,6397,6287,-110,0,4
666.059,7971469,1,1,83.2,0,0,6397,6287,-110,0,4
666.159,7971569,1,1,83.2,0,0,6397,6287,-110,0,4
666.259,7971669,1,1,83.2,0,0,6397,6287,-110,0,4
666.359,7971769,1,1,83.2,0,0,6397,6287,-110,0,4
666.459,7971869,1,1,83.2,0,0,6397,6287,-110,0,4
666.560,7971969,1,1,83.2,0,0,6397,6287,-110,0,4
666.671,7972081,1,1,83.2,0,0,6397,6287,-110,0,4
666.759,7972169,1,1,83.2,0,0,6397,6287,-110,0,4
666.859,7972269,1,1,83.2,0,0,6397,6287,-110,0,4
666.959,7972369,1,1,83.2,0,0,6397,6287,-110,0,4
667.059,7972469,1,1,83.2,0,0,6397,6287,-110,0,4
667.159,7972569,1,1,83.2,0,0,6397,6287,-110,0,4
667.259,7972669,1,1,83.2,0,0,6397,6287,-110,0,4
667.359,7972769,1,1,83.2,0,0,6397,6287,-110,0,4
667.459,7972869,1,1,83.2,0,0,6397,6287,-110,0,4
667.559,7972969,1,1,83.2,0,0,6397,6287,-110,0,4
667.659,7973069,1,1,83.2,0,0,6397,6287,-110,0,4
667.759,7973169,1,1,83.2,0,0,6397,6287,-110,0,4
667.860,7973269,1,1,83.2,0,0,6397,6287,-110,0,4
667.959,7973369,1,1,83.2,0,0,6397,6287,-110,0,4
668.059,7973469,1,1,83.2,0,0,6397,6287,-110,0,4
668.159,7973569,1,1,83.2,0,0,6397,6287,-110,0,4
668.259,7973669,1,1,83.2,0,0,6397,6287,-110,0,4
668.359,7973769,1,1,83.2,0,0,6397,6287,-110,0,4
668.459,7973869,1,1,83.2,0,0,6397,6287,-110,0,4
668.559,7973969,1,1,83.2,0,0,6397,6287,-110,0,4
668.671,7974081,1,1,83.2,0,0,6397,6287,-110,0,4
668.759,7974169,1,1,83.2,0,0,6397,6287,-110,0,4
668.860,7974269,1,1,83.2,0,0,6397,6287,-110,0,4
668.959,7974369,1,1,83.2,0,0,6397,6287,-110,0,4
669.060,7974469,1,1,83.2,0,0,6397,6287,-110,0,4
669.160,7974569,1,1,83.2,0,0,6397,6287,-110,0,4
669.260,7974669,1,1,83.2,0,0,6397,6287,-110,0,4
669.359,7974769,1,1,83.2,0,0,6397,6287,-110,0,4
669.459,7974869,1,1,83.2,0,0,6397,6287,-110,0,4
669.559,7974969,1,1,83.2,0,0,6397,6287,-110,0,4
669.659,7975069,1,1,83.2,0,0,6397,6287,-110,0,4
669.758,7975169,1,1,83.2,0,0,6397,6287,-110,0,4
669.859,7975269,1,1,83.2,0,0,6397,6287,-110,0,4
669.959,7975369,1,1,83.2,0,0,6397,6287,-110,0,4
670.060,7975469,1,1,83.2,0,0,6397,6287,-110,0,4
670.159,7975569,1,1,83.2,0,0,6397,6287,-110,0,4
670.259,7975669,1,1,83.2,0,0,6397,6287,-110,0,4
670.359,7975769,1,1,83.2,0,0,6397,6287,-110,0,4
670.459,7975869,1,1,83.2,0,0,6397,6287,-110,0,4
670.559,7975969,1,1,83.2,0,0,6397,6287,-110,0,4
670.671,7976081,1,1,83.2,0,0,6397,6287,-110,0,4
670.759,7976169,1,1,83.2,0,0,6397,6287,-110,0,4
670.859,7976269,1,1,83.2,0,0,6397,6287,-110,0,4
670.959,7976369,1,1,83.2,0,0,6397,6287,-110,0,4
671.059,7976469,1,1,83.2,0,0,6397,6287,-110,0,4
671.159,7976569,1,1,83.2,0,0,6397,6287,-110,0,4
671.259,7976669,1,1,83.2,0,0,6397,6287,-110,0,4
671.359,7976769,1,1,83.2,0,0,6397,6287,-110,0,4
671.459,7976869,1,1,83.2,0,0,6397,6287,-110,0,4
671.559,7976969,1,1,83.2,0,0,6397,6287,-110,0,4
671.659,7977069,1,1,83.2,0,0,6397,6287,-110,0,4
671.759,7977169,1,1,83.2,0,0,6397,6287,-110,0,4
671.859,7977269,1,1,83.2,0,0,6397,6287,-110,0,4
671.959,7977369,1,1,83.2,0,0,6397,6287,-110,0,4
672.058,7977469,1,1,83.2,0,0,6397,6287,-110,0,4
672.159,7977569,1,1,83.2,0,0,6397,6287,-110,0,4
672.260,7977669,1,1,83.2,0,0,6397,6287,-110,0,4
672.359,7977769,1,1,83.2,0,0,6397,6287,-110,0,4
672.459,7977869,1,1,83.2,0,0,6397,6287,-110,0,4
672.559,7977969,1,1,83.2,0,0,6397,6287,-110,0,4
672.673,7978081,1,1,83.2,0,0,6397,6287,-110,0,4
672.759,7978169,1,1,83.2,0,0,6397,6287,-110,0,4
672.859,7978269,1,1,83.2,0,0,6397,6287,-110,0,4
672.959,7978369,1,1,83.2,0,0,6397,6287,-110,0,4
673.059,7978469,1,1,83.2,0,0,6397,6287,-110,0,4
673.159,7978569,1,1,83.2,0,0,6397,6287,-110,0,4
673.259,7978669,1,1,83.2,0,0,6397,6287,-110,0,4
673.359,7978769,1,1,83.2,0,0,6397,6287,-110,0,4
673.459,7978869,1,1,83.2,0,0,6397,6287,-110,0,4
673.559,7978969,1,1,83.2,0,0,6397,6287,-110,0,4
673.658,7979069,1,1,83.2,0,0,6397,6287,-110,0,4
673.759,7979169,1,1,83.2,0,0,6397,6287,-110,0,4
673.859,7979269,1,1,83.2,0,0,6397,6287,-110,0,4
673.959,7979369,1,1,83.2,0,0,6397,6287,-110,0,4
674.059,7979469,1,1,83.2,0,0,6397,6287,-110,0,4
674.159,7979569,1,1,83.2,0,0,6397,6287,-110,0,4
674.258,7979669,1,1,83.2,0,0,6397,6287,-110,0,4
674.358,7979769,1,1,83.2,0,0,6397,6287,-110,0,4
674.459,7979869,1,1,83.2,0,0,6397,6287,-110,0,4
674.559,7979969,1,1,83.2,0,0,6397,6287,-110,0,4
674.671,7980081,1,1,83.2,0,0,6397,6287,-110,0,4
674.758,7980169,1,1,83.2,0,0,6397,6287,-110,0,4
674.859,7980269,1,1,83.2,0,0,6397,6287,-110,0,4
674.958,7980369,1,1,83.2,0,0,6397,6287,-110,0,4
675.059,7980469,1,1,83.2,0,0,6397,6287,-110,0,4
675.159,7980569,1,1,83.2,0,0,6397,6287,-110,0,4
675.259,7980669,1,1,83.2,0,0,6397,6287,-110,0,4
675.359,7980769,1,1,83.2,0,0,6397,6287,-110,0,4
675.459,7980869,1,1,83.2,0,0,6397,6287,-110,0,4
675.559,7980969,1,1,83.2,0,0,6397,6287,-110,0,4
675.658,7981069,1,1,83.2,0,0,6397,6287,-110,0,4
675.759,7981169,1,1,83.2,0,0,6397,6287,-110,0,4
675.859,7981269,1,1,83.2,0,0,6397,6287,-110,0,4
675.959,7981369,1,1,83.2,0,0,6397,6287,-110,0,4
676.059,7981469,1,1,83.2,0,0,6397,6287,-110,0,4
676.159,7981569,1,1,83.2,0,0,6397,6287,-110,0,4
676.258,7981669,1,1,83.2,0,0,6397,6287,-110,0,4
676.358,7981769,1,1,83.2,0,0,6397,6287,-110,0,4
676.458,7981869,1,1,83.2,0,0,6397,6287,-110,0,4
676.560,7981969,1,1,83.2,0,0,6397,6287,-110,0,4
676.672,7982081,1,1,83.2,0,0,6397,6287,-110,0,4
676.758,7982169,1,1,83.2,0,0,6397,6287,-110,0,4
676.859,7982269,1,1,83.2,0,0,6397,6287,-110,0,4
676.959,7982369,1,1,83.2,0,0,6397,6287,-110,0,4
677.058,7982469,1,1,83.2,0,0,6397,6287,-110,0,4
677.158,7982569,1,1,83.2,0,0,6397,6287,-110,0,4
677.259,7982669,1,1,83.2,0,0,6397,6287,-110,0,4
677.359,7982769,1,1,83.2,0,0,6397,6287,-110,0,4
677.459,7982869,1,1,83.2,0,0,6397,6287,-110,0,4
677.565,7982969,1,1,83.2,0,0,6397,6287,-110,0,4
677.659,7983069,1,1,83.2,0,0,6397,6287,-110,0,4
677.759,7983169,1,1,83.2,0,0,6397,6287,-110,0,4
677.859,7983269,1,1,83.2,0,0,6397,6287,-110,0,4
677.959,7983369,1,1,83.2,0,0,6397,6287,-110,0,4
678.058,7983469,1,1,83.2,0,0,6397,6287,-110,0,4
678.158,7983569,1,1,83.2,0,0,6397,6287,-110,0,4
678.258,7983669,1,1,83.2,0,0,6397,6287,-110,0,4
678.358,7983769,1,1,83.2,0,0,6397,6287,-110,0,4
678.458,7983869,1,1,83.2,0,0,6397,6287,-110,0,4
678.559,7983969,1,1,83.2,0,0,6397,6287,-110,0,4
678.671,7984081,1,1,83.2,0,0,6397,6287,-110,0,4
678.759,7984169,1,1,83.2,0,0,6397,6287,-110,0,4
678.859,7984269,1,1,83.2,0,0,6397,6287,-110,0,4
678.958,7984369,1,1,83.2,0,0,6397,6287,-110,0,4
679.058,7984469,1,1,83.2,0,0,6397,6287,-110,0,4
679.159,7984569,1,1,83.2,0,0,6397,6287,-110,0,4
679.258,7984669,1,1,83.2,0,0,6397,6287,-110,0,4
679.359,7984769,1,1,83.2,0,0,6397,6287,-110,0,4
679.458,7984869,1,1,83.2,0,0,6397,6287,-110,0,4
679.559,7984969,1,1,83.2,0,0,6397,6287,-110,0,4
679.658,7985069,1,1,83.2,0,0,6397,6287,-110,0,4
679.758,7985169,1,1,83.2,0,0,6397,6287,-110,0,4
679.858,7985269,1,1,83.2,0,0,6397,6287,-110,0,4
679.958,7985369,1,1,83.2,0,0,6397,6287,-110,0,4
680.058,7985469,1,1,83.2,0,0,6397,6287,-110,0,4
680.159,7985569,1,1,83.2,0,0,6397,6287,-110,0,4
680.258,7985669,1,1,83.2,0,0,6397,6287,-110,0,4
680.358,7985769,1,1,83.2,0,0,6397,6287,-110,0,4
680.459,7985869,1,1,83.2,0,0,6397,6287,-110,0,4
680.558,7985969,1,1,83.2,0,0,6397,6287,-110,0,4
680.671,7986081,1,1,83.2,0,0,6397,6287,-110,0,4
680.758,7986169,1,1,83.2,0,0,6397,6287,-110,0,4
680.858,7986269,1,1,83.2,0,0,6397,6287,-110,0,4
680.959,7986369,1,1,83.2,0,0,6397,6287,-110,0,4
681.058,7986469,1,1,83.2,0,0,6397,6287,-110,0,4
681.158,7986569,1,1,83.2,0,0,6397,6287,-110,0,4
681.259,7986669,1,1,83.2,0,0,6397,6287,-110,0,4
681.359,7986769,1,1,83.2,0,0,6397,6287,-110,0,4
681.459,7986869,1,1,83.2,0,0,6397,6287,-110,0,4
681.558,7986969,1,1,83.2,0,0,6397,6287,-110,0,4
681.658,7987069,1,1,83.2,0,0,6397,6287,-110,0,4
681.759,7987169,1,1,83.2,0,0,6397,6287,-110,0,4
681.859,7987269,1,1,83.2,0,0,6397,6287,-110,0,4
681.958,7987369,1,1,83.2,0,0,6397,6287,-110,0,4
682.059,7987469,1,1,83.2,0,0,6397,6287,-110,0,4
682.158,7987569,1,1,83.2,0,0,6397,6287,-110,0,4
682.258,7987669,1,1,83.2,0,0,6397,6287,-110,0,4
682.358,7987769,1,1,83.2,0,0,6397,6287,-110,0,4
682.458,7987869,1,1,83.2,0,0,6397,6287,-110,0,4
682.559,7987969,1,1,83.2,0,0,6397,6287,-110,0,4
682.671,7988081,1,1,83.2,0,0,6397,6287,-110,0,4
682.758,7988169,1,1,83.2,0,0,6397,6287,-110,0,4
682.858,7988269,1,1,83.2,0,0,6397,6287,-110,0,4
682.959,7988369,1,1,83.2,0,0,6397,6287,-110,0,4
683.059,7988469,1,1,83.2,0,0,6397,6287,-110,0,4
683.158,7988569,1,1,83.2,0,0,6397,6287,-110,0,4
683.259,7988669,1,1,83.2,0,0,6397,6287,-110,0,4
683.358,7988769,1,1,83.2,0,0,6397,6287,-110,0,4
683.458,7988869,1,1,83.2,0,0,6397,6287,-110,0,4
683.558,7988969,1,1,83.2,0,0,6397,6287,-110,0,4
683.658,7989069,1,1,83.2,0,0,6397,6287,-110,0,4
683.758,7989169,1,1,83.2,0,0,6397,6287,-110,0,4
683.859,7989269,1,1,83.2,0,0,6397,6287,-110,0,4
683.958,7989369,1,1,83.2,0,0,6397,6287,-110,0,4
684.058,7989469,1,1,83.2,0,0,6397,6287,-110,0,4
684.158,7989569,1,1,83.2,0,0,6397,6287,-110,0,4
684.258,7989669,1,1,83.2,0,0,6397,6287,-110,0,4
684.358,7989769,1,1,83.2,0,0,6397,6287,-110,0,4
684.458,7989869,1,1,83.2,0,0,6397,6287,-110,0,4
684.559,7989969,1,1,83.2,0,0,6397,6287,-110,0,4
684.672,7990081,1,1,83.2,0,0,6397,6287,-110,0,4
684.758,7990169,1,1,83.2,0,0,6397,6287,-110,0,4
684.858,7990269,1,1,83.2,0,0,6397,6287,-110,0,4
684.958,7990369,1,1,83.2,0,0,6397,6287,-110,0,4
685.058,7990469,1,1,83.2,0,0,6397,6287,-110,0,4
685.159,7990569,1,1,83.2,0,0,6397,6287,-110,0,4
685.258,7990669,1,1,83.2,0,0,6397,6287,-110,0,4
685.359,7990769,1,1,83.2,0,0,6397,6287,-110,0,4
685.459,7990869,1,1,83.2,0,0,6397,6287,-110,0,4
685.560,7990969,1,1,83.2,0,0,6397,6287,-110,0,4
685.658,7991069,1,1,83.2,0,0,6397,6287,-110,0,4
685.759,7991169,1,1,83.2,0,0,6397,6287,-110,0,4
685.858,7991269,1,1,83.2,0,0,6397,6287,-110,0,4
685.958,7991369,1,1,83.2,0,0,6397,6287,-110,0,4
686.058,7991469,1,1,83.2,0,0,6397,6287,-110,0,4
686.158,7991569,1,1,83.2,0,0,6397,6287,-110,0,4
686.258,7991669,1,1,83.2,0,0,6397,6287,-110,0,4
686.358,7991769,1,1,83.2,0,0,6397,6287,-110,0,4
686.458,7991869,1,1,83.2,0,0,6397,6287,-110,0,4
686.558,7991969,1,1,83.2,0,0,6397,6287,-110,0,4
686.670,7992081,1,1,83.2,0,0,6397,6287,-110,0,4
686.758,7992169,1,1,83.2,0,0,6397,6287,-110,0,4
686.858,7992269,1,1,83.2,0,0,6397,6287,-110,0,4
686.958,7992369,1,1,83.2,0,0,6397,6287,-110,0,4
687.058,7992469,1,1,83.2,0,0,6397,6287,-110,0,4
687.158,7992569,1,1,83.2,0,0,6397,6287,-110,0,4
687.258,7992669,1,1,83.2,0,0,6397,6287,-110,0,4
687.358,7992769,1,1,83.2,0,0,6397,6287,-110,0,4
687.458,7992869,1,1,83.2,0,0,6397,6287,-110,0,4
687.558,7992969,1,1,83.2,0,0,6397,6287,-110,0,4
687.658,7993069,1,1,83.2,0,0,6397,6287,-110,0,4
687.758,7993169,1,1,83.2,0,0,6397,6287,-110,0,4
687.858,7993269,1,1,83.2,0,0,6397,6287,-110,0,4
687.958,7993369,1,1,83.2,0,0,6397,6287,-110,0,4
688.058,7993469,1,1,83.2,0,0,6397,6287,-110,0,4
688.158,7993569,1,1,83.2,0,0,6397,6287,-110,0,4
688.258,7993669,1,1,83.2,0,0,6397,6287,-110,0,4
688.358,7993769,1,1,83.2,0,0,6397,6287,-110,0,4
688.458,7993869,1,1,83.2,0,0,6397,6287,-110,0,4
688.558,7993969,1,1,83.2,0,0,6397,6287,-110,0,4
688.670,7994081,1,1,83.2,0,0,6397,6287,-110,0,4
688.758,7994169,1,1,83.2,0,0,6397,6287,-110,0,4
688.858,7994269,1,1,83.2,0,0,6397,6287,-110,0,4
688.958,7994369,1,1,83.2,0,0,6397,6287,-110,0,4
689.058,7994469,1,1,83.2,0,0,6397,6287,-110,0,4
689.157,7994569,1,1,83.2,0,0,6397,6287,-110,0,4
689.258,7994669,1,1,83.2,0,0,6397,6287,-110,0,4
689.358,7994769,1,1,83.2,0,0,6397,6287,-110,0,4
689.457,7994869,1,1,83.2,0,0,6397,6287,-110,0,4
689.557,7994969,1,1,83.2,0,0,6397,6287,-110,0,4
689.658,7995069,1,1,83.2,0,0,6397,6287,-110,0,4
689.765,7995169,1,1,83.2,0,0,6397,6287,-110,0,4
689.857,7995269,1,1,83.2,0,0,6397,6287,-110,0,4
689.957,7995369,1,1,83.2,0,0,6397,6287,-110,0,4
690.059,7995469,1,1,83.2,0,0,6397,6287,-110,0,4
690.158,7995569,1,1,83.2,0,0,6397,6287,-110,0,4
690.258,7995669,1,1,83.2,0,0,6397,6287,-110,0,4
690.358,7995769,1,1,83.2,0,0,6397,6287,-110,0,4
690.458,7995869,1,1,83.2,0,0,6397,6287,-110,0,4
690.558,7995969,1,1,83.2,0,0,6397,6287,-110,0,4
690.671,7996081,1,1,83.2,0,0,6397,6287,-110,0,4
690.758,7996169,1,1,83.2,0,0,6397,6287,-110,0,4
690.858,7996269,1,1,83.2,0,0,6397,6287,-110,0,4
690.957,7996369,1,1,83.2,0,0,6397,6287,-110,0,4
691.061,7996469,1,1,83.2,0,0,6397,6287,-110,0,4
691.158,7996569,1,1,83.2,0,0,6397,6287,-110,0,4
691.257,7996669,1,1,83.2,0,0,6397,6287,-110,0,4
691.357,7996769,1,1,83.2,0,0,6397,6287,-110,0,4
691.459,7996869,1,1,83.2,0,0,6397,6287,-110,0,4
691.557,7996969,1,1,83.2,0,0,6397,6287,-110,0,4
691.658,7997069,1,1,83.2,0,0,6397,6287,-110,0,4
691.757,7997169,1,1,83.2,0,0,6397,6287,-110,0,4
691.858,7997269,1,1,83.2,0,0,6397,6287,-110,0,4
691.958,7997369,1,1,83.2,0,0,6397,6287,-110,0,4
692.058,7997469,1,1,83.2,0,0,6397,6287,-110,0,4
692.158,7997569,1,1,83.2,0,0,6397,6287,-110,0,4
692.257,7997669,1,1,83.2,0,0,6397,6287,-110,0,4
692.358,7997769,1,1,83.2,0,0,6397,6287,-110,0,4
692.457,7997869,1,1,83.2,0,0,6397,6287,-110,0,4
692.558,7997969,1,1,83.2,0,0,6397,6287,-110,0,4
692.670,7998081,1,1,83.2,0,0,6397,6287,-110,0,4
692.758,7998169,1,1,83.2,0,0,6397,6287,-110,0,4
692.858,7998269,1,1,83.2,0,0,6397,6287,-110,0,4
692.958,7998369,1,1,83.2,0,0,6397,6287,-110,0,4
693.058,7998469,1,1,83.2,0,0,6397,6287,-110,0,4
693.157,7998569,1,1,83.2,0,0,6397,6287,-110,0,4
693.258,7998669,1,1,83.2,0,0,6397,6287,-110,0,4
693.357,7998769,1,1,83.2,0,0,6397,6287,-110,0,4
693.457,7998869,1,1,83.2,0,0,6397,6287,-110,0,4
693.557,7998969,1,1,83.2,0,0,6397,6287,-110,0,4
693.658,7999069,1,1,83.2,0,0,6397,6287,-110,0,4
693.757,7999169,1,1,83.2,0,0,6397,6287,-110,0,4
693.858,7999269,1,1,83.2,0,0,6397,6287,-110,0,4
693.958,7999369,1,1,83.2,0,0,6397,6287,-110,0,4
694.058,7999469,1,1,83.2,0,0,6397,6287,-110,0,4
694.158,7999569,1,1,83.2,0,0,6397,6287,-110,0,4
694.257,7999669,1,1,83.2,0,0,6397,6287,-110,0,4
694.357,7999769,1,1,83.2,0,0,6397,6287,-110,0,4
694.458,7999869,1,1,83.2,0,0,6397,6287,-110,0,4
694.557,7999969,1,1,83.2,0,0,6397,6287,-110,0,4
694.670,8000081,1,1,83.2,0,0,6397,6287,-110,0,4
694.757,8000169,1,1,83.2,0,0,6397,6287,-110,0,4
694.857,8000269,1,1,83.2,0,0,6397,6287,-110,0,4
694.957,8000369,1,1,83.2,0,0,6397,6287,-110,0,4
695.061,8000469,1,1,83.2,0,0,6397,6287,-110,0,4
695.161,8000569,1,1,83.2,0,0,6397,6287,-110,0,4
695.258,8000669,1,1,83.2,0,0,6397,6287,-110,0,4
695.358,8000769,1,1,83.2,0,0,6397,6287,-110,0,4
695.458,8000869,1,1,83.2,0,0,6397,6287,-110,0,4
695.557,8000969,1,1,83.2,0,0,6397,6287,-110,0,4
695.658,8001069,1,1,83.2,0,0,6397,6287,-110,0,4
695.757,8001169,1,1,83.2,0,0,6397,6287,-110,0,4
695.859,8001269,1,1,83.2,0,0,6397,6287,-110,0,4
695.957,8001369,1,1,83.2,0,0,6397,6287,-110,0,4
696.058,8001469,1,1,83.2,0,0,6397,6287,-110,0,4
696.158,8001569,1,1,83.2,0,0,6397,6287,-110,0,4
696.258,8001669,1,1,83.2,0,0,6397,6287,-110,0,4
696.357,8001769,1,1,83.2,0,0,6397,6287,-110,0,4
696.458,8001869,1,1,83.2,0,0,6397,6287,-110,0,4
696.557,8001969,1,1,83.2,0,0,6397,6287,-110,0,4
696.669,8002081,1,1,83.2,0,0,6397,6287,-110,0,4
696.757,8002169,1,1,83.2,0,0,6397,6287,-110,0,4
696.857,8002269,1,1,83.2,0,0,6397,6287,-110,0,4
696.957,8002369,1,1,83.2,0,0,6397,6287,-110,0,4
697.058,8002469,1,1,83.2,0,0,6397,6287,-110,0,4
697.157,8002569,1,1,83.2,0,0,6397,6287,-110,0,4
697.257,8002669,1,1,83.2,0,0,6397,6287,-110,0,4
697.357,8002769,1,1,83.2,0,0,6397,6287,-110,0,4
697.458,8002869,1,1,83.2,0,0,6397,6287,-110,0,4
697.557,8002969,1,1,83.2,0,0,6397,6287,-110,0,4
697.657,8003069,1,1,83.2,0,0,6397,6287,-110,0,4
697.757,8003169,1,1,83.2,0,0,6397,6287,-110,0,4
697.858,8003269,1,1,83.2,0,0,6397,6287,-110,0,4
697.957,8003369,1,1,83.2,0,0,6397,6287,-110,0,4
698.058,8003469,1,1,83.2,0,0,6397,6287,-110,0,4
698.157,8003569,1,1,83.2,0,0,6397,6287,-110,0,4
698.257,8003669,1,1,83.2,0,0,6397,6287,-110,0,4
698.357,8003769,1,1,83.2,0,0,6397,6287,-110,0,4
698.457,8003869,1,1,83.2,0,0,6397,6287,-110,0,4
698.557,8003969,1,1,83.2,0,0,6397,6287,-110,0,4
698.669,8004081,1,1,83.2,0,0,6397,6287,-110,0,4
698.757,8004169,1,1,83.2,0,0,6397,6287,-110,0,4
698.857,8004269,1,1,83.2,0,0,6397,6287,-110,0,4
698.957,8004369,1,1,83.2,0,0,6397,6287,-110,0,4
699.058,8004469,1,1,83.2,0,0,6397,6287,-110,0,4
699.157,8004569,1,1,83.2,0,0,6397,6287,-110,0,4
699.257,8004669,1,1,83.2,0,0,6397,6287,-110,0,4
699.357,8004769,1,1,83.2,0,0,6397,6287,-110,0,4
699.457,8004869,1,1,83.2,0,0,6397,6287,-110,0,4
699.557,8004969,1,1,83.2,0,0,6397,6287,-110,0,4
699.657,8005069,1,1,83.2,0,0,6397,6287,-110,0,4
699.757,8005169,1,1,83.2,0,0,6397,6287,-110,0,4
699.857,8005269,1,1,83.2,0,0,6397,6287,-110,0,4
699.957,8005369,1,1,83.2,0,0,6397,6287,-110,0,4
700.057,8005469,1,1,83.2,0,0,6397,6287,-110,0,4
700.157,8005569,1,1,83.2,0,0,6397,6287,-110,0,4
700.257,8005669,1,1,83.2,0,0,6397,6287,-110,0,4
700.357,8005769,1,1,83.2,0,0,6397,6287,-110,0,4
700.457,8005869,1,1,83.2,0,0,6397,6287,-110,0,4
700.557,8005969,1,1,83.2,0,0,6397,6287,-110,0,4
700.669,8006081,1,1,83.2,0,0,6397,6287,-110,0,4
700.757,8006169,1,1,83.2,0,0,6397,6287,-110,0,4
700.857,8006269,1,1,83.2,0,0,6397,6287,-110,0,4
700.957,8006369,1,1,83.2,0,0,6397,6287,-110,0,4
701.057,8006469,1,1,83.2,0,0,6397,6287,-110,0,4
701.157,8006569,1,1,83.2,0,0,6397,6287,-110,0,4
701.257,8006669,1,1,83.2,0,0,6397,6287,-110,0,4
701.357,8006769,1,1,83.2,0,0,6397,6287,-110,0,4
701.457,8006869,1,1,83.2,0,0,6397,6287,-110,0,4
701.557,8006969,1,1,83.2,0,0,6397,6287,-110,0,4
701.657,8007069,1,1,83.2,0,0,6397,6287,-110,0,4
701.757,8007169,1,1,83.2,0,0,6397,6287,-110,0,4
701.857,8007269,1,1,83.2,0,0,6397,6287,-110,0,4
701.957,8007369,1,1,83.2,0,0,6397,6287,-110,0,4
702.057,8007469,1,1,83.2,0,0,6397,6287,-110,0,4
702.158,8007569,1,1,83.2,0,0,6397,6287,-110,0,4
702.257,8007669,1,1,83.2,0,0,6397,6287,-110,0,4
702.358,8007769,1,1,83.2,0,0,6397,6287,-110,0,4
702.457,8007869,1,1,83.2,0,0,6397,6287,-110,0,4
702.557,8007969,1,1,83.2,0,0,6397,6287,-110,0,4
702.669,8008081,1,1,83.2,0,0,6397,6287,-110,0,4
702.757,8008169,1,1,83.2,0,0,6397,6287,-110,0,4
702.857,8008269,1,1,83.2,0,0,6397,6287,-110,0,4
702.957,8008369,1,1,83.2,0,0,6397,6287,-110,0,4
703.057,8008469,1,1,83.2,0,0,6397,6287,-110,0,4
703.157,8008569,1,1,83.2,0,0,6397,6287,-110,0,4
703.257,8008669,1,1,83.2,0,0,6397,6287,-110,0,4
703.357,8008769,1,1,83.2,0,0,6397,6287,-110,0,4
703.457,8008869,1,1,83.2,0,0,6397,6287,-110,0,4
703.557,8008969,1,1,83.2,0,0,6397,6287,-110,0,4
703.656,8009069,1,1,83.2,0,0,6397,6287,-110,0,4
703.757,8009169,1,1,83.2,0,0,6397,6287,-110,0,4
703.857,8009269,1,1,83.2,0,0,6397,6287,-110,0,4
703.957,8009369,1,1,83.2,0,0,6397,6287,-110,0,4
704.057,8009469,1,1,83.2,0,0,6397,6287,-110,0,4
704.157,8009569,1,1,83.2,0,0,6397,6287,-110,0,4
704.256,8009669,1,1,83.2,0,0,6397,6287,-110,0,4
704.357,8009769,1,1,83.2,0,0,6397,6287,-110,0,4
704.457,8009869,1,1,83.2,0,0,6397,6287,-110,0,4
704.557,8009969,1,1,83.2,0,0,6397,6287,-110,0,4
704.669,8010081,1,1,83.2,0,0,6397,6287,-110,0,4
704.757,8010169,1,1,83.2,0,0,6397,6287,-110,0,4
704.857,8010269,1,1,83.2,0,0,6397,6287,-110,0,4
704.957,8010369,1,1,83.2,0,0,6397,6287,-110,0,4
705.057,8010469,1,1,83.2,0,0,6397,6287,-110,0,4
705.157,8010569,1,1,83.2,0,0,6397,6287,-110,0,4
705.257,8010669,1,1,83.2,0,0,6397,6287,-110,0,4
705.356,8010769,1,1,83.2,0,0,6397,6287,-110,0,4
705.456,8010869,1,1,83.2,0,0,6397,6287,-110,0,4
705.557,8010969,1,1,83.2,0,0,6397,6287,-110,0,4
705.657,8011069,1,1,83.2,0,0,6397,6287,-110,0,4
705.757,8011169,1,1,83.2,0,0,6397,6287,-110,0,4
705.856,8011269,1,1,83.2,0,0,6397,6287,-110,0,4
705.957,8011369,1,1,83.2,0,0,6397,6287,-110,0,4
706.057,8011469,1,1,83.2,0,0,6397,6287,-110,0,4
706.157,8011569,1,1,83.2,0,0,6397,6287,-110,0,4
706.256,8011669,1,1,83.2,0,0,6397,6287,-110,0,4
706.357,8011769,1,1,83.2,0,0,6397,6287,-110,0,4
706.456,8011869,1,1,83.2,0,0,6397,6287,-110,0,4
706.557,8011969,1,1,83.2,0,0,6397,6287,-110,0,4
706.669,8012081,1,1,83.2,0,0,6397,6287,-110,0,4
706.757,8012169,1,1,83.2,0,0,6397,6287,-110,0,4
706.857,8012269,1,1,83.2,0,0,6397,6287,-110,0,4
706.957,8012369,1,1,83.2,0,0,6397,6287,-110,0,4
707.057,8012469,1,1,83.2,0,0,6397,6287,-110,0,4
707.156,8012569,1,1,83.2,0,0,6397,6287,-110,0,4
707.257,8012669,1,1,83.2,0,0,6397,6287,-110,0,4
707.357,8012769,1,1,83.2,0,0,6397,6287,-110,0,4
707.456,8012869,1,1,83.2,0,0,6397,6287,-110,0,4
707.556,8012969,1,1,83.2,0,0,6397,6287,-110,0,4
707.660,8013069,1,1,83.2,0,0,6397,6287,-110,0,4
707.757,8013169,1,1,83.2,0,0,6397,6287,-110,0,4
707.857,8013269,1,1,83.2,0,0,6397,6287,-110,0,4
707.956,8013369,1,1,83.2,0,0,6397,6287,-110,0,4
708.057,8013469,1,1,83.2,0,0,6397,6287,-110,0,4
708.156,8013569,1,1,83.2,0,0,6397,6287,-110,0,4
708.257,8013669,1,1,83.2,0,0,6397,6287,-110,0,4
708.356,8013769,1,1,83.2,0,0,6397,6287,-110,0,4
708.456,8013869,1,1,83.2,0,0,6397,6287,-110,0,4
708.557,8013969,1,1,83.2,0,0,6397,6287,-110,0,4
708.669,8014081,1,1,83.2,0,0,6397,6287,-110,0,4
708.758,8014169,1,1,83.2,0,0,6397,6287,-110,0,4
708.857,8014269,1,1,83.2,0,0,6397,6287,-110,0,4
708.957,8014369,1,1,83.2,0,0,6397,6287,-110,0,4
709.057,8014469,1,1,83.2,0,0,6397,6287,-110,0,4
709.161,8014569,1,1,83.2,0,0,6397,6287,-110,0,4
709.256,8014669,1,1,83.2,0,0,6397,6287,-110,0,4
709.356,8014769,1,1,83.2,0,0,6397,6287,-110,0,4
709.456,8014869,1,1,83.2,0,0,6397,6287,-110,0,4
709.556,8014969,1,1,83.2,0,0,6397,6287,-110,0,4
709.656,8015069,1,1,83.2,0,0,6397,6287,-110,0,4
709.756,8015169,1,1,83.2,0,0,6397,6287,-110,0,4
709.857,8015269,1,1,83.2,0,0,6397,6287,-110,0,4
709.956,8015369,1,1,83.2,0,0,6397,6287,-110,0,4
710.056,8015469,1,1,83.2,0,0,6397,6287,-110,0,4
710.157,8015569,1,1,83.2,0,0,6397,6287,-110,0,4
710.257,8015669,1,1,83.2,0,0,6397,6287,-110,0,4
710.356,8015769,1,1,83.2,0,0,6397,6287,-110,0,4
710.457,8015869,1,1,83.2,0,0,6397,6287,-110,0,4
710.556,8015969,1,1,83.2,0,0,6397,6287,-110,0,4
710.669,8016081,1,1,83.2,0,0,6397,6287,-110,0,4
710.757,8016169,1,1,83.2,0,0,6397,6287,-110,0,4
710.856,8016269,1,1,83.2,0,0,6397,6287,-110,0,4
710.956,8016369,1,1,83.2,0,0,6397,6287,-110,0,4
711.056,8016469,1,1,83.2,0,0,6397,6287,-110,0,4
711.157,8016569,1,1,83.2,0,0,6397,6287,-110,0,4
711.257,8016669,1,1,83.2,0,0,6397,6287,-110,0,4
711.357,8016769,1,1,83.2,0,0,6397,6287,-110,0,4
711.457,8016869,1,1,83.2,0,0,6397,6287,-110,0,4
711.556,8016969,1,1,83.2,0,0,6397,6287,-110,0,4
711.657,8017069,1,1,83.2,0,0,6397,6287,-110,0,4
711.757,8017169,1,1,83.2,0,0,6397,6287,-110,0,4
711.856,8017269,1,1,83.2,0,0,6397,6287,-110,0,4
711.957,8017369,1,1,83.2,0,0,6397,6287,-110,0,4
712.057,8017469,1,1,83.2,0,0,6397,6287,-110,0,4
712.157,8017569,1,1,83.2,0,0,6397,6287,-110,0,4
712.256,8017669,1,1,83.2,0,0,6397,6287,-110,0,4
712.356,8017769,1,1,83.2,0,0,6397,6287,-110,0,4
712.457,8017869,1,1,83.2,0,0,6397,6287,-110,0,4
712.556,8017969,1,1,83.2,0,0,6397,6287,-110,0,4
712.669,8018081,1,1,83.2,0,0,6397,6287,-110,0,4
712.756,8018169,1,1,83.2,0,0,6397,6287,-110,0,4
712.856,8018269,1,1,83.2,0,0,6397,6287,-110,0,4
712.957,8018369,1,1,83.2,0,0,6397,6287,-110,0,4
713.057,8018469,1,1,83.2,0,0,6397,6287,-110,0,4
713.156,8018569,1,1,83.2,0,0,6397,6287,-110,0,4
713.256,8018669,1,1,83.2,0,0,6397,6287,-110,0,4
713.356,8018769,1,1,83.2,0,0,6397,6287,-110,0,4
713.456,8018869,1,1,83.2,0,0,6397,6287,-110,0,4
713.556,8018969,1,1,83.2,0,0,6397,6287,-110,0,4
713.656,8019069,1,1,83.2,0,0,6397,6287,-110,0,4
713.757,8019169,1,1,83.2,0,0,6397,6287,-110,0,4
713.856,8019269,1,1,83.2,0,0,6397,6287,-110,0,4
713.957,8019369,1,1,83.2,0,0,6397,6287,-110,0,4
714.056,8019469,1,1,83.2,0,0,6397,6287,-110,0,4
714.156,8019569,1,1,83.2,0,0,6397,6287,-110,0,4
714.256,8019669,1,1,83.2,0,0,6397,6287,-110,0,4
714.356,8019769,1,1,83.2,0,0,6397,6287,-110,0,4
714.456,8019869,1,1,83.2,0,0,6397,6287,-110,0,4
714.556,8019969,1,1,83.2,0,0,6397,6287,-110,0,4
714.668,8020081,1,1,83.2,0,0,6397,6287,-110,0,4
714.756,8020169,1,1,83.2,0,0,6397,6287,-110,0,4
714.856,8020269,1,1,83.2,0,0,6397,6287,-110,0,4
714.956,8020369,1,1,83.2,0,0,6397,6287,-110,0,4
715.056,8020469,1,1,83.2,0,0,6397,6287,-110,0,4
715.157,8020569,1,1,83.2,0,0,6397,6287,-110,0,4
715.256,8020669,1,1,83.2,0,0,6397,6287,-110,0,4
715.357,8020769,1,1,83.2,0,0,6397,6287,-110,0,4
715.456,8020869,1,1,83.2,0,0,6397,6287,-110,0,4
715.556,8020969,1,1,83.2,0,0,6397,6287,-110,0,4
715.657,8021069,1,1,83.2,0,0,6397,6287,-110,0,4
715.756,8021169,1,1,83.2,0,0,6397,6287,-110,0,4
715.857,8021269,1,1,83.2,0,0,6397,6287,-110,0,4
715.956,8021369,1,1,83.2,0,0,6397,6287,-110,0,4
716.056,8021469,1,1,83.2,0,0,6397,6287,-110,0,4
716.156,8021569,1,1,83.2,0,0,6397,6287,-110,0,4
716.256,8021669,1,1,83.2,0,0,6397,6287,-110,0,4
716.356,8021769,1,1,83.2,0,0,6397,6287,-110,0,4
716.457,8021869,1,1,83.2,0,0,6397,6287,-110,0,4
716.557,8021969,1,1,83.2,0,0,6397,6287,-110,0,4
716.668,8022081,1,1,83.2,0,0,6397,6287,-110,0,4
716.756,8022169,1,1,83.2,0,0,6397,6287,-110,0,4
716.856,8022269,1,1,83.2,0,0,6397,6287,-110,0,4
716.956,8022369,1,1,83.2,0,0,6397,6287,-110,0,4
717.056,8022469,1,1,83.2,0,0,6397,6287,-110,0,4
717.157,8022569,1,1,83.2,0,0,6397,6287,-110,0,4
717.256,8022669,1,1,83.2,0,0,6397,6287,-110,0,4
717.356,8022769,1,1,83.2,0,0,6397,6287,-110,0,4
717.456,8022869,1,1,83.2,0,0,6397,6287,-110,0,4
717.556,8022969,1,1,83.2,0,0,6397,6287,-110,0,4
717.656,8023069,1,1,83.2,0,0,6397,6287,-110,0,4
717.760,8023169,1,1,83.2,0,0,6397,6287,-110,0,4
717.856,8023269,1,1,83.2,0,0,6397,6287,-110,0,4
717.956,8023369,1,1,83.2,0,0,6397,6287,-110,0,4
718.060,8023469,1,1,83.2,0,0,6397,6287,-110,0,4
718.156,8023569,1,1,83.2,0,0,6397,6287,-110,0,4
718.256,8023669,1,1,83.2,0,0,6397,6287,-110,0,4
718.356,8023769,1,1,83.2,0,0,6397,6287,-110,0,4
718.457,8023869,1,1,83.2,0,0,6397,6287,-110,0,4
718.556,8023969,1,1,83.2,0,0,6397,6287,-110,0,4
718.668,8024081,1,1,83.2,0,0,6397,6287,-110,0,4
718.756,8024169,1,1,83.2,0,0,6397,6287,-110,0,4
718.856,8024269,1,1,83.2,0,0,6397,6287,-110,0,4
718.956,8024369,1,1,83.2,0,0,6397,6287,-110,0,4
719.056,8024469,1,1,83.2,0,0,6397,6287,-110,0,4
719.156,8024569,1,1,83.2,0,0,6397,6287,-110,0,4
719.256,8024669,1,1,83.2,0,0,6397,6287,-110,0,4
719.356,8024769,1,1,83.2,0,0,6397,6287,-110,0,4
719.456,8024869,1,1,83.2,0,0,6397,6287,-110,0,4
719.556,8024969,1,1,83.2,0,0,6397,6287,-110,0,4
719.656,8025069,1,1,83.2,0,0,6397,6287,-110,0,4
719.757,8025169,1,1,83.2,0,0,6397,6287,-110,0,4
719.856,8025269,1,1,83.2,0,0,6397,6287,-110,0,4
719.956,8025369,1,1,83.2,0,0,6397,6287,-110,0,4
720.059,8025469,1,1,83.2,0,0,6397,6287,-110,0,4
720.156,8025569,1,1,83.2,0,0,6397,6287,-110,0,4
720.257,8025669,1,1,83.2,0,0,6397,6287,-110,0,4
720.356,8025769,1,1,83.2,0,0,6397,6287,-110,0,4
720.456,8025869,1,1,83.2,0,0,6397,6287,-110,0,4
720.556,8025969,1,1,83.2,0,0,6397,6287,-110,0,4
720.668,8026081,1,1,83.2,0,0,6397,6287,-110,0,4
720.756,8026169,1,1,83.2,0,0,6397,6287,-110,0,4
720.857,8026269,1,1,83.2,0,0,6397,6287,-110,0,4
720.956,8026369,1,1,83.2,0,0,6397,6287,-110,0,4
721.056,8026469,1,1,83.2,0,0,6397,6287,-110,0,4
721.156,8026569,1,1,83.2,0,0,6397,6287,-110,0,4
721.256,8026669,1,1,83.2,0,0,6397,6287,-110,0,4
721.355,8026769,1,1,83.2,0,0,6397,6287,-110,0,4
721.456,8026869,1,1,83.2,0,0,6397,6287,-110,0,4
721.556,8026969,1,1,83.2,0,0,6397,6287,-110,0,4
721.656,8027069,1,1,83.2,0,0,6397,6287,-110,0,4
721.756,8027169,1,1,83.2,0,0,6397,6287,-110,0,4
721.856,8027269,1,1,83.2,0,0,6397,6287,-110,0,4
721.956,8027369,1,1,83.2,0,0,6397,6287,-110,0,4
722.056,8027469,1,1,83.2,0,0,6397,6287,-110,0,4
722.156,8027569,1,1,83.2,0,0,6397,6287,-110,0,4
722.256,8027669,1,1,83.2,0,0,6397,6287,-110,0,4
722.359,8027769,1,1,83.2,0,0,6397,6287,-110,0,4
722.456,8027869,1,1,83.2,0,0,6397,6287,-110,0,4
722.556,8027969,1,1,83.2,0,0,6397,6287,-110,0,4
722.668,8028081,1,1,83.2,0,0,6397,6287,-110,0,4
722.756,8028169,1,1,83.2,0,0,6397,6287,-110,0,4
722.856,8028269,1,1,83.2,0,0,6397,6287,-110,0,4
722.956,8028369,1,1,83.2,0,0,6397,6287,-110,0,4
723.057,8028469,1,1,83.2,0,0,6397,6287,-110,0,4
723.156,8028569,1,1,83.2,0,0,6397,6287,-110,0,4
723.256,8028669,1,1,83.2,0,0,6397,6287,-110,0,4
723.356,8028769,1,1,83.2,0,0,6397,6287,-110,0,4
723.456,8028869,1,1,83.2,0,0,6397,6287,-110,0,4
723.556,8028969,1,1,83.2,0,0,6397,6287,-110,0,4
723.655,8029069,1,1,83.2,0,0,6397,6287,-110,0,4
723.756,8029169,1,1,83.2,0,0,6397,6287,-110,0,4
723.856,8029269,1,1,83.2,0,0,6397,6287,-110,0,4
723.956,8029369,1,1,83.2,0,0,6397,6287,-110,0,4
724.056,8029469,1,1,83.2,0,0,6397,6287,-110,0,4
724.156,8029569,1,1,83.2,0,0,6397,6287,-110,0,4
724.256,8029669,1,1,83.2,0,0,6397,6287,-110,0,4
724.355,8029769,1,1,83.2,0,0,6397,6287,-110,0,4
724.456,8029869,1,1,83.2,0,0,6397,6287,-110,0,4
724.556,8029969,1,1,83.2,0,0,6397,6287,-110,0,4
724.668,8030081,1,1,83.2,0,0,6397,6287,-110,0,4
724.756,8030169,1,1,83.2,0,0,6397,6287,-110,0,4
724.855,8030269,1,1,83.2,0,0,6397,6287,-110,0,4
724.956,8030369,1,1,83.2,0,0,6397,6287,-110,0,4
725.055,8030469,1,1,83.2,0,0,6397,6287,-110,0,4
725.156,8030569,1,1,83.2,0,0,6397,6287,-110,0,4
725.256,8030669,1,1,83.2,0,0,6397,6287,-110,0,4
725.356,8030769,1,1,83.2,0,0,6397,6287,-110,0,4
725.456,8030869,1,1,83.2,0,0,6397,6287,-110,0,4
725.556,8030969,1,1,83.2,0,0,6397,6287,-110,0,4
725.656,8031069,1,1,83.2,0,0,6397,6287,-110,0,4
725.756,8031169,1,1,83.2,0,0,6397,6287,-110,0,4
725.859,8031269,1,1,83.2,0,0,6397,6287,-110,0,4
725.956,8031369,1,1,83.2,0,0,6397,6287,-110,0,4
726.055,8031469,1,1,83.2,0,0,6397,6287,-110,0,4
726.156,8031569,1,1,83.2,0,0,6397,6287,-110,0,4
726.268,8031681,0,0,0.0,-45,0,6397,6287,-110,0,0
726.355,8031769,0,0,0.0,-45,0,6397,6287,-110,0,0
726.455,8031869,0,0,0.0,-45,0,6397,6287,-110,0,0
726.561,8031969,0,0,0.0,-45,0,6397,6287,-110,0,0
726.655,8032069,0,0,0.0,-45,0,6397,6287,-110,0,0
726.768,8032181,0,0,0.0,0,0,6397,6287,-110,0,0
726.855,8032269,0,0,0.0,0,0,6397,6287,-110,0,0
726.956,8032369,0,0,0.0,0,0,6397,6287,-110,0,0
727.055,8032469,0,0,0.0,0,0,6397,6287,-110,0,0
727.156,8032569,0,0,0.0,0,0,6397,6287,-110,0,0
727.255,8032669,0,0,0.0,0,0,6397,6287,-110,0,0
727.355,8032769,0,0,0.0,0,0,6397,6287,-110,0,0
727.455,8032869,0,0,0.0,0,0,6397,6287,-110,0,0
727.555,8032969,0,0,0.0,0,0,6397,6287,-110,0,0
727.655,8033069,0,0,0.0,0,0,6397,6287,-110,0,0
727.755,8033169,0,0,0.0,0,0,6397,6287,-110,0,0
727.855,8033269,0,0,0.0,0,0,6397,6287,-110,0,0
727.955,8033369,0,0,0.0,0,0,6397,6287,-110,0,0
728.055,8033469,0,0,0.0,0,0,6397,6287,-110,0,0
728.155,8033569,0,0,0.0,0,0,6397,6287,-110,0,0
728.255,8033669,0,0,0.0,0,0,6397,6287,-110,0,0
728.355,8033769,0,0,0.0,0,0,6397,6287,-110,0,0
728.456,8033869,0,0,0.0,0,0,6397,6287,-110,0,0
728.555,8033969,0,0,0.0,0,0,6397,6287,-110,0,0
728.655,8034069,0,0,0.0,0,0,6397,6287,-110,0,0
728.768,8034181,0,0,0.0,0,0,6397,6287,-110,0,0
728.855,8034269,0,0,0.0,0,0,6397,6287,-110,0,0
728.959,8034369,0,0,0.0,0,0,6397,6287,-110,0,0
729.055,8034469,0,0,0.0,0,0,6397,6287,-110,0,0
729.155,8034569,0,0,0.0,0,0,6397,6287,-110,0,0
729.255,8034669,0,0,0.0,0,0,6397,6287,-110,0,0
729.355,8034769,0,0,0.0,0,0,6397,6287,-110,0,0
729.455,8034869,0,0,0.0,0,0,6397,6287,-110,0,0
729.555,8034969,0,0,0.0,0,0,6397,6287,-110,0,0
729.655,8035069,0,0,0.0,0,0,6397,6287,-110,0,0
729.755,8035169,0,0,0.0,0,0,6397,6287,-110,0,0
729.855,8035269,0,0,0.0,0,0,6397,6287,-110,0,0
729.955,8035369,0,0,0.0,0,0,6397,6287,-110,0,0
730.055,8035469,0,0,0.0,0,0,6397,6287,-110,0,0
730.155,8035569,0,0,0.0,0,0,6397,6287,-110,0,0
730.255,8035669,0,0,0.0,0,0,6397,6287,-110,0,0
730.355,8035769,0,0,0.0,0,0,6397,6287,-110,0,0
730.455,8035869,0,0,0.0,0,0,6397,6287,-110,0,0
730.555,8035969,0,0,0.0,0,0,6397,6287,-110,0,0
730.655,8036069,0,0,0.0,0,0,6397,6287,-110,0,0
730.767,8036181,0,0,0.0,0,0,6397,6287,-110,0,0
730.855,8036269,0,0,0.0,0,0,6397,6287,-110,0,0
730.955,8036369,0,0,0.0,0,0,6397,6287,-110,0,0
731.057,8036469,0,0,0.0,0,0,6397,6287,-110,0,0
731.154,8036569,0,0,0.0,0,0,6397,6287,-110,0,0
731.270,8036669,0,0,0.0,0,0,6397,6287,-110,0,0
731.355,8036769,0,0,0.0,0,0,6397,6287,-110,0,0
731.455,8036869,0,0,0.0,0,0,6397,6287,-110,0,0
731.555,8036969,0,0,0.0,0,0,6397,6287,-110,0,0
731.655,8037069,0,0,0.0,0,0,6397,6287,-110,0,0
731.755,8037169,0,0,0.0,0,0,6397,6287,-110,0,0
731.855,8037269,0,0,0.0,0,0,6397,6287,-110,0,0
731.955,8037369,0,0,0.0,0,0,6397,6287,-110,0,0
732.056,8037469,0,0,0.0,0,0,6397,6287,-110,0,0
732.155,8037569,0,0,0.0,0,0,6397,6287,-110,0,0
732.255,8037669,0,0,0.0,0,0,6397,6287,-110,0,0
732.355,8037769,0,0,0.0,0,0,6397,6287,-110,0,0
732.455,8037869,0,0,0.0,0,0,6397,6287,-110,0,0
732.555,8037969,0,0,0.0,0,0,6397,6287,-110,0,0
732.655,8038069,0,0,0.0,0,0,6397,6287,-110,0,0
732.767,8038181,0,0,0.0,0,0,6397,6287,-110,0,0
732.855,8038269,0,0,0.0,0,0,6397,6287,-110,0,0
732.956,8038369,0,0,0.0,0,0,6397,6287,-110,0,0
733.055,8038469,0,0,0.0,0,0,6397,6287,-110,0,0
733.155,8038569,0,0,0.0,0,0,6397,6287,-110,0,0
733.255,8038669,0,0,0.0,0,0,6397,6287,-110,0,0
733.358,8038769,0,0,0.0,0,0,6397,6287,-110,0,0
733.455,8038869,0,0,0.0,0,0,6397,6287,-110,0,0
733.555,8038969,0,0,0.0,0,0,6397,6287,-110,0,0
733.655,8039069,0,0,0.0,0,0,6397,6287,-110,0,0
733.755,8039169,0,0,0.0,0,0,6397,6287,-110,0,0
733.857,8039269,0,0,0.0,0,0,6397,6287,-110,0,0
733.955,8039369,0,0,0.0,0,0,6397,6287,-110,0,0
734.055,8039469,0,0,0.0,0,0,6397,6287,-110,0,0
734.156,8039569,0,0,0.0,0,0,6397,6287,-110,0,0
734.256,8039669,0,0,0.0,0,0,6397,6287,-110,0,0
734.355,8039769,0,0,0.0,0,0,6397,6287,-110,0,0
734.455,8039869,0,0,0.0,0,0,6397,6287,-110,0,0
734.554,8039969,0,0,0.0,0,0,6397,6287,-110,0,0
734.655,8040069,0,0,0.0,0,0,6397,6287,-110,0,0
734.767,8040181,0,0,0.0,0,0,6397,6287,-110,0,0
734.855,8040269,0,0,0.0,0,0,6397,6287,-110,0,0
734.955,8040369,0,0,0.0,0,0,6397,6287,-110,0,0
735.057,8040469,0,0,0.0,0,0,6397,6287,-110,0,0
735.155,8040569,0,0,0.0,0,0,6397,6287,-110,0,0
735.255,8040669,0,0,0.0,0,0,6397,6287,-110,0,0
735.356,8040769,0,0,0.0,0,0,6397,6287,-110,0,0
735.455,8040869,0,0,0.0,0,0,6397,6287,-110,0,0
735.555,8040969,0,0,0.0,0,0,6397,6287,-110,0,0
735.655,8041069,0,0,0.0,0,0,6397,6287,-110,0,0
735.755,8041169,0,0,0.0,0,0,6397,6287,-110,0,0
735.856,8041269,0,0,0.0,0,0,6397,6287,-110,0,0
735.954,8041369,0,0,0.0,0,0,6397,6287,-110,0,0
736.055,8041469,0,0,0.0,0,0,6397,6287,-110,0,0
736.155,8041569,0,0,0.0,0,0,6397,6287,-110,0,0
736.255,8041669,0,0,0.0,0,0,6397,6287,-110,0,0
736.359,8041769,0,0,0.0,0,0,6397,6287,-110,0,0
736.455,8041869,0,0,0.0,0,0,6397,6287,-110,0,0
736.556,8041969,0,0,0.0,0,0,6397,6287,-110,0,0
736.655,8042069,0,0,0.0,0,0,6397,6287,-110,0,0
736.767,8042181,0,0,0.0,0,0,6397,6287,-110,0,0
736.855,8042269,0,0,0.0,0,0,6397,6287,-110,0,0
736.955,8042369,0,0,0.0,0,0,6397,6287,-110,0,0
737.054,8042469,0,0,0.0,0,0,6397,6287,-110,0,0
737.155,8042569,0,0,0.0,0,0,6397,6287,-110,0,0
737.255,8042669,0,0,0.0,0,0,6397,6287,-110,0,0
737.355,8042769,0,0,0.0,0,0,6397,6287,-110,0,0
737.455,8042869,0,0,0.0,0,0,6397,6287,-110,0,0
737.555,8042969,0,0,0.0,0,0,6397,6287,-110,0,0
737.654,8043069,0,0,0.0,0,0,6397,6287,-110,0,0
737.754,8043169,0,0,0.0,0,0,6397,6287,-110,0,0
737.858,8043269,0,0,0.0,0,0,6397,6287,-110,0,0
737.955,8043369,0,0,0.0,0,0,6397,6287,-110,0,0
738.055,8043469,0,0,0.0,0,0,6397,6287,-110,0,0
738.155,8043569,0,0,0.0,0,0,6397,6287,-110,0,0
738.254,8043669,0,0,0.0,0,0,6397,6287,-110,0,0
738.354,8043769,0,0,0.0,0,0,6397,6287,-110,0,0
738.455,8043869,0,0,0.0,0,0,6397,6287,-110,0,0
738.554,8043969,0,0,0.0,0,0,6397,6287,-110,0,0
738.655,8044069,0,0,0.0,0,0,6397,6287,-110,0,0
738.767,8044181,0,0,0.0,0,0,6397,6287,-110,0,0
738.854,8044269,0,0,0.0,0,0,6397,6287,-110,0,0
738.955,8044369,0,0,0.0,0,0,6397,6287,-110,0,0
739.054,8044469,0,0,0.0,0,0,6397,6287,-110,0,0
739.154,8044569,0,0,0.0,0,0,6397,6287,-110,0,0
739.254,8044669,0,0,0.0,0,0,6397,6287,-110,0,0
739.357,8044769,0,0,0.0,0,0,6397,6287,-110,0,0
739.454,8044869,0,0,0.0,0,0,6397,6287,-110,0,0
739.555,8044969,0,0,0.0,0,0,6397,6287,-110,0,0
739.655,8045069,0,0,0.0,0,0,6397,6287,-110,0,0
739.755,8045169,0,0,0.0,0,0,6397,6287,-110,0,0
739.855,8045269,0,0,0.0,0,0,6397,6287,-110,0,0
739.955,8045369,0,0,0.0,0,0,6397,6287,-110,0,0
740.055,8045469,0,0,0.0,0,0,6397,6287,-110,0,0
740.154,8045569,0,0,0.0,0,0,6397,6287,-110,0,0
740.255,8045669,0,0,0.0,0,0,6397,6287,-110,0,0
740.355,8045769,0,0,0.0,0,0,6397,6287,-110,0,0
740.454,8045869,0,0,0.0,0,0,6397,6287,-110,0,0
740.555,8045969,0,0,0.0,0,0,6397,6287,-110,0,0
740.654,8046069,0,0,0.0,0,0,6397,6287,-110,0,0
740.767,8046181,0,0,0.0,0,0,6397,6287,-110,0,0
740.854,8046269,0,0,0.0,0,0,6397,6287,-110,0,0
740.954,8046369,0,0,0.0,0,0,6397,6287,-110,0,0
741.054,8046469,0,0,0.0,0,0,6397,6287,-110,0,0
741.159,8046569,0,0,0.0,0,0,6397,6287,-110,0,0
741.255,8046669,0,0,0.0,0,0,6397,6287,-110,0,0
741.355,8046769,0,0,0.0,0,0,6397,6287,-110,0,0
741.454,8046869,0,0,0.0,0,0,6397,6287,-110,0,0
741.554,8046969,0,0,0.0,0,0,6397,6287,-110,0,0
741.656,8047069,0,0,0.0,0,0,6397,6287,-110,0,0
741.755,8047169,0,0,0.0,0,0,6397,6287,-110,0,0
741.854,8047269,0,0,0.0,0,0,6397,6287,-110,0,0
741.954,8047369,0,0,0.0,0,0,6397,6287,-110,0,0
742.055,8047469,0,0,0.0,0,0,6397,6287,-110,0,0
742.154,8047569,0,0,0.0,0,0,6397,6287,-110,0,0
742.255,8047669,0,0,0.0,0,0,6397,6287,-110,0,0
742.354,8047769,0,0,0.0,0,0,6397,6287,-110,0,0
742.455,8047869,0,0,0.0,0,0,6397,6287,-110,0,0
742.555,8047969,0,0,0.0,0,0,6397,6287,-110,0,0
742.667,8048081,0,0,0.0,-45,0,6397,6287,-110,0,0
742.755,8048169,0,0,0.0,-45,0,6397,6287,-110,0,0
742.856,8048269,0,0,0.0,-45,0,6397,6287,-110,0,0
742.954,8048369,0,0,0.0,-45,0,6397,6287,-110,0,0
743.055,8048469,0,0,0.0,-45,0,6397,6287,-110,0,0
743.167,8048581,0,0,0.0,0,0,6397,6287,-110,0,0
743.255,8048669,0,0,0.0,0,0,6397,6287,-110,0,0
743.354,8048769,0,0,0.0,0,0,6397,6287,-110,0,0
743.454,8048869,0,0,0.0,0,0,6397,6287,-110,0,0
743.554,8048969,0,0,0.0,0,0,6397,6287,-110,0,0
743.655,8049069,0,0,0.0,0,0,6397,6287,-110,0,0
743.754,8049169,0,0,0.0,0,0,6397,6287,-110,0,0
743.854,8049269,0,0,0.0,0,0,6397,6287,-110,0,0
743.954,8049369,0,0,0.0,0,0,6397,6287,-110,0,0
744.054,8049469,0,0,0.0,0,0,6397,6287,-110,0,0
744.155,8049569,0,0,0.0,0,0,6397,6287,-110,0,0
744.255,8049669,0,0,0.0,0,0,6397,6287,-110,0,0
744.355,8049769,0,0,0.0,0,0,6397,6287,-110,0,0
744.455,8049869,0,0,0.0,0,0,6397,6287,-110,0,0
744.554,8049969,0,0,0.0,0,0,6397,6287,-110,0,0
744.654,8050069,0,0,0.0,0,0,6397,6287,-110,0,0
744.754,8050169,0,0,0.0,0,0,6397,6287,-110,0,0
744.854,8050269,0,0,0.0,0,0,6397,6287,-110,0,0
744.955,8050369,0,0,0.0,0,0,6397,6287,-110,0,0
745.054,8050469,0,0,0.0,0,0,6397,6287,-110,0,0
745.167,8050581,0,0,0.0,0,0,6397,6287,-110,0,0
745.254,8050669,0,0,0.0,0,0,6397,6287,-110,0,0
745.354,8050769,0,0,0.0,0,0,6397,6287,-110,0,0
745.454,8050869,0,0,0.0,0,0,6397,6287,-110,0,0
745.554,8050969,0,0,0.0,0,0,6397,6287,-110,0,0
745.657,8051069,0,0,0.0,0,0,6397,6287,-110,0,0
745.754,8051169,0,0,0.0,0,0,6397,6287,-110,0,0
745.854,8051269,0,0,0.0,0,0,6397,6287,-110,0,0
745.956,8051369,0,0,0.0,0,0,6397,6287,-110,0,0
746.054,8051469,0,0,0.0,0,0,6397,6287,-110,0,0
746.154,8051569,0,0,0.0,0,0,6397,6287,-110,0,0
746.254,8051669,0,0,0.0,0,0,6397,6287,-110,0,0
746.354,8051769,0,0,0.0,0,0,6397,6287,-110,0,0
746.454,8051869,0,0,0.0,0,0,6397,6287,-110,0,0
746.554,8051969,0,0,0.0,0,0,6397,6287,-110,0,0
746.655,8052069,0,0,0.0,0,0,6397,6287,-110,0,0
746.754,8052169,0,0,0.0,0,0,6397,6287,-110,0,0
746.854,8052269,0,0,0.0,0,0,6397,6287,-110,0,0
746.955,8052369,0,0,0.0,0,0,6397,6287,-110,0,0
747.054,8052469,0,0,0.0,0,0,6397,6287,-110,0,0
747.167,8052581,0,0,0.0,0,0,6397,6287,-110,0,0
747.255,8052669,0,0,0.0,0,0,6397,6287,-110,0,0
747.354,8052769,0,0,0.0,0,0,6397,6287,-110,0,0
747.454,8052869,0,0,0.0,0,0,6397,6287,-110,0,0
747.555,8052969,0,0,0.0,0,0,6397,6287,-110,0,0
747.655,8053069,0,0,0.0,0,0,6397,6287,-110,0,0
747.754,8053169,0,0,0.0,0,0,6397,6287,-110,0,0
747.854,8053269,0,0,0.0,0,0,6397,6287,-110,0,0
747.954,8053369,0,0,0.0,0,0,6397,6287,-110,0,0
748.055,8053469,0,0,0.0,0,0,6397,6287,-110,0,0
748.154,8053569,0,0,0.0,0,0,6397,6287,-110,0,0
748.254,8053669,0,0,0.0,0,0,6397,6287,-110,0,0
748.354,8053769,0,0,0.0,0,0,6397,6287,-110,0,0
748.454,8053869,0,0,0.0,0,0,6397,6287,-110,0,0
748.554,8053969,0,0,0.0,0,0,6397,6287,-110,0,0
748.654,8054069,0,0,0.0,0,0,6397,6287,-110,0,0
748.754,8054169,0,0,0.0,0,0,6397,6287,-110,0,0
748.854,8054269,0,0,0.0,0,0,6397,6287,-110,0,0
748.954,8054369,0,0,0.0,0,0,6397,6287,-110,0,0
749.060,8054469,0,0,0.0,0,0,6397,6287,-110,0,0
749.167,8054581,0,0,0.0,0,0,6397,6287,-110,0,0
749.257,8054669,0,0,0.0,0,0,6397,6287,-110,0,0
749.354,8054769,0,0,0.0,0,0,6397,6287,-110,0,0
749.454,8054869,0,0,0.0,0,0,6397,6287,-110,0,0
749.554,8054969,0,0,0.0,0,0,6397,6287,-110,0,0
749.654,8055069,0,0,0.0,0,0,6397,6287,-110,0,0
749.754,8055169,0,0,0.0,0,0,6397,6287,-110,0,0
749.853,8055269,0,0,0.0,0,0,6397,6287,-110,0,0
749.954,8055369,0,0,0.0,0,0,6397,6287,-110,0,0
750.054,8055469,0,0,0.0,0,0,6397,6287,-110,0,0
750.154,8055569,0,0,0.0,0,0,6397,6287,-110,0,0
750.254,8055669,0,0,0.0,0,0,6397,6287,-110,0,0
750.354,8055769,0,0,0.0,0,0,6397,6287,-110,0,0
750.454,8055869,0,0,0.0,0,0,6397,6287,-110,0,0
750.554,8055969,0,0,0.0,0,0,6397,6287,-110,0,0
750.654,8056069,0,0,0.0,0,0,6397,6287,-110,0,0
750.753,8056169,0,0,0.0,0,0,6397,6287,-110,0,0
750.854,8056269,0,0,0.0,0,0,6397,6287,-110,0,0
750.954,8056369,0,0,0.0,0,0,6397,6287,-110,0,0
751.054,8056469,0,0,0.0,0,0,6397,6287,-110,0,0
751.166,8056581,0,0,0.0,0,0,6397,6287,-110,0,0
751.257,8056669,0,0,0.0,0,0,6397,6287,-110,0,0
751.354,8056769,0,0,0.0,0,0,6397,6287,-110,0,0
751.454,8056869,0,0,0.0,0,0,6397,6287,-110,0,0
751.554,8056969,0,0,0.0,0,0,6397,6287,-110,0,0
751.654,8057069,0,0,0.0,0,0,6397,6287,-110,0,0
751.754,8057169,0,0,0.0,0,0,6397,6287,-110,0,0
751.853,8057269,0,0,0.0,0,0,6397,6287,-110,0,0
751.954,8057369,0,0,0.0,0,0,6397,6287,-110,0,0
752.054,8057469,0,0,0.0,0,0,6397,6287,-110,0,0
752.153,8057569,0,0,0.0,0,0,6397,6287,-110,0,0
752.255,8057669,0,0,0.0,0,0,6397,6287,-110,0,0
752.353,8057769,0,0,0.0,0,0,6397,6287,-110,0,0
752.454,8057869,0,0,0.0,0,0,6397,6287,-110,0,0
752.554,8057969,0,0,0.0,0,0,6397,6287,-110,0,0
752.654,8058069,0,0,0.0,0,0,6397,6287,-110,0,0
752.753,8058169,0,0,0.0,0,0,6397,6287,-110,0,0
752.854,8058269,0,0,0.0,0,0,6397,6287,-110,0,0
752.954,8058369,0,0,0.0,0,0,6397,6287,-110,0,0
753.055,8058469,0,0,0.0,0,0,6397,6287,-110,0,0
753.169,8058581,0,0,0.0,0,0,6397,6287,-110,0,0
753.253,8058669,0,0,0.0,0,0,6397,6287,-110,0,0
753.353,8058769,0,0,0.0,0,0,6397,6287,-110,0,0
753.453,8058869,0,0,0.0,0,0,6397,6287,-110,0,0
753.554,8058969,0,0,0.0,0,0,6397,6287,-110,0,0
753.656,8059069,0,0,0.0,0,0,6397,6287,-110,0,0
753.753,8059169,0,0,0.0,0,0,6397,6287,-110,0,0
753.853,8059269,0,0,0.0,0,0,6397,6287,-110,0,0
753.954,8059369,0,0,0.0,0,0,6397,6287,-110,0,0
754.054,8059469,0,0,0.0,0,0,6397,6287,-110,0,0
754.156,8059569,0,0,0.0,0,0,6397,6287,-110,0,0
754.253,8059669,0,0,0.0,0,0,6397,6287,-110,0,0
754.353,8059769,0,0,0.0,0,0,6397,6287,-110,0,0
754.453,8059869,0,0,0.0,0,0,6397,6287,-110,0,0
754.553,8059969,0,0,0.0,0,0,6397,6287,-110,0,0
754.654,8060069,0,0,0.0,0,0,6397,6287,-110,0,0
754.753,8060169,0,0,0.0,0,0,6397,6287,-110,0,0
754.853,8060269,0,0,0.0,0,0,6397,6287,-110,0,0
754.954,8060369,0,0,0.0,0,0,6397,6287,-110,0,0
755.053,8060469,0,0,0.0,0,0,6397,6287,-110,0,0
755.166,8060581,0,0,0.0,0,0,6397,6287,-110,0,0
755.257,8060669,0,0,0.0,0,0,6397,6287,-110,0,0
755.354,8060769,0,0,0.0,0,0,6397,6287,-110,0,0
755.454,8060869,0,0,0.0,0,0,6397,6287,-110,0,0
755.569,8060981,0,0,0.0,-45,0,6397,6287,-110,0,0
755.654,8061069,0,0,0.0,-45,0,6397,6287,-110,0,0
755.754,8061169,0,0,0.0,-45,0,6397,6287,-110,0,0
755.854,8061269,0,0,0.0,-45,0,6397,6287,-110,0,0
755.954,8061369,0,0,0.0,-45,0,6397,6287,-110,0,0
756.066,8061481,0,0,0.0,0,0,6397,6287,-110,0,0
756.153,8061569,0,0,0.0,0,0,6397,6287,-110,0,0
756.254,8061669,0,0,0.0,0,0,6397,6287,-110,0,0
756.354,8061769,0,0,0.0,0,0,6397,6287,-110,0,0
756.453,8061869,0,0,0.0,0,0,6397,6287,-110,0,0
756.553,8061969,0,0,0.0,0,0,6397,6287,-110,0,0
756.662,8062069,0,0,0.0,0,0,6397,6287,-110,0,0
756.754,8062169,0,0,0.0,0,0,6397,6287,-110,0,0
756.853,8062269,0,0,0.0,0,0,6397,6287,-110,0,0
756.953,8062369,0,0,0.0,0,0,6397,6287,-110,0,0
757.053,8062469,0,0,0.0,0,0,6397,6287,-110,0,0
757.154,8062569,0,0,0.0,0,0,6397,6287,-110,0,0
757.254,8062669,0,0,0.0,0,0,6397,6287,-110,0,0
757.353,8062769,0,0,0.0,0,0,6397,6287,-110,0,0
757.453,8062869,0,0,0.0,0,0,6397,6287,-110,0,0
757.553,8062969,0,0,0.0,0,0,6397,6287,-110,0,0
757.653,8063069,0,0,0.0,0,0,6397,6287,-110,0,0
757.754,8063169,0,0,0.0,0,0,6397,6287,-110,0,0
757.853,8063269,0,0,0.0,0,0,6397,6287,-110,0,0
757.953,8063369,0,0,0.0,0,0,6397,6287,-110,0,0
758.066,8063481,0,0,0.0,0,0,6397,6287,-110,0,0
758.155,8063569,0,0,0.0,0,0,6397,6287,-110,0,0
758.253,8063669,0,0,0.0,0,0,6397,6287,-110,0,0
758.353,8063769,0,0,0.0,0,0,6397,6287,-110,0,0
758.453,8063869,0,0,0.0,0,0,6397,6287,-110,0,0
758.554,8063969,0,0,0.0,0,0,6397,6287,-110,0,0
758.654,8064069,0,0,0.0,0,0,6397,6287,-110,0,0
758.766,8064181,0,0,0.0,45,0,6397,6287,-110,0,0
758.853,8064269,0,0,0.0,45,0,6397,6287,-110,0,0
758.953,8064369,0,0,0.0,45,0,6397,6287,-110,0,0
759.054,8064469,0,0,0.0,45,0,6397,6287,-110,0,0
759.154,8064569,0,0,0.0,45,0,6397,6287,-110,0,0
759.266,8064681,0,0,0.0,0,0,6397,6287,-110,0,0
759.354,8064769,0,0,0.0,0,0,6397,6287,-110,0,0
759.453,8064869,0,0,0.0,0,0,6397,6287,-110,0,0
759.555,8064969,0,0,0.0,0,0,6397,6287,-110,0,0
759.655,8065069,0,0,0.0,0,0,6397,6287,-110,0,0
759.753,8065169,0,0,0.0,0,0,6397,6287,-110,0,0
759.855,8065269,0,0,0.0,0,0,6397,6287,-110,0,0
759.953,8065369,0,0,0.0,0,0,6397,6287,-110,0,0
760.053,8065469,0,0,0.0,0,0,6397,6287,-110,0,0
760.153,8065569,0,0,0.0,0,0,6397,6287,-110,0,0
760.255,8065669,0,0,0.0,0,0,6397,6287,-110,0,0
760.353,8065769,0,0,0.0,0,0,6397,6287,-110,0,0
760.453,8065869,0,0,0.0,0,0,6397,6287,-110,0,0
760.553,8065969,0,0,0.0,0,0,6397,6287,-110,0,0
760.653,8066069,0,0,0.0,0,0,6397,6287,-110,0,0
760.753,8066169,0,0,0.0,0,0,6397,6287,-110,0,0
760.853,8066269,0,0,0.0,0,0,6397,6287,-110,0,0
760.953,8066369,0,0,0.0,0,0,6397,6287,-110,0,0
761.053,8066469,0,0,0.0,0,0,6397,6287,-110,0,0
761.153,8066569,0,0,0.0,0,0,6397,6287,-110,0,0
761.266,8066681,0,0,0.0,0,0,6397,6287,-110,0,0
761.353,8066769,0,0,0.0,0,0,6397,6287,-110,0,0
761.456,8066869,0,0,0.0,0,0,6397,6287,-110,0,0
761.553,8066969,0,0,0.0,0,0,6397,6287,-110,0,0
761.653,8067069,0,0,0.0,0,0,6397,6287,-110,0,0
761.753,8067169,0,0,0.0,0,0,6397,6287,-110,0,0
761.853,8067269,0,0,0.0,0,0,6397,6287,-110,0,0
761.953,8067369,0,0,0.0,0,0,6397,6287,-110,0,0
762.053,8067469,0,0,0.0,0,0,6397,6287,-110,0,0
762.153,8067569,0,0,0.0,0,0,6397,6287,-110,0,0
762.256,8067669,0,0,0.0,0,0,6397,6287,-110,0,0
762.353,8067769,0,0,0.0,0,0,6397,6287,-110,0,0
762.453,8067869,0,0,0.0,0,0,6397,6287,-110,0,0
762.553,8067969,0,0,0.0,0,0,6397,6287,-110,0,0
762.654,8068069,0,0,0.0,0,0,6397,6287,-110,0,0
762.753,8068169,0,0,0.0,0,0,6397,6287,-110,0,0
762.853,8068269,0,0,0.0,0,0,6397,6287,-110,0,0
762.953,8068369,0,0,0.0,0,0,6397,6287,-110,0,0
763.053,8068469,0,0,0.0,0,0,6397,6287,-110,0,0
763.154,8068569,0,0,0.0,0,0,6397,6287,-110,0,0
763.266,8068681,0,0,0.0,0,0,6397,6287,-110,0,0
763.353,8068769,0,0,0.0,0,0,6397,6287,-110,0,0
763.453,8068869,0,0,0.0,0,0,6397,6287,-110,0,0
763.553,8068969,0,0,0.0,0,0,6397,6287,-110,0,0
763.653,8069069,0,0,0.0,0,0,6397,6287,-110,0,0
763.753,8069169,0,0,0.0,0,0,6397,6287,-110,0,0
763.853,8069269,0,0,0.0,0,0,6397,6287,-110,0,0
763.953,8069369,0,0,0.0,0,0,6397,6287,-110,0,0
764.052,8069469,0,0,0.0,0,0,6397,6287,-110,0,0
764.153,8069569,0,0,0.0,0,0,6397,6287,-110,0,0
764.253,8069669,0,0,0.0,0,0,6397,6287,-110,0,0
764.353,8069769,0,0,0.0,0,0,6397,6287,-110,0,0
764.454,8069869,0,0,0.0,0,0,6397,6287,-110,0,0
764.553,8069969,0,0,0.0,0,0,6397,6287,-110,0,0
764.653,8070069,0,0,0.0,0,0,6397,6287,-110,0,0
764.754,8070169,0,0,0.0,0,0,6397,6287,-110,0,0
764.853,8070269,0,0,0.0,0,0,6397,6287,-110,0,0
764.953,8070369,0,0,0.0,0,0,6397,6287,-110,0,0
765.053,8070469,0,0,0.0,0,0,6397,6287,-110,0,0
765.153,8070569,0,0,0.0,0,0,6397,6287,-110,0,0
765.265,8070681,0,0,0.0,0,0,6397,6287,-110,0,0
765.353,8070769,0,0,0.0,0,0,6397,6287,-110,0,0
765.454,8070869,0,0,0.0,0,0,6397,6287,-110,0,0
765.553,8070969,0,0,0.0,0,0,6397,6287,-110,0,0
765.654,8071069,0,0,0.0,0,0,6397,6287,-110,0,0
765.753,8071169,0,0,0.0,0,0,6397,6287,-110,0,0
765.854,8071269,0,0,0.0,0,0,6397,6287,-110,0,0
765.953,8071369,0,0,0.0,0,0,6397,6287,-110,0,0
766.053,8071469,0,0,0.0,0,0,6397,6287,-110,0,0
766.154,8071569,0,0,0.0,0,0,6397,6287,-110,0,0
766.253,8071669,0,0,0.0,0,0,6397,6287,-110,0,0
766.353,8071769,0,0,0.0,0,0,6397,6287,-110,0,0
766.453,8071869,0,0,0.0,0,0,6397,6287,-110,0,0
766.552,8071969,0,0,0.0,0,0,6397,6287,-110,0,0
766.653,8072069,0,0,0.0,0,0,6397,6287,-110,0,0
766.752,8072169,0,0,0.0,0,0,6397,6287,-110,0,0
766.853,8072269,0,0,0.0,0,0,6397,6287,-110,0,0
766.953,8072369,0,0,0.0,0,0,6397,6287,-110,0,0
767.053,8072469,0,0,0.0,0,0,6397,6287,-110,0,0
767.153,8072569,0,0,0.0,0,0,6397,6287,-110,0,0
767.265,8072681,0,0,0.0,0,0,6397,6287,-110,0,0
767.353,8072769,0,0,0.0,0,0,6397,6287,-110,0,0
767.452,8072869,0,0,0.0,0,0,6397,6287,-110,0,0
767.566,8072981,0,0,0.0,-45,0,6397,6287,-110,0,0
767.654,8073069,0,0,0.0,-45,0,6397,6287,-110,0,0
767.753,8073169,0,0,0.0,-45,0,6397,6287,-110,0,0
767.854,8073269,0,0,0.0,-45,0,6397,6287,-110,0,0
767.953,8073369,0,0,0.0,-45,0,6397,6287,-110,0,0
768.065,8073481,0,0,0.0,0,0,6397,6287,-110,0,0
768.154,8073569,0,0,0.0,0,0,6397,6287,-110,0,0
768.253,8073669,0,0,0.0,0,0,6397,6287,-110,0,0
768.353,8073769,0,0,0.0,0,0,6397,6287,-110,0,0
768.453,8073869,0,0,0.0,0,0,6397,6287,-110,0,0
768.553,8073969,0,0,0.0,0,0,6397,6287,-110,0,0
768.653,8074069,0,0,0.0,0,0,6397,6287,-110,0,0
768.752,8074169,0,0,0.0,0,0,6397,6287,-110,0,0
768.853,8074269,0,0,0.0,0,0,6397,6287,-110,0,0
768.952,8074369,0,0,0.0,0,0,6397,6287,-110,0,0
769.052,8074469,0,0,0.0,0,0,6397,6287,-110,0,0
769.153,8074569,0,0,0.0,0,0,6397,6287,-110,0,0
769.252,8074669,0,0,0.0,0,0,6397,6287,-110,0,0
769.353,8074769,0,0,0.0,0,0,6397,6287,-110,0,0
769.452,8074869,0,0,0.0,0,0,6397,6287,-110,0,0
769.553,8074969,0,0,0.0,0,0,6397,6287,-110,0,0
769.652,8075069,0,0,0.0,0,0,6397,6287,-110,0,0
769.753,8075169,0,0,0.0,0,0,6397,6287,-110,0,0
769.852,8075269,0,0,0.0,0,0,6397,6287,-110,0,0
769.953,8075369,0,0,0.0,0,0,6397,6287,-110,0,0
770.065,8075481,0,0,0.0,0,0,6397,6287,-110,0,0
770.165,8075581,0,2,0.0,0,0,6397,6397,0,0,0
770.253,8075669,0,2,0.0,0,0,6397,6397,0,0,0
770.353,8075769,0,2,0.0,0,0,6397,6397,0,0,0
770.452,8075869,0,2,0.0,0,0,6397,6397,0,0,0
770.553,8075969,0,2,0.0,0,0,6397,6397,0,0,0
770.653,8076069,0,2,0.0,0,0,6397,6397,0,0,0
770.754,8076169,0,2,0.0,0,0,6397,6397,0,0,0
770.853,8076269,0,2,0.0,0,0,6397,6397,0,0,0
770.952,8076369,0,2,0.0,0,0,6397,6397,0,0,0
771.052,8076469,0,2,0.0,0,0,6397,6397,0,0,0
771.153,8076569,0,2,0.0,0,0,6397,6397,0,0,0
771.253,8076669,0,2,0.0,0,0,6397,6397,0,0,0
771.364,8076781,1,2,0.0,0,0,6397,6397,0,0,0
771.453,8076869,1,2,0.0,0,0,6397,6397,0,0,0
771.553,8076969,1,2,0.0,0,0,6397,6397,0,0,0
771.652,8077069,1,2,0.0,0,0,6397,6397,0,0,0
771.752,8077169,1,2,0.0,0,0,6397,6397,0,0,0
771.852,8077269,1,2,0.0,0,0,6397,6397,0,0,0
771.953,8077369,1,2,0.0,0,0,6397,6397,0,0,0
772.054,8077469,1,2,0.0,0,0,6397,6397,0,0,0
772.152,8077569,1,2,0.0,0,0,6397,6397,0,0,0
772.253,8077669,1,2,0.0,0,0,6397,6397,0,0,0
772.352,8077769,1,2,0.0,0,0,6397,6397,0,0,0
772.452,8077869,1,2,0.0,0,0,6397,6397,0,0,0
772.553,8077969,1,2,0.0,0,0,6397,6397,0,0,0
772.653,8078069,1,2,0.0,0,0,6397,6397,0,0,0
772.754,8078169,1,2,0.0,0,0,6397,6397,0,0,0
772.853,8078269,1,2,0.0,0,0,6397,6397,0,0,0
772.952,8078369,1,2,0.0,0,0,6397,6397,0,0,0
773.052,8078469,1,2,0.0,0,0,6397,6397,0,0,0
773.152,8078569,1,2,0.0,0,0,6397,6397,0,0,0
773.253,8078669,1,2,0.0,0,0,6397,6397,0,0,0
773.365,8078781,1,2,0.0,0,0,6397,6397,0,0,0
773.453,8078869,1,2,0.0,0,0,6397,6397,0,0,0
773.552,8078969,1,2,0.0,0,0,6397,6397,0,0,0
773.653,8079069,1,2,0.0,0,0,6397,6397,0,0,0
773.753,8079169,1,2,0.0,0,0,6397,6397,0,0,0
773.852,8079269,1,2,0.0,0,0,6397,6397,0,0,0
773.952,8079369,1,2,0.0,0,0,6397,6397,0,0,0
774.052,8079469,1,2,0.0,0,0,6397,6397,0,0,0
774.153,8079569,1,2,0.0,0,0,6397,6397,0,0,0
774.253,8079669,1,2,0.0,0,0,6397,6397,0,0,0
774.353,8079769,1,2,0.0,0,0,6397,6397,0,0,0
774.453,8079869,1,2,0.0,0,0,6397,6397,0,0,0
774.553,8079969,1,2,0.0,0,0,6397,6397,0,0,0
774.653,8080069,1,2,0.0,0,0,6397,6397,0,0,0
774.753,8080169,1,2,0.0,0,0,6397,6397,0,0,0
774.865,8080281,2,2,0.1,0,0,6394,5863,-531,70,1
774.953,8080369,2,2,1.4,0,0,6354,5863,-491,70,1
775.052,8080469,2,2,3.7,0,0,6290,5863,-427,70,1
775.152,8080569,2,2,6.6,0,0,6213,5863,-350,70,1
775.252,8080669,2,2,9.0,0,0,6152,5863,-289,70,1
775.358,8080769,2,2,11.3,0,0,6089,5863,-226,70,1
775.454,8080869,2,2,13.4,0,0,6033,5863,-170,70,1
775.553,8080969,2,2,15.2,0,0,5985,5863,-122,70,1
775.654,8081069,2,2,17.2,0,0,5931,5863,-68,70,1
775.754,8081169,2,2,19.4,0,0,5873,5863,-10,70,1
775.865,8081281,2,2,20.5,0,0,5847,5863,16,0,1
775.953,8081369,2,2,20.5,0,0,5847,5863,16,0,1
776.053,8081469,2,2,20.5,0,0,5847,5863,16,0,1
776.165,8081581,3,2,20.5,0,0,5847,5863,16,0,1
776.252,8081669,3,2,20.5,0,0,5847,5863,16,0,1
776.354,8081769,3,2,20.5,0,0,5847,5863,16,0,1
776.456,8081869,3,2,20.5,0,0,5847,5863,16,0,1
776.553,8081969,3,2,20.5,0,0,5847,5863,16,0,1
776.653,8082069,3,2,20.5,0,0,5847,5863,16,0,1
776.752,8082169,3,2,20.5,0,0,5847,5863,16,0,1
776.853,8082269,3,2,20.5,0,0,5847,5863,16,0,1
776.952,8082369,3,2,20.5,0,0,5847,5863,16,0,1
777.052,8082469,3,2,20.5,0,0,5847,5863,16,0,1
777.154,8082569,3,2,20.5,0,0,5847,5863,16,0,1
777.253,8082669,3,2,20.5,0,0,5847,5863,16,0,1
777.352,8082769,3,2,20.5,0,0,5847,5863,16,0,1
777.452,8082869,3,2,20.5,0,0,5847,5863,16,0,1
777.553,8082969,3,2,20.5,0,0,5847,5863,16,0,1
777.653,8083069,3,2,20.5,0,0,5847,5863,16,0,1
777.753,8083169,3,2,20.5,0,0,5847,5863,16,0,1
777.852,8083269,3,2,20.5,0,0,5847,5863,16,0,1
777.952,8083369,3,2,20.5,0,0,5847,5863,16,0,1
778.065,8083481,2,2,20.6,0,0,5845,5329,-516,70,2
778.152,8083569,2,2,21.5,0,0,5818,5329,-489,70,2
778.255,8083669,2,2,22.3,0,0,5795,5329,-466,70,2
778.353,8083769,2,2,23.5,0,0,5765,5329,-436,70,2
778.452,8083869,2,2,25.1,0,0,5722,5329,-393,70,2
778.553,8083969,2,2,26.5,0,0,5684,5329,-355,70,2
778.653,8084069,2,2,28.0,0,0,5647,5329,-318,70,2
778.753,8084169,2,2,29.4,0,0,5608,5329,-279,70,2
778.854,8084269,2,2,31.1,0,0,5564,5329,-235,70,2
778.952,8084369,2,2,32.4,0,0,5526,5329,-197,70,2
779.065,8084481,2,2,33.9,0,0,5486,5329,-157,70,2
779.152,8084569,2,2,35.2,0,0,5452,5329,-123,70,2
779.253,8084669,2,2,36.3,0,0,5425,5329,-96,70,2
779.353,8084769,2,2,37.4,0,0,5395,5329,-66,70,2
779.452,8084869,2,2,38.5,0,0,5364,5329,-35,70,2
779.553,8084969,2,2,39.6,0,0,5336,5329,-7,70,2
779.652,8085069,2,2,40.0,0,0,5326,5329,3,0,2
779.753,8085169,2,2,40.0,0,0,5326,5329,3,0,2
779.853,8085269,2,2,40.0,0,0,5326,5329,3,0,2
779.965,8085381,3,2,40.0,0,0,5326,5329,3,0,2
780.052,8085469,3,2,40.0,0,0,5326,5329,3,0,2
780.152,8085569,3,2,40.0,0,0,5326,5329,3,0,2
780.252,8085669,3,2,40.0,0,0,5326,5329,3,0,2
780.353,8085769,3,2,40.0,0,0,5326,5329,3,0,2
780.453,8085869,3,2,40.0,0,0,5326,5329,3,0,2
780.553,8085969,3,2,40.0,0,0,5326,5329,3,0,2
780.652,8086069,3,2,40.0,0,0,5326,5329,3,0,2
780.753,8086169,3,2,40.0,0,0,5326,5329,3,0,2
780.852,8086269,3,2,40.0,0,0,5326,5329,3,0,2
780.955,8086369,3,2,40.0,0,0,5326,5329,3,0,2
781.052,8086469,3,2,40.0,0,0,5326,5329,3,0,2
781.152,8086569,3,2,40.0,0,0,5326,5329,3,0,2
781.253,8086669,3,2,40.0,0,0,5326,5329,3,0,2
781.353,8086769,3,2,40.0,0,0,5326,5329,3,0,2
781.453,8086869,3,2,40.0,0,0,5326,5329,3,0,2
781.553,8086969,3,2,40.0,0,0,5326,5329,3,0,2
781.653,8087069,3,2,40.0,0,0,5326,5329,3,0,2
781.752,8087169,3,2,40.0,0,0,5326,5329,3,0,2
781.852,8087269,3,2,40.0,0,0,5326,5329,3,0,2
781.965,8087381,3,2,40.0,0,0,5326,5329,3,0,2
782.052,8087469,3,2,40.0,0,0,5326,5329,3,0,2
782.152,8087569,3,2,40.0,0,0,5326,5329,3,0,2
782.253,8087669,3,2,40.0,0,0,5326,5329,3,0,2
782.352,8087769,3,2,40.0,0,0,5326,5329,3,0,2
782.452,8087869,3,2,40.0,0,0,5326,5329,3,0,2
782.653,8088069,3,2,40.0,0,0,5326,5329,3,0,2
782.752,8088169,3,2,40.0,0,0,5326,5329,3,0,2
782.852,8088269,3,2,40.0,0,0,5326,5329,3,0,2
782.953,8088369,3,2,40.0,0,0,5326,5329,3,0,2
783.052,8088469,3,2,40.0,0,0,5326,5329,3,0,2
783.152,8088569,3,2,40.0,0,0,5326,5329,3,0,2
783.252,8088669,3,2,40.0,0,0,5326,5329,3,0,2
783.365,8088781,2,2,40.0,0,0,5326,4794,-532,70,3
783.452,8088869,2,2,40.2,0,0,5322,4794,-528,70,3
783.553,8088969,2,2,40.2,0,0,5322,4794,-528,70,3
783.653,8089069,2,2,40.2,0,0,5322,4794,-528,70,3
783.753,8089169,2,2,40.2,0,0,5322,4794,-528,70,3
783.853,8089269,2,2,40.2,0,0,5322,4794,-528,70,3
783.952,8089369,2,2,40.2,0,0,5322,4794,-528,70,3
784.052,8089469,2,2,40.2,0,0,5322,4794,-528,70,3
784.164,8089581,4,2,0.0,0,4,5325,4794,-531,0,3
784.252,8089669,4,2,0.0,0,4,5334,4794,-540,0,3
784.352,8089769,4,2,0.0,0,4,5337,4794,-543,0,3
784.452,8089869,4,2,0.0,0,4,5337,4794,-543,0,3
784.552,8089969,4,2,0.0,0,4,5337,4794,-543,0,3
784.652,8090069,4,2,0.0,0,4,5337,4794,-543,0,3
784.752,8090169,4,2,0.0,0,4,5337,4794,-543,0,3
784.852,8090269,4,2,0.0,0,4,5337,4794,-543,0,3
784.953,8090369,4,2,0.0,0,4,5337,4794,-543,0,3
785.051,8090469,4,2,0.0,0,4,5337,4794,-543,0,3
785.152,8090569,4,2,0.0,0,4,5337,4794,-543,0,3
785.252,8090669,4,2,0.0,0,4,5337,4794,-543,0,3
785.352,8090769,4,2,0.0,0,4,5337,4794,-543,0,3
785.452,8090869,4,2,0.0,0,4,5337,4794,-543,0,3
785.552,8090969,4,2,0.0,0,4,5337,4794,-543,0,3
785.652,8091069,4,2,0.0,0,4,5337,4794,-543,0,3
785.756,8091169,4,2,0.0,0,4,5337,4794,-543,0,3
785.852,8091269,4,2,0.0,0,4,5337,4794,-543,0,3
785.953,8091369,4,2,0.0,0,4,5337,4794,-543,0,3
786.052,8091469,4,2,0.0,0,4,5337,4794,-543,0,3
786.164,8091581,4,2,0.0,0,4,5337,4794,-543,0,3
786.252,8091669,4,2,0.0,0,4,5337,4794,-543,0,3
786.351,8091769,4,2,0.0,0,4,5337,4794,-543,0,3
786.451,8091869,4,2,0.0,0,4,5337,4794,-543,0,3
786.552,8091969,4,2,0.0,0,4,5337,4794,-543,0,3
786.655,8092069,4,2,0.0,0,4,5337,4794,-543,0,3
786.754,8092169,4,2,0.0,0,4,5337,4794,-543,0,3
786.852,8092269,4,2,0.0,0,4,5337,4794,-543,0,3
786.955,8092369,4,2,0.0,0,4,5337,4794,-543,0,3
787.051,8092469,4,2,0.0,0,4,5337,4794,-543,0,3
787.151,8092569,4,2,0.0,0,4,5337,4794,-543,0,3
787.252,8092669,4,2,0.0,0,4,5337,4794,-543,0,3
787.352,8092769,4,2,0.0,0,4,5337,4794,-543,0,3
787.451,8092869,4,2,0.0,0,4,5337,4794,-543,0,3
787.552,8092969,4,2,0.0,0,4,5337,4794,-543,0,3
787.652,8093069,4,2,0.0,0,4,5337,4794,-543,0,3
787.753,8093169,4,2,0.0,0,4,5337,4794,-543,0,3
787.853,8093269,4,2,0.0,0,4,5337,4794,-543,0,3
787.952,8093369,4,2,0.0,0,4,5337,4794,-543,0,3
788.051,8093469,4,2,0.0,0,4,5337,4794,-543,0,3
788.163,8093581,4,2,0.0,0,4,5337,4794,-543,0,3
788.253,8093669,4,2,0.0,0,4,5337,4794,-543,0,3
788.351,8093769,4,2,0.0,0,4,5337,4794,-543,0,3
788.452,8093869,4,2,0.0,0,4,5337,4794,-543,0,3
788.552,8093969,4,2,0.0,0,4,5337,4794,-543,0,3
788.652,8094069,4,2,0.0,0,4,5337,4794,-543,0,3
788.752,8094169,4,2,0.0,0,4,5337,4794,-543,0,3
788.851,8094269,4,2,0.0,0,4,5337,4794,-543,0,3
788.952,8094369,4,2,0.0,0,4,5337,4794,-543,0,3
789.051,8094469,4,2,0.0,0,4,5337,4794,-543,0,3
789.151,8094569,4,2,0.0,0,4,5337,4794,-543,0,3
789.251,8094669,4,2,0.0,0,4,5337,4794,-543,0,3
789.352,8094769,4,2,0.0,0,4,5337,4794,-543,0,3
789.452,8094869,4,2,0.0,0,4,5337,4794,-543,0,3
789.551,8094969,4,2,0.0,0,4,5337,4794,-543,0,3
789.651,8095069,4,2,0.0,0,4,5337,4794,-543,0,3
789.751,8095169,4,2,0.0,0,4,5337,4794,-543,0,3
789.852,8095269,4,2,0.0,0,4,5337,4794,-543,0,3
789.951,8095369,4,2,0.0,0,4,5337,4794,-543,0,3
790.051,8095469,4,2,0.0,0,4,5337,4794,-543,0,3
790.163,8095581,4,2,0.0,0,4,5337,4794,-543,0,3
790.251,8095669,4,2,0.0,0,4,5337,4794,-543,0,3
790.351,8095769,4,2,0.0,0,4,5337,4794,-543,0,3
790.451,8095869,4,2,0.0,0,4,5337,4794,-543,0,3
790.551,8095969,4,2,0.0,0,4,5337,4794,-543,0,3
790.651,8096069,4,2,0.0,0,4,5337,4794,-543,0,3
790.752,8096169,4,2,0.0,0,4,5337,4794,-543,0,3
790.851,8096269,4,2,0.0,0,4,5337,4794,-543,0,3
790.954,8096369,4,2,0.0,0,4,5337,4794,-543,0,3
791.051,8096469,4,2,0.0,0,4,5337,4794,-543,0,3
791.151,8096569,4,2,0.0,0,4,5337,4794,-543,0,3
791.252,8096669,4,2,0.0,0,4,5337,4794,-543,0,3
791.351,8096769,4,2,0.0,0,4,5337,4794,-543,0,3
791.452,8096869,4,2,0.0,0,4,5337,4794,-543,0,3
791.552,8096969,4,2,0.0,0,4,5337,4794,-543,0,3
791.652,8097069,4,2,0.0,0,4,5337,4794,-543,0,3
791.752,8097169,4,2,0.0,0,4,5337,4794,-543,0,3
791.851,8097269,4,2,0.0,0,4,5337,4794,-543,0,3
791.952,8097369,4,2,0.0,0,4,5337,4794,-543,0,3
792.052,8097469,4,2,0.0,0,4,5337,4794,-543,0,3
792.163,8097581,0,2,0.0,0,0,5337,5337,0,0,0
792.252,8097669,0,2,0.0,0,0,5337,5337,0,0,0
792.351,8097769,0,2,0.0,0,0,5337,5337,0,0,0
792.452,8097869,0,2,0.0,0,0,5337,5337,0,0,0
792.552,8097969,0,2,0.0,0,0,5337,5337,0,0,0
792.652,8098069,0,2,0.0,0,0,5337,5337,0,0,0
792.751,8098169,0,2,0.0,0,0,5337,5337,0,0,0
792.863,8098281,1,2,0.0,0,0,5337,5337,0,0,0
792.953,8098369,1,2,0.0,0,0,5337,5337,0,0,0
793.051,8098469,1,2,0.0,0,0,5337,5337,0,0,0
793.151,8098569,1,2,0.0,0,0,5337,5337,0,0,0
793.252,8098669,1,2,0.0,0,0,5337,5337,0,0,0
793.352,8098769,1,2,0.0,0,0,5337,5337,0,0,0
793.453,8098869,1,2,0.0,0,0,5337,5337,0,0,0
793.551,8098969,1,2,0.0,0,0,5337,5337,0,0,0
793.652,8099069,1,2,0.0,0,0,5337,5337,0,0,0
793.753,8099169,1,2,0.0,0,0,5337,5337,0,0,0
793.856,8099269,1,2,0.0,0,0,5337,5337,0,0,0
793.952,8099369,1,2,0.0,0,0,5337,5337,0,0,0
794.051,8099469,1,2,0.0,0,0,5337,5337,0,0,0
794.163,8099581,2,2,0.0,0,0,5338,4803,-535,70,1
794.252,8099669,2,2,0.9,0,0,5312,4803,-509,70,1
794.352,8099769,2,2,1.8,0,0,5282,4803,-479,70,1
794.456,8099869,2,2,3.0,0,0,5255,4803,-452,70,1
794.552,8099969,2,2,3.9,0,0,5228,4803,-425,70,1
794.652,8100069,2,2,5.0,0,0,5200,4803,-397,70,1
794.752,8100169,2,2,5.8,0,0,5180,4803,-377,70,1
794.852,8100269,2,2,6.8,0,0,5152,4803,-349,70,1
794.951,8100369,2,2,8.0,0,0,5119,4803,-316,70,1
795.052,8100469,2,2,9.0,0,0,5092,4803,-289,70,1
795.164,8100581,2,2,10.0,0,0,5070,4803,-267,70,1
795.251,8100669,2,2,10.9,0,0,5042,4803,-239,70,1
795.351,8100769,2,2,11.9,0,0,5017,4803,-214,70,1
795.451,8100869,2,2,12.6,0,0,4999,4803,-196,70,1
795.551,8100969,2,2,13.5,0,0,4975,4803,-172,70,1
795.652,8101069,2,2,14.3,0,0,4951,4803,-148,70,1
795.753,8101169,2,2,15.5,0,0,4920,4803,-117,70,1
795.852,8101269,2,2,16.0,0,0,4908,4803,-105,70,1
795.952,8101369,2,2,16.1,0,0,4905,4803,-102,70,1
796.052,8101469,2,2,16.1,0,0,4905,4803,-102,70,1
796.164,8101581,2,2,16.1,0,0,4905,4803,-102,70,1
796.252,8101669,2,2,16.1,0,0,4905,4803,-102,70,1
796.351,8101769,2,2,16.1,0,0,4905,4803,-102,70,1
796.452,8101869,2,2,16.1,0,0,4905,4803,-102,70,1
796.552,8101969,2,2,16.1,0,0,4905,4803,-102,70,1
796.664,8102081,4,2,0.0,0,4,4911,4803,-108,0,1
796.752,8102169,4,2,0.0,0,4,4919,4803,-116,0,1
796.852,8102269,4,2,0.0,0,4,4920,4803,-117,0,1
796.955,8102369,4,2,0.0,0,4,4920,4803,-117,0,1
797.051,8102469,4,2,0.0,0,4,4920,4803,-117,0,1
797.151,8102569,4,2,0.0,0,4,4920,4803,-117,0,1
797.251,8102669,4,2,0.0,0,4,4920,4803,-117,0,1
797.352,8102769,4,2,0.0,0,4,4920,4803,-117,0,1
797.451,8102869,4,2,0.0,0,4,4920,4803,-117,0,1
797.552,8102969,4,2,0.0,0,4,4920,4803,-117,0,1
797.652,8103069,4,2,0.0,0,4,4920,4803,-117,0,1
797.752,8103169,4,2,0.0,0,4,4920,4803,-117,0,1
797.851,8103269,4,2,0.0,0,4,4920,4803,-117,0,1
797.952,8103369,4,2,0.0,0,4,4920,4803,-117,0,1
798.051,8103469,4,2,0.0,0,4,4920,4803,-117,0,1
798.151,8103569,4,2,0.0,0,4,4920,4803,-117,0,1
798.250,8103669,4,2,0.0,0,4,4920,4803,-117,0,1
798.351,8103769,4,2,0.0,0,4,4920,4803,-117,0,1
798.452,8103869,4,2,0.0,0,4,4920,4803,-117,0,1
798.551,8103969,4,2,0.0,0,4,4920,4803,-117,0,1
798.663,8104081,4,2,0.0,0,4,4920,4803,-117,0,1
798.751,8104169,4,2,0.0,0,4,4920,4803,-117,0,1
798.852,8104269,4,2,0.0,0,4,4920,4803,-117,0,1
798.951,8104369,4,2,0.0,0,4,4920,4803,-117,0,1
799.051,8104469,4,2,0.0,0,4,4920,4803,-117,0,1
799.151,8104569,4,2,0.0,0,4,4920,4803,-117,0,1
799.251,8104669,4,2,0.0,0,4,4920,4803,-117,0,1
799.351,8104769,4,2,0.0,0,4,4920,4803,-117,0,1
799.451,8104869,4,2,0.0,0,4,4920,4803,-117,0,1
799.551,8104969,4,2,0.0,0,4,4920,4803,-117,0,1
799.651,8105069,4,2,0.0,0,4,4920,4803,-117,0,1
799.751,8105169,4,2,0.0,0,4,4920,4803,-117,0,1
799.852,8105269,4,2,0.0,0,4,4920,4803,-117,0,1
799.951,8105369,4,2,0.0,0,4,4920,4803,-117,0,1
800.051,8105469,4,2,0.0,0,4,4920,4803,-117,0,1
800.151,8105569,4,2,0.0,0,4,4920,4803,-117,0,1
800.251,8105669,4,2,0.0,0,4,4920,4803,-117,0,1
800.351,8105769,4,2,0.0,0,4,4920,4803,-117,0,1
800.451,8105869,4,2,0.0,0,4,4920,4803,-117,0,1
800.552,8105969,4,2,0.0,0,4,4920,4803,-117,0,1
800.663,8106081,4,2,0.0,0,4,4920,4803,-117,0,1
800.751,8106169,4,2,0.0,0,4,4920,4803,-117,0,1
800.852,8106269,4,2,0.0,0,4,4920,4803,-117,0,1
800.951,8106369,4,2,0.0,0,4,4920,4803,-117,0,1
801.051,8106469,4,2,0.0,0,4,4920,4803,-117,0,1
801.151,8106569,4,2,0.0,0,4,4920,4803,-117,0,1
801.250,8106669,4,2,0.0,0,4,4920,4803,-117,0,1
801.351,8106769,4,2,0.0,0,4,4920,4803,-117,0,1
801.451,8106869,4,2,0.0,0,4,4920,4803,-117,0,1
801.551,8106969,4,2,0.0,0,4,4920,4803,-117,0,1
801.650,8107069,4,2,0.0,0,4,4920,4803,-117,0,1
801.750,8107169,4,2,0.0,0,4,4920,4803,-117,0,1
801.851,8107269,4,2,0.0,0,4,4920,4803,-117,0,1
801.952,8107369,4,2,0.0,0,4,4920,4803,-117,0,1
802.062,8107481,0,2,0.0,0,0,4920,4920,0,0,0
802.151,8107569,0,2,0.0,0,0,4920,4920,0,0,0
802.251,8107669,0,2,0.0,0,0,4920,4920,0,0,0
802.351,8107769,0,2,0.0,0,0,4920,4920,0,0,0
802.450,8107869,0,2,0.0,0,0,4920,4920,0,0,0
802.551,8107969,0,2,0.0,0,0,4920,4920,0,0,0
802.662,8108081,1,2,0.0,0,0,4920,4920,0,0,0
802.750,8108169,1,2,0.0,0,0,4920,4920,0,0,0
802.853,8108269,1,2,0.0,0,0,4920,4920,0,0,0
802.951,8108369,1,2,0.0,0,0,4920,4920,0,0,0
803.051,8108469,1,2,0.0,0,0,4920,4920,0,0,0
803.150,8108569,1,2,0.0,0,0,4920,4920,0,0,0
803.250,8108669,1,2,0.0,0,0,4920,4920,0,0,0
803.351,8108769,1,2,0.0,0,0,4920,4920,0,0,0
803.451,8108869,1,2,0.0,0,0,4920,4920,0,0,0
803.551,8108969,1,2,0.0,0,0,4920,4920,0,0,0
803.655,8109069,1,2,0.0,0,0,4920,4920,0,0,0
803.753,8109169,1,2,0.0,0,0,4920,4920,0,0,0
803.852,8109269,1,2,0.0,0,0,4920,4920,0,0,0
803.951,8109369,1,2,0.0,0,0,4920,4920,0,0,0
804.051,8109469,1,2,0.0,0,0,4920,4920,0,0,0
804.150,8109569,1,2,0.0,0,0,4920,4920,0,0,0
804.250,8109669,1,2,0.0,0,0,4920,4920,0,0,0
804.352,8109769,1,2,0.0,0,0,4920,4920,0,0,0
804.450,8109869,1,2,0.0,0,0,4920,4920,0,0,0
804.550,8109969,1,2,0.0,0,0,4920,4920,0,0,0
804.662,8110081,1,2,0.0,0,0,4920,4920,0,0,0
804.750,8110169,1,2,0.0,0,0,4920,4920,0,0,0
804.851,8110269,1,2,0.0,0,0,4920,4920,0,0,0
804.950,8110369,1,2,0.0,0,0,4920,4920,0,0,0
805.051,8110469,1,2,0.0,0,0,4920,4920,0,0,0
805.151,8110569,1,2,0.0,0,0,4920,4920,0,0,0
805.251,8110669,1,2,0.0,0,0,4920,4920,0,0,0
805.350,8110769,1,2,0.0,0,0,4920,4920,0,0,0
805.451,8110869,1,2,0.0,0,0,4920,4920,0,0,0
805.550,8110969,1,2,0.0,0,0,4920,4920,0,0,0
805.650,8111069,1,2,0.0,0,0,4920,4920,0,0,0
805.750,8111169,1,2,0.0,0,0,4920,4920,0,0,0
805.851,8111269,1,2,0.0,0,0,4920,4920,0,0,0
805.951,8111369,1,2,0.0,0,0,4920,4920,0,0,0
806.051,8111469,1,2,0.0,0,0,4920,4920,0,0,0
806.150,8111569,1,2,0.0,0,0,4920,4920,0,0,0
806.251,8111669,1,2,0.0,0,0,4920,4920,0,0,0
806.350,8111769,1,2,0.0,0,0,4920,4920,0,0,0
806.450,8111869,1,2,0.0,0,0,4920,4920,0,0,0
806.551,8111969,1,2,0.0,0,0,4920,4920,0,0,0
806.663,8112081,2,2,0.0,0,0,4920,4386,-534,70,1
806.752,8112169,2,2,0.8,0,0,4895,4386,-509,70,1
806.851,8112269,2,2,1.3,0,0,4883,4386,-497,70,1
806.951,8112369,2,2,1.4,0,0,4880,4386,-494,70,1
807.050,8112469,2,2,1.4,0,0,4880,4386,-494,70,1
807.151,8112569,2,2,1.4,0,0,4880,4386,-494,70,1
807.251,8112669,2,2,1.4,0,0,4880,4386,-494,70,1
807.351,8112769,2,2,1.4,0,0,4880,4386,-494,70,1
807.452,8112869,2,2,1.4,0,0,4880,4386,-494,70,1
807.551,8112969,2,2,1.4,0,0,4880,4386,-494,70,1
807.663,8113081,4,2,0.0,0,4,4884,4386,-498,0,1
807.750,8113169,4,2,0.0,0,4,4892,4386,-506,0,1
807.850,8113269,4,2,0.0,0,4,4897,4386,-511,0,1
807.950,8113369,4,2,0.0,0,4,4897,4386,-511,0,1
808.051,8113469,4,2,0.0,0,4,4897,4386,-511,0,1
808.151,8113569,4,2,0.0,0,4,4897,4386,-511,0,1
808.250,8113669,4,2,0.0,0,4,4897,4386,-511,0,1
808.350,8113769,4,2,0.0,0,4,4897,4386,-511,0,1
808.450,8113869,4,2,0.0,0,4,4897,4386,-511,0,1
808.551,8113969,4,2,0.0,0,4,4897,4386,-511,0,1
808.650,8114069,4,2,0.0,0,4,4897,4386,-511,0,1
808.750,8114169,4,2,0.0,0,4,4897,4386,-511,0,1
808.850,8114269,4,2,0.0,0,4,4897,4386,-511,0,1
808.950,8114369,4,2,0.0,0,4,4897,4386,-511,0,1
809.051,8114469,4,2,0.0,0,4,4897,4386,-511,0,1
809.153,8114569,4,2,0.0,0,4,4897,4386,-511,0,1
809.252,8114669,4,2,0.0,0,4,4897,4386,-511,0,1
809.350,8114769,4,2,0.0,0,4,4897,4386,-511,0,1
809.450,8114869,4,2,0.0,0,4,4897,4386,-511,0,1
809.550,8114969,4,2,0.0,0,4,4897,4386,-511,0,1
809.661,8115081,4,2,0.0,0,4,4897,4386,-511,0,1
809.750,8115169,4,2,0.0,0,4,4897,4386,-511,0,1
809.850,8115269,4,2,0.0,0,4,4897,4386,-511,0,1
809.950,8115369,4,2,0.0,0,4,4897,4386,-511,0,1
810.050,8115469,4,2,0.0,0,4,4897,4386,-511,0,1
810.151,8115569,4,2,0.0,0,4,4897,4386,-511,0,1
810.250,8115669,4,2,0.0,0,4,4897,4386,-511,0,1
810.350,8115769,4,2,0.0,0,4,4897,4386,-511,0,1
810.451,8115869,4,2,0.0,0,4,4897,4386,-511,0,1
810.551,8115969,4,2,0.0,0,4,4897,4386,-511,0,1
810.650,8116069,4,2,0.0,0,4,4897,4386,-511,0,1
810.750,8116169,4,2,0.0,0,4,4897,4386,-511,0,1
810.850,8116269,4,2,0.0,0,4,4897,4386,-511,0,1
810.950,8116369,4,2,0.0,0,4,4897,4386,-511,0,1
811.050,8116469,4,2,0.0,0,4,4897,4386,-511,0,1
811.150,8116569,4,2,0.0,0,4,4897,4386,-511,0,1
811.250,8116669,4,2,0.0,0,4,4897,4386,-511,0,1
811.350,8116769,4,2,0.0,0,4,4897,4386,-511,0,1
811.450,8116869,4,2,0.0,0,4,4897,4386,-511,0,1
811.550,8116969,4,2,0.0,0,4,4897,4386,-511,0,1
811.662,8117081,4,2,0.0,0,4,4897,4386,-511,0,1
811.750,8117169,4,2,0.0,0,4,4897,4386,-511,0,1
811.850,8117269,4,2,0.0,0,4,4897,4386,-511,0,1
811.950,8117369,4,2,0.0,0,4,4897,4386,-511,0,1
812.050,8117469,4,2,0.0,0,4,4897,4386,-511,0,1
812.150,8117569,4,2,0.0,0,4,4897,4386,-511,0,1
812.250,8117669,4,2,0.0,0,4,4897,4386,-511,0,1
812.350,8117769,4,2,0.0,0,4,4897,4386,-511,0,1
812.450,8117869,4,2,0.0,0,4,4897,4386,-511,0,1
812.550,8117969,4,2,0.0,0,4,4897,4386,-511,0,1
812.650,8118069,4,2,0.0,0,4,4897,4386,-511,0,1
812.752,8118169,4,2,0.0,0,4,4897,4386,-511,0,1
812.850,8118269,4,2,0.0,0,4,4897,4386,-511,0,1
812.950,8118369,4,2,0.0,0,4,4897,4386,-511,0,1
813.050,8118469,4,2,0.0,0,4,4897,4386,-511,0,1
813.150,8118569,4,2,0.0,0,4,4897,4386,-511,0,1
813.250,8118669,4,2,0.0,0,4,4897,4386,-511,0,1
813.350,8118769,4,2,0.0,0,4,4897,4386,-511,0,1
813.451,8118869,4,2,0.0,0,4,4897,4386,-511,0,1
813.550,8118969,4,2,0.0,0,4,4897,4386,-511,0,1
813.662,8119081,4,2,0.0,0,4,4897,4386,-511,0,1
813.750,8119169,4,2,0.0,0,4,4897,4386,-511,0,1
813.850,8119269,4,2,0.0,0,4,4897,4386,-511,0,1
813.950,8119369,4,2,0.0,0,4,4897,4386,-511,0,1
814.050,8119469,4,2,0.0,0,4,4897,4386,-511,0,1
814.150,8119569,4,2,0.0,0,4,4897,4386,-511,0,1
814.250,8119669,4,2,0.0,0,4,4897,4386,-511,0,1
814.350,8119769,4,2,0.0,0,4,4897,4386,-511,0,1
814.450,8119869,4,2,0.0,0,4,4897,4386,-511,0,1
814.550,8119969,4,2,0.0,0,4,4897,4386,-511,0,1
814.649,8120069,4,2,0.0,0,4,4897,4386,-511,0,1
814.750,8120169,4,2,0.0,0,4,4897,4386,-511,0,1
814.851,8120269,4,2,0.0,0,4,4897,4386,-511,0,1
814.950,8120369,4,2,0.0,0,4,4897,4386,-511,0,1
815.050,8120469,4,2,0.0,0,4,4897,4386,-511,0,1
815.150,8120569,4,2,0.0,0,4,4897,4386,-511,0,1
815.250,8120669,4,2,0.0,0,4,4897,4386,-511,0,1
815.350,8120769,4,2,0.0,0,4,4897,4386,-511,0,1
815.450,8120869,4,2,0.0,0,4,4897,4386,-511,0,1
815.550,8120969,4,2,0.0,0,4,4897,4386,-511,0,1
815.661,8121081,4,2,0.0,0,4,4897,4386,-511,0,1
815.750,8121169,4,2,0.0,0,4,4897,4386,-511,0,1
815.850,8121269,4,2,0.0,0,4,4897,4386,-511,0,1
815.954,8121369,4,2,0.0,0,4,4897,4386,-511,0,1
816.052,8121469,4,2,0.0,0,4,4897,4386,-511,0,1
816.150,8121569,4,2,0.0,0,4,4897,4386,-511,0,1
816.249,8121669,4,2,0.0,0,4,4897,4386,-511,0,1
816.350,8121769,4,2,0.0,0,4,4897,4386,-511,0,1
816.450,8121869,4,2,0.0,0,4,4897,4386,-511,0,1
816.551,8121969,4,2,0.0,0,4,4897,4386,-511,0,1
816.650,8122069,4,2,0.0,0,4,4897,4386,-511,0,1
816.752,8122169,4,2,0.0,0,4,4897,4386,-511,0,1
816.850,8122269,4,2,0.0,0,4,4897,4386,-511,0,1
816.950,8122369,4,2,0.0,0,4,4897,4386,-511,0,1
817.050,8122469,4,2,0.0,0,4,4897,4386,-511,0,1
817.150,8122569,4,2,0.0,0,4,4897,4386,-511,0,1
817.250,8122669,4,2,0.0,0,4,4897,4386,-511,0,1
817.349,8122769,4,2,0.0,0,4,4897,4386,-511,0,1
817.451,8122869,4,2,0.0,0,4,4897,4386,-511,0,1
817.549,8122969,4,2,0.0,0,4,4897,4386,-511,0,1
817.661,8123081,4,2,0.0,0,4,4897,4386,-511,0,1
817.749,8123169,4,2,0.0,0,4,4897,4386,-511,0,1
817.850,8123269,4,2,0.0,0,4,4897,4386,-511,0,1
817.950,8123369,4,2,0.0,0,4,4897,4386,-511,0,1
818.050,8123469,4,2,0.0,0,4,4897,4386,-511,0,1
818.150,8123569,4,2,0.0,0,4,4897,4386,-511,0,1
818.250,8123669,4,2,0.0,0,4,4897,4386,-511,0,1
818.352,8123769,4,2,0.0,0,4,4897,4386,-511,0,1
818.450,8123869,4,2,0.0,0,4,4897,4386,-511,0,1
818.550,8123969,4,2,0.0,0,4,4897,4386,-511,0,1
818.650,8124069,4,2,0.0,0,4,4897,4386,-511,0,1
818.749,8124169,4,2,0.0,0,4,4897,4386,-511,0,1
818.849,8124269,4,2,0.0,0,4,4897,4386,-511,0,1
818.950,8124369,4,2,0.0,0,4,4897,4386,-511,0,1
819.050,8124469,4,2,0.0,0,4,4897,4386,-511,0,1
819.150,8124569,4,2,0.0,0,4,4897,4386,-511,0,1
819.250,8124669,4,2,0.0,0,4,4897,4386,-511,0,1
819.349,8124769,4,2,0.0,0,4,4897,4386,-511,0,1
819.449,8124869,4,2,0.0,0,4,4897,4386,-511,0,1
819.549,8124969,4,2,0.0,0,4,4897,4386,-511,0,1
819.662,8125081,4,2,0.0,0,4,4897,4386,-511,0,1
819.750,8125169,4,2,0.0,0,4,4897,4386,-511,0,1
819.850,8125269,4,2,0.0,0,4,4897,4386,-511,0,1
819.949,8125369,4,2,0.0,0,4,4897,4386,-511,0,1
820.050,8125469,4,2,0.0,0,4,4897,4386,-511,0,1
820.149,8125569,4,2,0.0,0,4,4897,4386,-511,0,1
820.249,8125669,4,2,0.0,0,4,4897,4386,-511,0,1
820.350,8125769,4,2,0.0,0,4,4897,4386,-511,0,1
820.449,8125869,4,2,0.0,0,4,4897,4386,-511,0,1
820.549,8125969,4,2,0.0,0,4,4897,4386,-511,0,1
820.650,8126069,4,2,0.0,0,4,4897,4386,-511,0,1
820.750,8126169,4,2,0.0,0,4,4897,4386,-511,0,1
820.849,8126269,4,2,0.0,0,4,4897,4386,-511,0,1
820.950,8126369,4,2,0.0,0,4,4897,4386,-511,0,1
821.050,8126469,4,2,0.0,0,4,4897,4386,-511,0,1
821.149,8126569,4,2,0.0,0,4,4897,4386,-511,0,1
821.250,8126669,4,2,0.0,0,4,4897,4386,-511,0,1
821.349,8126769,4,2,0.0,0,4,4897,4386,-511,0,1
821.452,8126869,4,2,0.0,0,4,4897,4386,-511,0,1
821.549,8126969,4,2,0.0,0,4,4897,4386,-511,0,1
821.661,8127081,4,2,0.0,0,4,4897,4386,-511,0,1
821.749,8127169,4,2,0.0,0,4,4897,4386,-511,0,1
821.849,8127269,4,2,0.0,0,4,4897,4386,-511,0,1
821.950,8127369,4,2,0.0,0,4,4897,4386,-511,0,1
822.051,8127469,4,2,0.0,0,4,4897,4386,-511,0,1
822.149,8127569,4,2,0.0,0,4,4897,4386,-511,0,1
822.250,8127669,4,2,0.0,0,4,4897,4386,-511,0,1
822.349,8127769,4,2,0.0,0,4,4897,4386,-511,0,1
822.449,8127869,4,2,0.0,0,4,4897,4386,-511,0,1
822.549,8127969,4,2,0.0,0,4,4897,4386,-511,0,1
822.649,8128069,4,2,0.0,0,4,4897,4386,-511,0,1
822.750,8128169,4,2,0.0,0,4,4897,4386,-511,0,1
822.849,8128269,4,2,0.0,0,4,4897,4386,-511,0,1
822.950,8128369,4,2,0.0,0,4,4897,4386,-511,0,1
823.050,8128469,4,2,0.0,0,4,4897,4386,-511,0,1
823.149,8128569,4,2,0.0,0,4,4897,4386,-511,0,1
823.250,8128669,4,2,0.0,0,4,4897,4386,-511,0,1
823.349,8128769,4,2,0.0,0,4,4897,4386,-511,0,1
823.462,8128881,0,0,0.0,45,0,4897,4386,-511,0,0
823.550,8128969,0,0,0.0,45,0,4897,4386,-511,0,0
823.650,8129069,0,0,0.0,45,0,4897,4386,-511,0,0
823.750,8129169,0,0,0.0,45,0,4897,4386,-511,0,0
823.850,8129269,0,0,0.0,45,0,4897,4386,-511,0,0
823.962,8129381,0,0,0.0,0,0,4897,4386,-511,0,0
824.050,8129469,0,0,0.0,0,0,4897,4386,-511,0,0
824.150,8129569,0,0,0.0,0,0,4897,4386,-511,0,0
824.249,8129669,0,0,0.0,0,0,4897,4386,-511,0,0
824.349,8129769,0,0,0.0,0,0,4897,4386,-511,0,0
824.449,8129869,0,0,0.0,0,0,4897,4386,-511,0,0
824.549,8129969,0,0,0.0,0,0,4897,4386,-511,0,0
824.649,8130069,0,0,0.0,0,0,4897,4386,-511,0,0
824.750,8130169,0,0,0.0,0,0,4897,4386,-511,0,0
824.849,8130269,0,0,0.0,0,0,4897,4386,-511,0,0
824.949,8130369,0,0,0.0,0,0,4897,4386,-511,0,0
825.053,8130469,0,0,0.0,0,0,4897,4386,-511,0,0
825.150,8130569,0,0,0.0,0,0,4897,4386,-511,0,0
825.250,8130669,0,0,0.0,0,0,4897,4386,-511,0,0
825.349,8130769,0,0,0.0,0,0,4897,4386,-511,0,0
825.449,8130869,0,0,0.0,0,0,4897,4386,-511,0,0
825.549,8130969,0,0,0.0,0,0,4897,4386,-511,0,0
825.649,8131069,0,0,0.0,0,0,4897,4386,-511,0,0
825.749,8131169,0,0,0.0,0,0,4897,4386,-511,0,0
825.849,8131269,0,0,0.0,0,0,4897,4386,-511,0,0
825.962,8131381,0,0,0.0,0,0,4897,4386,-511,0,0
826.049,8131469,0,0,0.0,0,0,4897,4386,-511,0,0
826.150,8131569,0,0,0.0,0,0,4897,4386,-511,0,0
826.250,8131669,0,0,0.0,0,0,4897,4386,-511,0,0
826.349,8131769,0,0,0.0,0,0,4897,4386,-511,0,0
826.449,8131869,0,0,0.0,0,0,4897,4386,-511,0,0
826.549,8131969,0,0,0.0,0,0,4897,4386,-511,0,0
826.660,8132081,0,1,0.0,0,0,4897,4897,0,0,0
826.749,8132169,0,1,0.0,0,0,4897,4897,0,0,0
826.849,8132269,0,1,0.0,0,0,4897,4897,0,0,0
826.949,8132369,0,1,0.0,0,0,4897,4897,0,0,0
827.049,8132469,0,1,0.0,0,0,4897,4897,0,0,0
827.149,8132569,0,1,0.0,0,0,4897,4897,0,0,0
827.249,8132669,0,1,0.0,0,0,4897,4897,0,0,0
827.349,8132769,0,1,0.0,0,0,4897,4897,0,0,0
827.449,8132869,0,1,0.0,0,0,4897,4897,0,0,0
827.549,8132969,0,1,0.0,0,0,4897,4897,0,0,0
827.649,8133069,0,1,0.0,0,0,4897,4897,0,0,0
827.753,8133169,0,1,0.0,0,0,4897,4897,0,0,0
827.849,8133269,0,1,0.0,0,0,4897,4897,0,0,0
827.949,8133369,0,1,0.0,0,0,4897,4897,0,0,0
828.061,8133481,1,1,0.0,0,0,4897,4897,0,0,0
828.149,8133569,1,1,0.0,0,0,4897,4897,0,0,0
828.249,8133669,1,1,0.0,0,0,4897,4897,0,0,0
828.349,8133769,1,1,0.0,0,0,4897,4897,0,0,0
828.449,8133869,1,1,0.0,0,0,4897,4897,0,0,0
828.549,8133969,1,1,0.0,0,0,4897,4897,0,0,0
828.649,8134069,1,1,0.0,0,0,4897,4897,0,0,0
828.750,8134169,1,1,0.0,0,0,4897,4897,0,0,0
828.849,8134269,1,1,0.0,0,0,4897,4897,0,0,0
828.949,8134369,1,1,0.0,0,0,4897,4897,0,0,0
829.049,8134469,1,1,0.0,0,0,4897,4897,0,0,0
829.149,8134569,1,1,0.0,0,0,4897,4897,0,0,0
829.249,8134669,1,1,0.0,0,0,4897,4897,0,0,0
829.349,8134769,1,1,0.0,0,0,4897,4897,0,0,0
829.449,8134869,1,1,0.0,0,0,4897,4897,0,0,0
829.549,8134969,1,1,0.0,0,0,4897,4897,0,0,0
829.649,8135069,1,1,0.0,0,0,4897,4897,0,0,0
829.749,8135169,1,1,0.0,0,0,4897,4897,0,0,0
829.850,8135269,1,1,0.0,0,0,4897,4897,0,0,0
829.949,8135369,1,1,0.0,0,0,4897,4897,0,0,0
830.063,8135481,1,1,0.0,0,0,4897,4897,0,0,0
830.149,8135569,1,1,0.0,0,0,4897,4897,0,0,0
830.249,8135669,1,1,0.0,0,0,4897,4897,0,0,0
830.349,8135769,1,1,0.0,0,0,4897,4897,0,0,0
830.449,8135869,1,1,0.0,0,0,4897,4897,0,0,0
830.549,8135969,1,1,0.0,0,0,4897,4897,0,0,0
830.648,8136069,1,1,0.0,0,0,4897,4897,0,0,0
830.749,8136169,1,1,0.0,0,0,4897,4897,0,0,0
830.849,8136269,1,1,0.0,0,0,4897,4897,0,0,0
830.949,8136369,1,1,0.0,0,0,4897,4897,0,0,0
831.049,8136469,1,1,0.0,0,0,4897,4897,0,0,0
831.149,8136569,1,1,0.0,0,0,4897,4897,0,0,0
831.249,8136669,1,1,0.0,0,0,4897,4897,0,0,0
831.349,8136769,1,1,0.0,0,0,4897,4897,0,0,0
831.449,8136869,1,1,0.0,0,0,4897,4897,0,0,0
831.549,8136969,1,1,0.0,0,0,4897,4897,0,0,0
831.648,8137069,1,1,0.0,0,0,4897,4897,0,0,0
831.749,8137169,1,1,0.0,0,0,4897,4897,0,0,0
831.849,8137269,1,1,0.0,0,0,4897,4897,0,0,0
831.949,8137369,1,1,0.0,0,0,4897,4897,0,0,0
832.061,8137481,1,1,0.0,0,0,4897,4897,0,0,0
832.149,8137569,1,1,0.0,0,0,4897,4897,0,0,0
832.249,8137669,1,1,0.0,0,0,4897,4897,0,0,0
832.348,8137769,1,1,0.0,0,0,4897,4897,0,0,0
832.449,8137869,1,1,0.0,0,0,4897,4897,0,0,0
832.549,8137969,1,1,0.0,0,0,4897,4897,0,0,0
832.648,8138069,1,1,0.0,0,0,4897,4897,0,0,0
832.748,8138169,1,1,0.0,0,0,4897,4897,0,0,0
832.849,8138269,1,1,0.0,0,0,4897,4897,0,0,0
832.949,8138369,1,1,0.0,0,0,4897,4897,0,0,0
833.049,8138469,1,1,0.0,0,0,4897,4897,0,0,0
833.149,8138569,1,1,0.0,0,0,4897,4897,0,0,0
833.249,8138669,1,1,0.0,0,0,4897,4897,0,0,0
833.349,8138769,1,1,0.0,0,0,4897,4897,0,0,0
833.448,8138869,1,1,0.0,0,0,4897,4897,0,0,0
833.549,8138969,1,1,0.0,0,0,4897,4897,0,0,0
833.649,8139069,1,1,0.0,0,0,4897,4897,0,0,0
833.749,8139169,1,1,0.0,0,0,4897,4897,0,0,0
833.848,8139269,1,1,0.0,0,0,4897,4897,0,0,0
833.949,8139369,1,1,0.0,0,0,4897,4897,0,0,0
834.065,8139481,1,1,0.0,0,0,4897,4897,0,0,0
834.149,8139569,1,1,0.0,0,0,4897,4897,0,0,0
834.249,8139669,1,1,0.0,0,0,4897,4897,0,0,0
834.348,8139769,1,1,0.0,0,0,4897,4897,0,0,0
834.448,8139869,1,1,0.0,0,0,4897,4897,0,0,0
834.549,8139969,1,1,0.0,0,0,4897,4897,0,0,0
834.649,8140069,1,1,0.0,0,0,4897,4897,0,0,0
834.749,8140169,1,1,0.0,0,0,4897,4897,0,0,0
834.848,8140269,1,1,0.0,0,0,4897,4897,0,0,0
834.948,8140369,1,1,0.0,0,0,4897,4897,0,0,0
835.049,8140469,1,1,0.0,0,0,4897,4897,0,0,0
835.149,8140569,1,1,0.0,0,0,4897,4897,0,0,0
835.249,8140669,1,1,0.0,0,0,4897,4897,0,0,0
835.349,8140769,1,1,0.0,0,0,4897,4897,0,0,0
835.448,8140869,1,1,0.0,0,0,4897,4897,0,0,0
835.548,8140969,1,1,0.0,0,0,4897,4897,0,0,0
835.648,8141069,1,1,0.0,0,0,4897,4897,0,0,0
835.748,8141169,1,1,0.0,0,0,4897,4897,0,0,0
835.849,8141269,1,1,0.0,0,0,4897,4897,0,0,0
835.949,8141369,1,1,0.0,0,0,4897,4897,0,0,0
836.061,8141481,1,1,0.0,0,0,4897,4897,0,0,0
836.149,8141569,1,1,0.0,0,0,4897,4897,0,0,0
836.249,8141669,1,1,0.0,0,0,4897,4897,0,0,0
836.350,8141769,1,1,0.0,0,0,4897,4897,0,0,0
836.448,8141869,1,1,0.0,0,0,4897,4897,0,0,0
836.549,8141969,1,1,0.0,0,0,4897,4897,0,0,0
836.649,8142069,1,1,0.0,0,0,4897,4897,0,0,0
836.748,8142169,1,1,0.0,0,0,4897,4897,0,0,0
836.848,8142269,1,1,0.0,0,0,4897,4897,0,0,0
836.948,8142369,1,1,0.0,0,0,4897,4897,0,0,0
837.049,8142469,1,1,0.0,0,0,4897,4897,0,0,0
837.148,8142569,1,1,0.0,0,0,4897,4897,0,0,0
837.249,8142669,1,1,0.0,0,0,4897,4897,0,0,0
837.349,8142769,1,1,0.0,0,0,4897,4897,0,0,0
837.449,8142869,1,1,0.0,0,0,4897,4897,0,0,0
837.548,8142969,1,1,0.0,0,0,4897,4897,0,0,0
837.649,8143069,1,1,0.0,0,0,4897,4897,0,0,0
837.748,8143169,1,1,0.0,0,0,4897,4897,0,0,0
837.848,8143269,1,1,0.0,0,0,4897,4897,0,0,0
837.948,8143369,1,1,0.0,0,0,4897,4897,0,0,0
838.061,8143481,1,1,0.0,0,0,4897,4897,0,0,0
838.149,8143569,1,1,0.0,0,0,4897,4897,0,0,0
838.249,8143669,1,1,0.0,0,0,4897,4897,0,0,0
838.349,8143769,1,1,0.0,0,0,4897,4897,0,0,0
838.448,8143869,1,1,0.0,0,0,4897,4897,0,0,0
838.548,8143969,1,1,0.0,0,0,4897,4897,0,0,0
838.648,8144069,1,1,0.0,0,0,4897,4897,0,0,0
838.748,8144169,1,1,0.0,0,0,4897,4897,0,0,0
838.848,8144269,1,1,0.0,0,0,4897,4897,0,0,0
838.949,8144369,1,1,0.0,0,0,4897,4897,0,0,0
839.048,8144469,1,1,0.0,0,0,4897,4897,0,0,0
839.148,8144569,1,1,0.0,0,0,4897,4897,0,0,0
839.248,8144669,1,1,0.0,0,0,4897,4897,0,0,0
839.349,8144769,1,1,0.0,0,0,4897,4897,0,0,0
839.448,8144869,1,1,0.0,0,0,4897,4897,0,0,0
839.548,8144969,1,1,0.0,0,0,4897,4897,0,0,0
839.648,8145069,1,1,0.0,0,0,4897,4897,0,0,0
839.748,8145169,1,1,0.0,0,0,4897,4897,0,0,0
839.849,8145269,1,1,0.0,0,0,4897,4897,0,0,0
839.949,8145369,1,1,0.0,0,0,4897,4897,0,0,0
840.060,8145481,1,1,0.0,0,0,4897,4897,0,0,0
840.148,8145569,1,1,0.0,0,0,4897,4897,0,0,0
840.261,8145681,2,1,0.0,0,0,4898,5565,667,-70,1
840.349,8145769,2,1,0.9,0,0,4931,5565,634,-70,1
840.449,8145869,2,1,2.3,0,0,4981,5565,584,-70,1
840.548,8145969,2,1,4.2,0,0,5043,5565,522,-70,1
840.648,8146069,2,1,6.3,0,0,5116,5565,449,-70,1
840.749,8146169,2,1,8.7,0,0,5195,5565,370,-70,1
840.849,8146269,2,1,11.1,0,0,5277,5565,288,-70,1
840.949,8146369,2,1,13.7,0,0,5363,5565,202,-70,1
841.049,8146469,2,1,16.2,0,0,5449,5565,116,-70,1
841.149,8146569,2,1,18.9,0,0,5539,5565,26,-70,1
841.261,8146681,2,1,21.5,0,0,5624,5565,-59,0,1
841.349,8146769,2,1,23.2,0,0,5677,5565,-112,0,1
841.448,8146869,2,1,23.9,0,0,5697,5565,-132,0,1
841.548,8146969,2,1,23.9,0,0,5697,5565,-132,0,1
841.649,8147069,2,1,23.9,0,0,5697,5565,-132,0,1
841.748,8147169,2,1,23.9,0,0,5697,5565,-132,0,1
841.861,8147281,3,1,23.9,0,0,5697,5565,-132,0,1
841.948,8147369,3,1,23.9,0,0,5697,5565,-132,0,1
842.049,8147469,3,1,23.9,0,0,5697,5565,-132,0,1
842.149,8147569,3,1,23.9,0,0,5697,5565,-132,0,1
842.248,8147669,3,1,23.9,0,0,5697,5565,-132,0,1
842.349,8147769,3,1,23.9,0,0,5697,5565,-132,0,1
842.448,8147869,3,1,23.9,0,0,5697,5565,-132,0,1
842.548,8147969,3,1,23.9,0,0,5697,5565,-132,0,1
842.648,8148069,3,1,23.9,0,0,5697,5565,-132,0,1
842.748,8148169,3,1,23.9,0,0,5697,5565,-132,0,1
842.848,8148269,3,1,23.9,0,0,5697,5565,-132,0,1
842.948,8148369,3,1,23.9,0,0,5697,5565,-132,0,1
843.053,8148469,3,1,23.9,0,0,5697,5565,-132,0,1
843.149,8148569,3,1,23.9,0,0,5697,5565,-132,0,1
843.249,8148669,3,1,23.9,0,0,5697,5565,-132,0,1
843.349,8148769,3,1,23.9,0,0,5697,5565,-132,0,1
843.449,8148869,3,1,23.9,0,0,5697,5565,-132,0,1
843.548,8148969,3,1,23.9,0,0,5697,5565,-132,0,1
843.648,8149069,3,1,23.9,0,0,5697,5565,-132,0,1
843.748,8149169,3,1,23.9,0,0,5697,5565,-132,0,1
843.861,8149281,3,1,23.9,0,0,5697,5565,-132,0,1
843.948,8149369,3,1,23.9,0,0,5697,5565,-132,0,1
844.048,8149469,3,1,23.9,0,0,5697,5565,-132,0,1
844.148,8149569,3,1,23.9,0,0,5697,5565,-132,0,1
844.248,8149669,3,1,23.9,0,0,5697,5565,-132,0,1
844.349,8149769,3,1,23.9,0,0,5697,5565,-132,0,1
844.448,8149869,3,1,23.9,0,0,5697,5565,-132,0,1
844.548,8149969,3,1,23.9,0,0,5697,5565,-132,0,1
844.648,8150069,3,1,23.9,0,0,5697,5565,-132,0,1
844.748,8150169,3,1,23.9,0,0,5697,5565,-132,0,1
844.848,8150269,3,1,23.9,0,0,5697,5565,-132,0,1
844.948,8150369,3,1,23.9,0,0,5697,5565,-132,0,1
845.048,8150469,3,1,23.9,0,0,5697,5565,-132,0,1
845.148,8150569,3,1,23.9,0,0,5697,5565,-132,0,1
845.250,8150669,3,1,23.9,0,0,5697,5565,-132,0,1
845.349,8150769,3,1,23.9,0,0,5697,5565,-132,0,1
845.449,8150869,3,1,23.9,0,0,5697,5565,-132,0,1
845.549,8150969,3,1,23.9,0,0,5697,5565,-132,0,1
845.648,8151069,3,1,23.9,0,0,5697,5565,-132,0,1
845.748,8151169,3,1,23.9,0,0,5697,5565,-132,0,1
845.861,8151281,3,1,23.9,0,0,5697,5565,-132,0,1
845.952,8151369,3,1,23.9,0,0,5697,5565,-132,0,1
846.048,8151469,3,1,23.9,0,0,5697,5565,-132,0,1
846.148,8151569,3,1,23.9,0,0,5697,5565,-132,0,1
846.249,8151669,3,1,23.9,0,0,5697,5565,-132,0,1
846.349,8151769,3,1,23.9,0,0,5697,5565,-132,0,1
846.448,8151869,3,1,23.9,0,0,5697,5565,-132,0,1
846.548,8151969,3,1,23.9,0,0,5697,5565,-132,0,1
846.649,8152069,3,1,23.9,0,0,5697,5565,-132,0,1
846.748,8152169,3,1,23.9,0,0,5697,5565,-132,0,1
846.849,8152269,3,1,23.9,0,0,5697,5565,-132,0,1
846.949,8152369,3,1,23.9,0,0,5697,5565,-132,0,1
847.048,8152469,3,1,23.9,0,0,5697,5565,-132,0,1
847.149,8152569,3,1,23.9,0,0,5697,5565,-132,0,1
847.248,8152669,3,1,23.9,0,0,5697,5565,-132,0,1
847.348,8152769,3,1,23.9,0,0,5697,5565,-132,0,1
847.448,8152869,3,1,23.9,0,0,5697,5565,-132,0,1
847.548,8152969,3,1,23.9,0,0,5697,5565,-132,0,1
847.648,8153069,3,1,23.9,0,0,5697,5565,-132,0,1
847.748,8153169,3,1,23.9,0,0,5697,5565,-132,0,1
847.860,8153281,3,1,23.9,0,0,5697,5565,-132,0,1
847.948,8153369,3,1,23.9,0,0,5697,5565,-132,0,1
848.061,8153481,2,1,23.9,0,0,5697,6233,536,-70,2
848.148,8153569,2,1,24.5,0,0,5721,6233,512,-70,2
848.248,8153669,2,1,26.0,0,0,5773,6233,460,-70,2
848.349,8153769,2,1,28.1,0,0,5845,6233,388,-70,2
848.448,8153869,2,1,30.7,0,0,5931,6233,302,-70,2
848.548,8153969,2,1,33.5,0,0,6026,6233,207,-70,2
848.648,8154069,2,1,36.5,0,0,6127,6233,106,-70,2
848.748,8154169,2,1,39.6,0,0,6231,6233,2,-70,2
848.848,8154269,2,1,42.7,0,0,6335,6233,-102,0,2
848.949,8154369,2,1,45.5,0,0,6425,6233,-192,0,2
849.060,8154481,2,1,47.8,0,0,6502,6233,-269,0,2
849.148,8154569,2,1,49.8,0,0,6567,6233,-334,0,2
849.248,8154669,2,1,51.4,0,0,6621,6233,-388,0,2
849.348,8154769,2,1,52.8,0,0,6663,6233,-430,0,2
849.448,8154869,2,1,53.7,0,0,6693,6233,-460,0,2
849.548,8154969,2,1,54.3,0,0,6713,6233,-480,0,2
849.648,8155069,2,1,54.6,0,0,6724,6233,-491,0,2
849.748,8155169,2,1,54.6,0,0,6723,6233,-490,0,2
849.848,8155269,2,1,54.7,0,0,6724,6233,-491,0,2
849.948,8155369,2,1,54.7,0,0,6724,6233,-491,0,2
850.061,8155481,2,1,54.7,0,0,6724,6233,-491,0,2
850.160,8155581,3,1,54.7,0,0,6724,6233,-491,0,2
850.248,8155669,3,1,54.7,0,0,6724,6233,-491,0,2
850.348,8155769,3,1,54.7,0,0,6724,6233,-491,0,2
850.448,8155869,3,1,54.7,0,0,6724,6233,-491,0,2
850.548,8155969,3,1,54.7,0,0,6724,6233,-491,0,2
850.648,8156069,3,1,54.7,0,0,6724,6233,-491,0,2
850.748,8156169,3,1,54.7,0,0,6724,6233,-491,0,2
850.848,8156269,3,1,54.7,0,0,6724,6233,-491,0,2
850.948,8156369,3,1,54.7,0,0,6724,6233,-491,0,2
851.048,8156469,3,1,54.7,0,0,6724,6233,-491,0,2
851.149,8156569,3,1,54.7,0,0,6724,6233,-491,0,2
851.248,8156669,3,1,54.7,0,0,6724,6233,-491,0,2
851.348,8156769,3,1,54.7,0,0,6724,6233,-491,0,2
851.448,8156869,3,1,54.7,0,0,6724,6233,-491,0,2
851.548,8156969,3,1,54.7,0,0,6724,6233,-491,0,2
851.648,8157069,3,1,54.7,0,0,6724,6233,-491,0,2
851.748,8157169,3,1,54.7,0,0,6724,6233,-491,0,2
851.848,8157269,3,1,54.7,0,0,6724,6233,-491,0,2
851.948,8157369,3,1,54.7,0,0,6724,6233,-491,0,2
852.048,8157469,3,1,54.7,0,0,6724,6233,-491,0,2
852.160,8157581,3,1,54.7,0,0,6724,6233,-491,0,2
852.248,8157669,3,1,54.7,0,0,6724,6233,-491,0,2
852.349,8157769,3,1,54.7,0,0,6724,6233,-491,0,2
852.448,8157869,3,1,54.7,0,0,6724,6233,-491,0,2
852.548,8157969,3,1,54.7,0,0,6724,6233,-491,0,2
852.648,8158069,3,1,54.7,0,0,6724,6233,-491,0,2
852.748,8158169,3,1,54.7,0,0,6724,6233,-491,0,2
852.848,8158269,3,1,54.7,0,0,6724,6233,-491,0,2
852.947,8158369,3,1,54.7,0,0,6724,6233,-491,0,2
853.049,8158469,3,1,54.7,0,0,6724,6233,-491,0,2
853.148,8158569,3,1,54.7,0,0,6724,6233,-491,0,2
853.248,8158669,3,1,54.7,0,0,6724,6233,-491,0,2
853.348,8158769,3,1,54.7,0,0,6724,6233,-491,0,2
853.448,8158869,3,1,54.7,0,0,6724,6233,-491,0,2
853.547,8158969,3,1,54.7,0,0,6724,6233,-491,0,2
853.648,8159069,3,1,54.7,0,0,6724,6233,-491,0,2
853.748,8159169,3,1,54.7,0,0,6724,6233,-491,0,2
853.848,8159269,3,1,54.7,0,0,6724,6233,-491,0,2
853.948,8159369,3,1,54.7,0,0,6724,6233,-491,0,2
854.048,8159469,3,1,54.7,0,0,6724,6233,-491,0,2
854.160,8159581,3,1,54.7,0,0,6724,6233,-491,0,2
854.248,8159669,3,1,54.7,0,0,6724,6233,-491,0,2
854.348,8159769,3,1,54.7,0,0,6724,6233,-491,0,2
854.448,8159869,3,1,54.7,0,0,6724,6233,-491,0,2
854.548,8159969,3,1,54.7,0,0,6724,6233,-491,0,2
854.648,8160069,3,1,54.7,0,0,6724,6233,-491,0,2
854.748,8160169,3,1,54.7,0,0,6724,6233,-491,0,2
854.848,8160269,3,1,54.7,0,0,6724,6233,-491,0,2
854.948,8160369,3,1,54.7,0,0,6724,6233,-491,0,2
855.048,8160469,3,1,54.7,0,0,6724,6233,-491,0,2
855.147,8160569,3,1,54.7,0,0,6724,6233,-491,0,2
855.248,8160669,3,1,54.7,0,0,6724,6233,-491,0,2
855.348,8160769,3,1,54.7,0,0,6724,6233,-491,0,2
855.448,8160869,3,1,54.7,0,0,6724,6233,-491,0,2
855.547,8160969,3,1,54.7,0,0,6724,6233,-491,0,2
855.648,8161069,3,1,54.7,0,0,6724,6233,-491,0,2
855.747,8161169,3,1,54.7,0,0,6724,6233,-491,0,2
855.847,8161269,3,1,54.7,0,0,6724,6233,-491,0,2
855.948,8161369,3,1,54.7,0,0,6724,6233,-491,0,2
856.160,8161581,3,1,54.7,0,0,6724,6233,-491,0,2
856.248,8161669,3,1,54.7,0,0,6724,6233,-491,0,2
856.348,8161769,3,1,54.7,0,0,6724,6233,-491,0,2
856.448,8161869,3,1,54.7,0,0,6724,6233,-491,0,2
856.548,8161969,3,1,54.7,0,0,6724,6233,-491,0,2
856.648,8162069,3,1,54.7,0,0,6724,6233,-491,0,2
856.747,8162169,3,1,54.7,0,0,6724,6233,-491,0,2
856.848,8162269,3,1,54.7,0,0,6724,6233,-491,0,2
856.948,8162369,3,1,54.7,0,0,6724,6233,-491,0,2
857.048,8162469,3,1,54.7,0,0,6724,6233,-491,0,2
857.147,8162569,3,1,54.7,0,0,6724,6233,-491,0,2
857.248,8162669,3,1,54.7,0,0,6724,6233,-491,0,2
857.348,8162769,3,1,54.7,0,0,6724,6233,-491,0,2
857.447,8162869,3,1,54.7,0,0,6724,6233,-491,0,2
857.548,8162969,3,1,54.7,0,0,6724,6233,-491,0,2
1334.119,8639569,1,1,54.7,0,0,6725,6233,-492,0,2
1334.220,8639669,1,1,54.7,0,0,6725,6233,-492,0,2
1334.318,8639769,1,1,54.7,0,0,6725,6233,-492,0,2
1334.419,8639869,1,1,54.7,0,0,6725,6233,-492,0,2
1334.518,8639969,1,1,54.7,0,0,6725,6233,-492,0,2
1334.621,8640069,1,1,54.7,0,0,6725,6233,-492,0,2
1334.721,8640169,1,1,54.7,0,0,6725,6233,-492,0,2
1334.818,8640269,1,1,54.7,0,0,6725,6233,-492,0,2
1334.918,8640369,1,1,54.7,0,0,6725,6233,-492,0,2
1335.018,8640469,1,1,54.7,0,0,6725,6233,-492,0,2
1335.118,8640569,1,1,54.7,0,0,6725,6233,-492,0,2
1335.219,8640669,1,1,54.7,0,0,6725,6233,-492,0,2
1335.319,8640769,1,1,54.7,0,0,6725,6233,-492,0,2
1335.418,8640869,1,1,54.7,0,0,6725,6233,-492,0,2
1335.518,8640969,1,1,54.7,0,0,6725,6233,-492,0,2
1335.631,8641081,1,1,54.7,0,0,6725,6233,-492,0,2
1335.718,8641169,1,1,54.7,0,0,6725,6233,-492,0,2
1335.819,8641269,1,1,54.7,0,0,6725,6233,-492,0,2
1335.918,8641369,1,1,54.7,0,0,6725,6233,-492,0,2
1336.018,8641469,1,1,54.7,0,0,6725,6233,-492,0,2
1336.120,8641569,1,1,54.7,0,0,6725,6233,-492,0,2
1336.220,8641669,1,1,54.7,0,0,6725,6233,-492,0,2
1336.318,8641769,1,1,54.7,0,0,6725,6233,-492,0,2
1336.419,8641869,1,1,54.7,0,0,6725,6233,-492,0,2
1336.518,8641969,1,1,54.7,0,0,6725,6233,-492,0,2
1336.618,8642069,1,1,54.7,0,0,6725,6233,-492,0,2
1336.718,8642169,1,1,54.7,0,0,6725,6233,-492,0,2
1336.818,8642269,1,1,54.7,0,0,6725,6233,-492,0,2
1336.919,8642369,1,1,54.7,0,0,6725,6233,-492,0,2
1337.018,8642469,1,1,54.7,0,0,6725,6233,-492,0,2
1337.121,8642569,1,1,54.7,0,0,6725,6233,-492,0,2
1337.220,8642669,1,1,54.7,0,0,6725,6233,-492,0,2
1337.318,8642769,1,1,54.7,0,0,6725,6233,-492,0,2
1337.420,8642869,1,1,54.7,0,0,6725,6233,-492,0,2
1337.518,8642969,1,1,54.7,0,0,6725,6233,-492,0,2
1337.630,8643081,1,1,54.7,0,0,6725,6233,-492,0,2
1337.720,8643169,1,1,54.7,0,0,6725,6233,-492,0,2
1337.818,8643269,1,1,54.7,0,0,6725,6233,-492,0,2
1337.918,8643369,1,1,54.7,0,0,6725,6233,-492,0,2
1338.021,8643469,1,1,54.7,0,0,6725,6233,-492,0,2
1338.119,8643569,1,1,54.7,0,0,6725,6233,-492,0,2
1338.218,8643669,1,1,54.7,0,0,6725,6233,-492,0,2
1338.318,8643769,1,1,54.7,0,0,6725,6233,-492,0,2
1338.418,8643869,1,1,54.7,0,0,6725,6233,-492,0,2
1338.518,8643969,1,1,54.7,0,0,6725,6233,-492,0,2
1338.618,8644069,1,1,54.7,0,0,6725,6233,-492,0,2
1338.718,8644169,1,1,54.7,0,0,6725,6233,-492,0,2
1338.818,8644269,1,1,54.7,0,0,6725,6233,-492,0,2
1338.918,8644369,1,1,54.7,0,0,6725,6233,-492,0,2
1339.018,8644469,1,1,54.7,0,0,6725,6233,-492,0,2
1339.118,8644569,1,1,54.7,0,0,6725,6233,-492,0,2
1339.219,8644669,1,1,54.7,0,0,6725,6233,-492,0,2
1339.330,8644781,0,1,0.0,0,0,6725,6725,0,0,0
1339.418,8644869,0,1,0.0,0,0,6725,6725,0,0,0
1339.518,8644969,0,1,0.0,0,0,6725,6725,0,0,0
1339.618,8645069,0,1,0.0,0,0,6725,6725,0,0,0
1339.718,8645169,0,1,0.0,0,0,6725,6725,0,0,0
1339.818,8645269,0,1,0.0,0,0,6725,6725,0,0,0
1339.918,8645369,0,1,0.0,0,0,6725,6725,0,0,0
1340.018,8645469,0,1,0.0,0,0,6725,6725,0,0,0
1340.118,8645569,0,1,0.0,0,0,6725,6725,0,0,0
1340.218,8645669,0,1,0.0,0,0,6725,6725,0,0,0
1340.330,8645781,1,1,0.0,0,0,6725,6725,0,0,0
1340.420,8645869,1,1,0.0,0,0,6725,6725,0,0,0
1340.520,8645969,1,1,0.0,0,0,6725,6725,0,0,0
1340.618,8646069,1,1,0.0,0,0,6725,6725,0,0,0
1340.718,8646169,1,1,0.0,0,0,6725,6725,0,0,0
1340.818,8646269,1,1,0.0,0,0,6725,6725,0,0,0
1340.918,8646369,1,1,0.0,0,0,6725,6725,0,0,0
1341.018,8646469,1,1,0.0,0,0,6725,6725,0,0,0
1341.117,8646569,1,1,0.0,0,0,6725,6725,0,0,0
1341.217,8646669,1,1,0.0,0,0,6725,6725,0,0,0
1341.317,8646769,1,1,0.0,0,0,6725,6725,0,0,0
1341.417,8646869,1,1,0.0,0,0,6725,6725,0,0,0
1341.518,8646969,1,1,0.0,0,0,6725,6725,0,0,0
1341.618,8647069,1,1,0.0,0,0,6725,6725,0,0,0
1341.718,8647169,1,1,0.0,0,0,6725,6725,0,0,0
1341.818,8647269,1,1,0.0,0,0,6725,6725,0,0,0
1341.918,8647369,1,1,0.0,0,0,6725,6725,0,0,0
1342.017,8647469,1,1,0.0,0,0,6725,6725,0,0,0
1342.118,8647569,1,1,0.0,0,0,6725,6725,0,0,0
1342.217,8647669,1,1,0.0,0,0,6725,6725,0,0,0
1342.329,8647781,1,1,0.0,0,0,6725,6725,0,0,0
1342.418,8647869,1,1,0.0,0,0,6725,6725,0,0,0
1342.518,8647969,1,1,0.0,0,0,6725,6725,0,0,0
1342.618,8648069,1,1,0.0,0,0,6725,6725,0,0,0
1342.717,8648169,1,1,0.0,0,0,6725,6725,0,0,0
1342.818,8648269,1,1,0.0,0,0,6725,6725,0,0,0
1342.918,8648369,1,1,0.0,0,0,6725,6725,0,0,0
1343.017,8648469,1,1,0.0,0,0,6725,6725,0,0,0
1343.117,8648569,1,1,0.0,0,0,6725,6725,0,0,0
1343.218,8648669,1,1,0.0,0,0,6725,6725,0,0,0
1343.330,8648781,2,1,0.0,0,0,6726,7393,667,-70,1
1343.418,8648869,2,1,1.0,0,0,6761,7393,632,-70,1
1343.521,8648969,2,1,3.0,0,0,6826,7393,567,-70,1
1343.618,8649069,2,1,5.5,0,0,6910,7393,483,-70,1
1343.718,8649169,2,1,8.3,0,0,7005,7393,388,-70,1
1343.819,8649269,2,1,11.5,0,0,7109,7393,284,-70,1
1343.919,8649369,2,1,14.7,0,0,7218,7393,175,-70,1
1344.018,8649469,2,1,18.0,0,0,7330,7393,63,-70,1
1344.117,8649569,2,1,21.4,0,0,7441,7393,-48,0,1
1344.218,8649669,2,1,23.9,0,0,7525,7393,-132,0,1
1344.330,8649781,2,1,25.6,0,0,7580,7393,-187,0,1
1344.418,8649869,2,1,26.4,0,0,7608,7393,-215,0,1
1344.520,8649969,2,1,26.5,0,0,7611,7393,-218,0,1
1344.618,8650069,2,1,26.5,0,0,7611,7393,-218,0,1
1344.718,8650169,2,1,26.5,0,0,7611,7393,-218,0,1
1344.830,8650281,3,1,26.5,0,0,7611,7393,-218,0,1
1344.918,8650369,3,1,26.5,0,0,7611,7393,-218,0,1
1345.017,8650469,3,1,26.5,0,0,7611,7393,-218,0,1
1345.118,8650569,3,1,26.5,0,0,7611,7393,-218,0,1
1345.217,8650669,3,1,26.5,0,0,7611,7393,-218,0,1
1345.319,8650769,3,1,26.5,0,0,7611,7393,-218,0,1
1345.418,8650869,3,1,26.5,0,0,7611,7393,-218,0,1
1345.518,8650969,3,1,26.5,0,0,7611,7393,-218,0,1
1345.617,8651069,3,1,26.5,0,0,7611,7393,-218,0,1
1345.717,8651169,3,1,26.5,0,0,7611,7393,-218,0,1
1345.817,8651269,3,1,26.5,0,0,7611,7393,-218,0,1
1345.918,8651369,3,1,26.5,0,0,7611,7393,-218,0,1
1346.017,8651469,3,1,26.5,0,0,7611,7393,-218,0,1
1346.118,8651569,3,1,26.5,0,0,7611,7393,-218,0,1
1346.217,8651669,3,1,26.5,0,0,7611,7393,-218,0,1
1346.317,8651769,3,1,26.5,0,0,7611,7393,-218,0,1
1346.418,8651869,3,1,26.5,0,0,7611,7393,-218,0,1
1346.518,8651969,3,1,26.5,0,0,7611,7393,-218,0,1
1346.618,8652069,3,1,26.5,0,0,7611,7393,-218,0,1
1346.718,8652169,3,1,26.5,0,0,7611,7393,-218,0,1
1346.830,8652281,3,1,26.5,0,0,7611,7393,-218,0,1
1346.919,8652369,3,1,26.5,0,0,7611,7393,-218,0,1
1347.020,8652469,3,1,26.5,0,0,7611,7393,-218,0,1
1347.119,8652569,3,1,26.5,0,0,7611,7393,-218,0,1
1347.217,8652669,3,1,26.5,0,0,7611,7393,-218,0,1
1347.318,8652769,3,1,26.5,0,0,7611,7393,-218,0,1
1347.417,8652869,3,1,26.5,0,0,7611,7393,-218,0,1
1347.518,8652969,3,1,26.5,0,0,7611,7393,-218,0,1
1347.618,8653069,3,1,26.5,0,0,7611,7393,-218,0,1
1347.720,8653169,3,1,26.5,0,0,7611,7393,-218,0,1
1347.818,8653269,3,1,26.5,0,0,7611,7393,-218,0,1
1347.918,8653369,3,1,26.5,0,0,7611,7393,-218,0,1
1348.018,8653469,3,1,26.5,0,0,7611,7393,-218,0,1
1348.117,8653569,3,1,26.5,0,0,7611,7393,-218,0,1
1348.218,8653669,3,1,26.5,0,0,7611,7393,-218,0,1
1348.317,8653769,3,1,26.5,0,0,7611,7393,-218,0,1
1348.418,8653869,3,1,26.5,0,0,7611,7393,-218,0,1
1348.518,8653969,3,1,26.5,0,0,7611,7393,-218,0,1
1348.618,8654069,3,1,26.5,0,0,7611,7393,-218,0,1
1348.718,8654169,3,1,26.5,0,0,7611,7393,-218,0,1
1348.831,8654281,3,1,26.5,0,0,7611,7393,-218,0,1
1348.918,8654369,3,1,26.5,0,0,7611,7393,-218,0,1
1349.017,8654469,3,1,26.5,0,0,7611,7393,-218,0,1
1349.117,8654569,3,1,26.5,0,0,7611,7393,-218,0,1
1349.217,8654669,3,1,26.5,0,0,7611,7393,-218,0,1
1349.317,8654769,3,1,26.5,0,0,7611,7393,-218,0,1
1349.417,8654869,3,1,26.5,0,0,7611,7393,-218,0,1
1349.517,8654969,3,1,26.5,0,0,7611,7393,-218,0,1
1349.617,8655069,3,1,26.5,0,0,7611,7393,-218,0,1
1349.718,8655169,3,1,26.5,0,0,7611,7393,-218,0,1
1349.818,8655269,3,1,26.5,0,0,7611,7393,-218,0,1
1349.918,8655369,3,1,26.5,0,0,7611,7393,-218,0,1
1350.017,8655469,3,1,26.5,0,0,7611,7393,-218,0,1
1350.117,8655569,3,1,26.5,0,0,7611,7393,-218,0,1
1350.229,8655681,4,1,0.0,0,1,7612,7393,-219,0,1
1350.317,8655769,4,1,0.0,0,1,7612,7393,-219,0,1
1350.417,8655869,4,1,0.0,0,1,7612,7393,-219,0,1
1350.517,8655969,4,1,0.0,0,1,7612,7393,-219,0,1
1350.617,8656069,4,1,0.0,0,1,7612,7393,-219,0,1
1350.718,8656169,4,1,0.0,0,1,7612,7393,-219,0,1
1350.817,8656269,4,1,0.0,0,1,7612,7393,-219,0,1
1350.917,8656369,4,1,0.0,0,1,7612,7393,-219,0,1
1351.017,8656469,4,1,0.0,0,1,7612,7393,-219,0,1
1351.117,8656569,4,1,0.0,0,1,7612,7393,-219,0,1
1351.217,8656669,4,1,0.0,0,1,7612,7393,-219,0,1
1351.317,8656769,4,1,0.0,0,1,7612,7393,-219,0,1
1351.417,8656869,4,1,0.0,0,1,7612,7393,-219,0,1
1351.517,8656969,4,1,0.0,0,1,7612,7393,-219,0,1
1351.617,8657069,4,1,0.0,0,1,7612,7393,-219,0,1
1351.717,8657169,4,1,0.0,0,1,7612,7393,-219,0,1
1351.817,8657269,4,1,0.0,0,1,7612,7393,-219,0,1
1351.921,8657369,4,1,0.0,0,1,7612,7393,-219,0,1
1352.017,8657469,4,1,0.0,0,1,7612,7393,-219,0,1
1352.117,8657569,4,1,0.0,0,1,7612,7393,-219,0,1
1352.228,8657681,4,1,0.0,0,1,7612,7393,-219,0,1
1352.317,8657769,4,1,0.0,0,1,7612,7393,-219,0,1
1352.417,8657869,4,1,0.0,0,1,7612,7393,-219,0,1
1352.517,8657969,4,1,0.0,0,1,7612,7393,-219,0,1
1352.617,8658069,4,1,0.0,0,1,7612,7393,-219,0,1
1352.717,8658169,4,1,0.0,0,1,7612,7393,-219,0,1
1352.828,8658281,0,1,0.0,0,0,7612,7612,0,0,0
1352.917,8658369,0,1,0.0,0,0,7612,7612,0,0,0
1353.017,8658469,0,1,0.0,0,0,7612,7612,0,0,0
1353.117,8658569,0,1,0.0,0,0,7612,7612,0,0,0
1353.216,8658669,0,1,0.0,0,0,7612,7612,0,0,0
1353.317,8658769,0,1,0.0,0,0,7612,7612,0,0,0
1353.417,8658869,0,1,0.0,0,0,7612,7612,0,0,0
1353.517,8658969,0,1,0.0,0,0,7612,7612,0,0,0
1353.617,8659069,0,1,0.0,0,0,7612,7612,0,0,0
1353.717,8659169,0,1,0.0,0,0,7612,7612,0,0,0
1353.828,8659281,1,1,0.0,0,0,7612,7612,0,0,0
1353.919,8659369,1,1,0.0,0,0,7612,7612,0,0,0
1354.017,8659469,1,1,0.0,0,0,7612,7612,0,0,0
1354.117,8659569,1,1,0.0,0,0,7612,7612,0,0,0
1354.217,8659669,1,1,0.0,0,0,7612,7612,0,0,0
1354.317,8659769,1,1,0.0,0,0,7612,7612,0,0,0
1354.417,8659869,1,1,0.0,0,0,7612,7612,0,0,0
1354.517,8659969,1,1,0.0,0,0,7612,7612,0,0,0
1354.629,8660081,2,1,0.0,0,0,7612,6944,-668,70,-1
1354.717,8660169,2,1,-0.9,0,0,7581,6944,-637,70,-1
1354.817,8660269,2,1,-2.9,0,0,7512,6944,-568,70,-1
1354.917,8660369,2,1,-5.3,0,0,7435,6944,-491,70,-1
1355.018,8660469,2,1,-7.5,0,0,7359,6944,-415,70,-1
1355.117,8660569,2,1,-9.7,0,0,7288,6944,-344,70,-1
1355.217,8660669,2,1,-12.0,0,0,7209,6944,-265,70,-1
1355.318,8660769,2,1,-14.5,0,0,7125,6944,-181,70,-1
1355.417,8660869,2,1,-17.1,0,0,7040,6944,-96,70,-1
1355.517,8660969,2,1,-19.7,0,0,6954,6944,-10,70,-1
1355.630,8661081,2,1,-21.8,0,0,6882,6944,62,0,-1
1355.717,8661169,2,1,-22.7,0,0,6851,6944,93,0,-1
1355.817,8661269,2,1,-22.7,0,0,6851,6944,93,0,-1
1355.917,8661369,2,1,-22.7,0,0,6851,6944,93,0,-1
1356.019,8661469,2,1,-22.7,0,0,6851,6944,93,0,-1
1356.130,8661581,3,1,-22.7,0,0,6851,6944,93,0,-1
1356.217,8661669,3,1,-22.7,0,0,6851,6944,93,0,-1
1356.317,8661769,3,1,-22.7,0,0,6851,6944,93,0,-1
1356.417,8661869,3,1,-22.7,0,0,6851,6944,93,0,-1
1356.517,8661969,3,1,-22.7,0,0,6851,6944,93,0,-1
1356.617,8662069,3,1,-22.7,0,0,6851,6944,93,0,-1
1356.718,8662169,3,1,-22.7,0,0,6851,6944,93,0,-1
1356.817,8662269,3,1,-22.7,0,0,6851,6944,93,0,-1
1356.917,8662369,3,1,-22.7,0,0,6851,6944,93,0,-1
1357.017,8662469,3,1,-22.7,0,0,6851,6944,93,0,-1
1357.117,8662569,3,1,-22.7,0,0,6851,6944,93,0,-1
1357.217,8662669,3,1,-22.7,0,0,6851,6944,93,0,-1
1357.317,8662769,3,1,-22.7,0,0,6851,6944,93,0,-1
1357.417,8662869,3,1,-22.7,0,0,6851,6944,93,0,-1
1357.517,8662969,3,1,-22.7,0,0,6851,6944,93,0,-1
1357.617,8663069,3,1,-22.7,0,0,6851,6944,93,0,-1
1357.717,8663169,3,1,-22.7,0,0,6851,6944,93,0,-1
1357.817,8663269,3,1,-22.7,0,0,6851,6944,93,0,-1
1357.917,8663369,3,1,-22.7,0,0,6851,6944,93,0,-1
1358.018,8663469,3,1,-22.7,0,0,6851,6944,93,0,-1
1358.129,8663581,3,1,-22.7,0,0,6851,6944,93,0,-1
1358.217,8663669,3,1,-22.7,0,0,6851,6944,93,0,-1
1358.317,8663769,3,1,-22.7,0,0,6851,6944,93,0,-1
1358.419,8663869,3,1,-22.7,0,0,6851,6944,93,0,-1
1358.518,8663969,3,1,-22.7,0,0,6851,6944,93,0,-1
1358.617,8664069,3,1,-22.7,0,0,6851,6944,93,0,-1
1358.718,8664169,3,1,-22.7,0,0,6851,6944,93,0,-1
1358.817,8664269,3,1,-22.7,0,0,6851,6944,93,0,-1
1358.917,8664369,3,1,-22.7,0,0,6851,6944,93,0,-1
1359.017,8664469,3,1,-22.7,0,0,6851,6944,93,0,-1
1359.117,8664569,3,1,-22.7,0,0,6851,6944,93,0,-1
1359.217,8664669,3,1,-22.7,0,0,6851,6944,93,0,-1
1359.318,8664769,3,1,-22.7,0,0,6851,6944,93,0,-1
1359.417,8664869,3,1,-22.7,0,0,6851,6944,93,0,-1
1359.517,8664969,3,1,-22.7,0,0,6851,6944,93,0,-1
1359.617,8665069,3,1,-22.7,0,0,6851,6944,93,0,-1
1359.717,8665169,3,1,-22.7,0,0,6851,6944,93,0,-1
1359.817,8665269,3,1,-22.7,0,0,6851,6944,93,0,-1
1359.917,8665369,3,1,-22.7,0,0,6851,6944,93,0,-1
1360.017,8665469,3,1,-22.7,0,0,6851,6944,93,0,-1
1360.129,8665581,3,1,-22.7,0,0,6851,6944,93,0,-1
1360.217,8665669,3,1,-22.7,0,0,6851,6944,93,0,-1
1360.317,8665769,3,1,-22.7,0,0,6851,6944,93,0,-1
1360.417,8665869,3,1,-22.7,0,0,6851,6944,93,0,-1
1360.517,8665969,3,1,-22.7,0,0,6851,6944,93,0,-1
1360.617,8666069,3,1,-22.7,0,0,6851,6944,93,0,-1
1360.717,8666169,3,1,-22.7,0,0,6851,6944,93,0,-1
1360.817,8666269,3,1,-22.7,0,0,6851,6944,93,0,-1
1360.917,8666369,3,1,-22.7,0,0,6851,6944,93,0,-1
1361.017,8666469,3,1,-22.7,0,0,6851,6944,93,0,-1
1361.117,8666569,3,1,-22.7,0,0,6851,6944,93,0,-1
1361.217,8666669,3,1,-22.7,0,0,6851,6944,93,0,-1
1361.317,8666769,3,1,-22.7,0,0,6851,6944,93,0,-1
1361.417,8666869,3,1,-22.7,0,0,6851,6944,93,0,-1
1361.517,8666969,3,1,-22.7,0,0,6851,6944,93,0,-1
1361.617,8667069,3,1,-22.7,0,0,6851,6944,93,0,-1
1361.720,8667169,3,1,-22.7,0,0,6851,6944,93,0,-1
1361.817,8667269,3,1,-22.7,0,0,6851,6944,93,0,-1
1361.917,8667369,3,1,-22.7,0,0,6851,6944,93,0,-1
1362.017,8667469,3,1,-22.7,0,0,6851,6944,93,0,-1
1362.129,8667581,3,1,-22.7,0,0,6851,6944,93,0,-1
1362.217,8667669,3,1,-22.7,0,0,6851,6944,93,0,-1
1362.317,8667769,3,1,-22.7,0,0,6851,6944,93,0,-1
1362.417,8667869,3,1,-22.7,0,0,6851,6944,93,0,-1
1362.517,8667969,3,1,-22.7,0,0,6851,6944,93,0,-1
1362.617,8668069,3,1,-22.7,0,0,6851,6944,93,0,-1
1362.717,8668169,3,1,-22.7,0,0,6851,6944,93,0,-1
1362.817,8668269,3,1,-22.7,0,0,6851,6944,93,0,-1
1362.917,8668369,3,1,-22.7,0,0,6851,6944,93,0,-1
1363.017,8668469,3,1,-22.7,0,0,6851,6944,93,0,-1
1363.117,8668569,3,1,-22.7,0,0,6851,6944,93,0,-1
1363.217,8668669,3,1,-22.7,0,0,6851,6944,93,0,-1
1363.317,8668769,3,1,-22.7,0,0,6851,6944,93,0,-1
1363.417,8668869,3,1,-22.7,0,0,6851,6944,93,0,-1
1363.516,8668969,3,1,-22.7,0,0,6851,6944,93,0,-1
1363.617,8669069,3,1,-22.7,0,0,6851,6944,93,0,-1
1363.717,8669169,3,1,-22.7,0,0,6851,6944,93,0,-1
1363.817,8669269,3,1,-22.7,0,0,6851,6944,93,0,-1
1363.917,8669369,3,1,-22.7,0,0,6851,6944,93,0,-1
1364.017,8669469,3,1,-22.7,0,0,6851,6944,93,0,-1
1364.129,8669581,3,1,-22.7,0,0,6851,6944,93,0,-1
1364.217,8669669,3,1,-22.7,0,0,6851,6944,93,0,-1
1364.319,8669769,3,1,-22.7,0,0,6851,6944,93,0,-1
1364.416,8669869,3,1,-22.7,0,0,6851,6944,93,0,-1
1364.516,8669969,3,1,-22.7,0,0,6851,6944,93,0,-1
1364.617,8670069,3,1,-22.7,0,0,6851,6944,93,0,-1
1364.717,8670169,3,1,-22.7,0,0,6851,6944,93,0,-1
1364.817,8670269,3,1,-22.7,0,0,6851,6944,93,0,-1
1364.917,8670369,3,1,-22.7,0,0,6851,6944,93,0,-1
1365.017,8670469,3,1,-22.7,0,0,6851,6944,93,0,-1
1365.117,8670569,3,1,-22.7,0,0,6851,6944,93,0,-1
1365.216,8670669,3,1,-22.7,0,0,6851,6944,93,0,-1
1365.317,8670769,3,1,-22.7,0,0,6851,6944,93,0,-1
1365.417,8670869,3,1,-22.7,0,0,6851,6944,93,0,-1
1365.517,8670969,3,1,-22.7,0,0,6851,6944,93,0,-1
1365.618,8671069,3,1,-22.7,0,0,6851,6944,93,0,-1
1365.717,8671169,3,1,-22.7,0,0,6851,6944,93,0,-1
1365.817,8671269,3,1,-22.7,0,0,6851,6944,93,0,-1
1365.917,8671369,3,1,-22.7,0,0,6851,6944,93,0,-1
1366.017,8671469,3,1,-22.7,0,0,6851,6944,93,0,-1
1366.129,8671581,3,1,-22.7,0,0,6851,6944,93,0,-1
1366.216,8671669,3,1,-22.7,0,0,6851,6944,93,0,-1
1366.317,8671769,3,1,-22.7,0,0,6851,6944,93,0,-1
1366.417,8671869,3,1,-22.7,0,0,6851,6944,93,0,-1
1366.517,8671969,3,1,-22.7,0,0,6851,6944,93,0,-1
1366.617,8672069,3,1,-22.7,0,0,6851,6944,93,0,-1
1366.716,8672169,3,1,-22.7,0,0,6851,6944,93,0,-1
1366.818,8672269,3,1,-22.7,0,0,6851,6944,93,0,-1
1366.917,8672369,3,1,-22.7,0,0,6851,6944,93,0,-1
1367.018,8672469,3,1,-22.7,0,0,6851,6944,93,0,-1
1367.116,8672569,3,1,-22.7,0,0,6851,6944,93,0,-1
1367.216,8672669,3,1,-22.7,0,0,6851,6944,93,0,-1
1367.316,8672769,3,1,-22.7,0,0,6851,6944,93,0,-1
1367.417,8672869,3,1,-22.7,0,0,6851,6944,93,0,-1
1367.517,8672969,3,1,-22.7,0,0,6851,6944,93,0,-1
1367.617,8673069,3,1,-22.7,0,0,6851,6944,93,0,-1
1367.717,8673169,3,1,-22.7,0,0,6851,6944,93,0,-1
1367.817,8673269,3,1,-22.7,0,0,6851,6944,93,0,-1
1367.917,8673369,3,1,-22.7,0,0,6851,6944,93,0,-1
1368.017,8673469,3,1,-22.7,0,0,6851,6944,93,0,-1
1368.129,8673581,3,1,-22.7,0,0,6851,6944,93,0,-1
1368.216,8673669,3,1,-22.7,0,0,6851,6944,93,0,-1
1368.316,8673769,3,1,-22.7,0,0,6851,6944,93,0,-1
1368.416,8673869,3,1,-22.7,0,0,6851,6944,93,0,-1
1368.516,8673969,3,1,-22.7,0,0,6851,6944,93,0,-1
1368.616,8674069,3,1,-22.7,0,0,6851,6944,93,0,-1
1368.717,8674169,3,1,-22.7,0,0,6851,6944,93,0,-1
1368.817,8674269,3,1,-22.7,0,0,6851,6944,93,0,-1
1368.916,8674369,3,1,-22.7,0,0,6851,6944,93,0,-1
1369.017,8674469,3,1,-22.7,0,0,6851,6944,93,0,-1
1369.117,8674569,3,1,-22.7,0,0,6851,6944,93,0,-1
1369.216,8674669,3,1,-22.7,0,0,6851,6944,93,0,-1
1369.316,8674769,3,1,-22.7,0,0,6851,6944,93,0,-1
1369.416,8674869,3,1,-22.7,0,0,6851,6944,93,0,-1
1369.517,8674969,3,1,-22.7,0,0,6851,6944,93,0,-1
1369.617,8675069,3,1,-22.7,0,0,6851,6944,93,0,-1
1369.716,8675169,3,1,-22.7,0,0,6851,6944,93,0,-1
1369.816,8675269,3,1,-22.7,0,0,6851,6944,93,0,-1
1369.917,8675369,3,1,-22.7,0,0,6851,6944,93,0,-1
1370.017,8675469,3,1,-22.7,0,0,6851,6944,93,0,-1
1370.129,8675581,3,1,-22.7,0,0,6851,6944,93,0,-1
1370.216,8675669,3,1,-22.7,0,0,6851,6944,93,0,-1
1370.316,8675769,3,1,-22.7,0,0,6851,6944,93,0,-1
1370.416,8675869,3,1,-22.7,0,0,6851,6944,93,0,-1
1370.516,8675969,3,1,-22.7,0,0,6851,6944,93,0,-1
1370.617,8676069,3,1,-22.7,0,0,6851,6944,93,0,-1
1370.717,8676169,3,1,-22.7,0,0,6851,6944,93,0,-1
1370.817,8676269,3,1,-22.7,0,0,6851,6944,93,0,-1
1370.917,8676369,3,1,-22.7,0,0,6851,6944,93,0,-1
1371.016,8676469,3,1,-22.7,0,0,6851,6944,93,0,-1
1371.117,8676569,3,1,-22.7,0,0,6851,6944,93,0,-1
1371.216,8676669,3,1,-22.7,0,0,6851,6944,93,0,-1
1371.316,8676769,3,1,-22.7,0,0,6851,6944,93,0,-1
1371.416,8676869,3,1,-22.7,0,0,6851,6944,93,0,-1
1371.516,8676969,3,1,-22.7,0,0,6851,6944,93,0,-1
1371.616,8677069,3,1,-22.7,0,0,6851,6944,93,0,-1
1371.717,8677169,3,1,-22.7,0,0,6851,6944,93,0,-1
1371.816,8677269,3,1,-22.7,0,0,6851,6944,93,0,-1
1371.916,8677369,3,1,-22.7,0,0,6851,6944,93,0,-1
1372.017,8677469,3,1,-22.7,0,0,6851,6944,93,0,-1
1372.128,8677581,3,1,-22.7,0,0,6851,6944,93,0,-1
1372.216,8677669,3,1,-22.7,0,0,6851,6944,93,0,-1
1372.316,8677769,3,1,-22.7,0,0,6851,6944,93,0,-1
1372.416,8677869,3,1,-22.7,0,0,6851,6944,93,0,-1
1372.516,8677969,3,1,-22.7,0,0,6851,6944,93,0,-1
1372.616,8678069,3,1,-22.7,0,0,6851,6944,93,0,-1
1372.716,8678169,3,1,-22.7,0,0,6851,6944,93,0,-1
1372.817,8678269,3,1,-22.7,0,0,6851,6944,93,0,-1
1372.916,8678369,3,1,-22.7,0,0,6851,6944,93,0,-1
1373.016,8678469,3,1,-22.7,0,0,6851,6944,93,0,-1
1373.117,8678569,3,1,-22.7,0,0,6851,6944,93,0,-1
1373.216,8678669,3,1,-22.7,0,0,6851,6944,93,0,-1
1373.317,8678769,3,1,-22.7,0,0,6851,6944,93,0,-1
1373.416,8678869,3,1,-22.7,0,0,6851,6944,93,0,-1
1373.516,8678969,3,1,-22.7,0,0,6851,6944,93,0,-1
1373.621,8679069,3,1,-22.7,0,0,6851,6944,93,0,-1
1373.716,8679169,3,1,-22.7,0,0,6851,6944,93,0,-1
1373.821,8679269,3,1,-22.7,0,0,6851,6944,93,0,-1
1373.916,8679369,3,1,-22.7,0,0,6851,6944,93,0,-1
1374.016,8679469,3,1,-22.7,0,0,6851,6944,93,0,-1
1374.129,8679581,3,1,-22.7,0,0,6851,6944,93,0,-1
1374.216,8679669,3,1,-22.7,0,0,6851,6944,93,0,-1
1374.317,8679769,3,1,-22.7,0,0,6851,6944,93,0,-1
1374.416,8679869,3,1,-22.7,0,0,6851,6944,93,0,-1
1374.529,8679981,2,1,-22.7,0,0,6851,6276,-575,70,-2
1374.616,8680069,2,1,-23.7,0,0,6821,6276,-545,70,-2
1374.716,8680169,2,1,-25.1,0,0,6773,6276,-497,70,-2
1374.816,8680269,2,1,-27.0,0,0,6709,6276,-433,70,-2
1374.916,8680369,2,1,-29.5,0,0,6625,6276,-349,70,-2
1375.016,8680469,2,1,-31.9,0,0,6544,6276,-268,70,-2
1375.116,8680569,2,1,-34.4,0,0,6462,6276,-186,70,-2
1375.216,8680669,2,1,-37.0,0,0,6373,6276,-97,70,-2
1375.316,8680769,2,1,-39.8,0,0,6281,6276,-5,70,-2
1375.416,8680869,2,1,-42.2,0,0,6202,6276,74,0,-2
1375.528,8680981,2,1,-43.4,0,0,6160,6276,116,0,-2
1375.616,8681069,2,1,-43.6,0,0,6155,6276,121,0,-2
1375.716,8681169,2,1,-43.6,0,0,6155,6276,121,0,-2
1375.816,8681269,2,1,-43.6,0,0,6155,6276,121,0,-2
1375.928,8681381,3,1,-43.6,0,0,6155,6276,121,0,-2
1376.017,8681469,3,1,-43.6,0,0,6155,6276,121,0,-2
1376.115,8681569,3,1,-43.6,0,0,6155,6276,121,0,-2
1376.216,8681669,3,1,-43.6,0,0,6155,6276,121,0,-2
1376.316,8681769,3,1,-43.6,0,0,6155,6276,121,0,-2
1376.416,8681869,3,1,-43.6,0,0,6155,6276,121,0,-2
1376.516,8681969,3,1,-43.6,0,0,6155,6276,121,0,-2
1376.616,8682069,3,1,-43.6,0,0,6155,6276,121,0,-2
1376.716,8682169,3,1,-43.6,0,0,6155,6276,121,0,-2
1376.816,8682269,3,1,-43.6,0,0,6155,6276,121,0,-2
1376.916,8682369,3,1,-43.6,0,0,6155,6276,121,0,-2
1377.016,8682469,3,1,-43.6,0,0,6155,6276,121,0,-2
1377.116,8682569,3,1,-43.6,0,0,6155,6276,121,0,-2
1377.216,8682669,3,1,-43.6,0,0,6155,6276,121,0,-2
1377.316,8682769,3,1,-43.6,0,0,6155,6276,121,0,-2
1377.415,8682869,3,1,-43.6,0,0,6155,6276,121,0,-2
1377.516,8682969,3,1,-43.6,0,0,6155,6276,121,0,-2
1377.616,8683069,3,1,-43.6,0,0,6155,6276,121,0,-2
1377.716,8683169,3,1,-43.6,0,0,6155,6276,121,0,-2
1377.819,8683269,3,1,-43.6,0,0,6155,6276,121,0,-2
1377.929,8683381,3,1,-43.6,0,0,6155,6276,121,0,-2
1378.016,8683469,3,1,-43.6,0,0,6155,6276,121,0,-2
1378.116,8683569,3,1,-43.6,0,0,6155,6276,121,0,-2
1378.216,8683669,3,1,-43.6,0,0,6155,6276,121,0,-2
1378.315,8683769,3,1,-43.6,0,0,6155,6276,121,0,-2
1378.416,8683869,3,1,-43.6,0,0,6155,6276,121,0,-2
1378.516,8683969,3,1,-43.6,0,0,6155,6276,121,0,-2
1378.616,8684069,3,1,-43.6,0,0,6155,6276,121,0,-2
1378.716,8684169,3,1,-43.6,0,0,6155,6276,121,0,-2
1378.816,8684269,3,1,-43.6,0,0,6155,6276,121,0,-2
1378.916,8684369,3,1,-43.6,0,0,6155,6276,121,0,-2
1379.016,8684469,3,1,-43.6,0,0,6155,6276,121,0,-2
1379.116,8684569,3,1,-43.6,0,0,6155,6276,121,0,-2
1379.216,8684669,3,1,-43.6,0,0,6155,6276,121,0,-2
1379.316,8684769,3,1,-43.6,0,0,6155,6276,121,0,-2
1379.416,8684869,3,1,-43.6,0,0,6155,6276,121,0,-2
1379.515,8684969,3,1,-43.6,0,0,6155,6276,121,0,-2
1379.615,8685069,3,1,-43.6,0,0,6155,6276,121,0,-2
1379.730,8685181,2,1,-43.6,0,0,6155,5609,-546,70,-3
1379.816,8685269,2,1,-44.3,0,0,6131,5609,-522,70,-3
1379.916,8685369,2,1,-46.0,0,0,6074,5609,-465,70,-3
1380.016,8685469,2,1,-48.1,0,0,6004,5609,-395,70,-3
1380.116,8685569,2,1,-50.3,0,0,5930,5609,-321,70,-3
1380.216,8685669,2,1,-52.4,0,0,5860,5609,-251,70,-3
1380.316,8685769,2,1,-54.7,0,0,5784,5609,-175,70,-3
1380.415,8685869,2,1,-57.1,0,0,5704,5609,-95,70,-3
1380.515,8685969,2,1,-59.4,0,0,5626,5609,-17,70,-3
1380.616,8686069,2,1,-61.6,0,0,5554,5609,55,0,-3
1380.728,8686181,2,1,-62.5,0,0,5522,5609,87,0,-3
1380.816,8686269,2,1,-62.6,0,0,5521,5609,88,0,-3
1380.916,8686369,2,1,-62.6,0,0,5521,5609,88,0,-3
1381.016,8686469,2,1,-62.6,0,0,5521,5609,88,0,-3
1381.128,8686581,3,1,-62.6,0,0,5521,5609,88,0,-3
1381.216,8686669,3,1,-62.6,0,0,5521,5609,88,0,-3
1381.315,8686769,3,1,-62.6,0,0,5521,5609,88,0,-3
1381.415,8686869,3,1,-62.6,0,0,5521,5609,88,0,-3
1381.516,8686969,3,1,-62.6,0,0,5521,5609,88,0,-3
1381.616,8687069,3,1,-62.6,0,0,5521,5609,88,0,-3
1381.719,8687169,3,1,-62.6,0,0,5521,5609,88,0,-3
1381.816,8687269,3,1,-62.6,0,0,5521,5609,88,0,-3
1381.916,8687369,3,1,-62.6,0,0,5521,5609,88,0,-3
1382.016,8687469,3,1,-62.6,0,0,5521,5609,88,0,-3
1382.115,8687569,3,1,-62.6,0,0,5521,5609,88,0,-3
1382.216,8687669,3,1,-62.6,0,0,5521,5609,88,0,-3
1382.315,8687769,3,1,-62.6,0,0,5521,5609,88,0,-3
1382.416,8687869,3,1,-62.6,0,0,5521,5609,88,0,-3
1382.515,8687969,3,1,-62.6,0,0,5521,5609,88,0,-3
1382.616,8688069,3,1,-62.6,0,0,5521,5609,88,0,-3
1382.715,8688169,3,1,-62.6,0,0,5521,5609,88,0,-3
1382.816,8688269,3,1,-62.6,0,0,5521,5609,88,0,-3
1382.916,8688369,3,1,-62.6,0,0,5521,5609,88,0,-3
1383.016,8688469,3,1,-62.6,0,0,5521,5609,88,0,-3
1383.129,8688581,3,1,-62.6,0,0,5521,5609,88,0,-3
1383.215,8688669,3,1,-62.6,0,0,5521,5609,88,0,-3
1383.315,8688769,3,1,-62.6,0,0,5521,5609,88,0,-3
1383.415,8688869,3,1,-62.6,0,0,5521,5609,88,0,-3
1383.515,8688969,3,1,-62.6,0,0,5521,5609,88,0,-3
1383.616,8689069,3,1,-62.6,0,0,5521,5609,88,0,-3
1383.716,8689169,3,1,-62.6,0,0,5521,5609,88,0,-3
1383.815,8689269,3,1,-62.6,0,0,5521,5609,88,0,-3
1383.916,8689369,3,1,-62.6,0,0,5521,5609,88,0,-3
1384.016,8689469,3,1,-62.6,0,0,5521,5609,88,0,-3
1384.116,8689569,3,1,-62.6,0,0,5521,5609,88,0,-3
1384.215,8689669,3,1,-62.6,0,0,5521,5609,88,0,-3
1384.316,8689769,3,1,-62.6,0,0,5521,5609,88,0,-3
1384.416,8689869,3,1,-62.6,0,0,5521,5609,88,0,-3
1384.515,8689969,3,1,-62.6,0,0,5520,5609,89,0,-3
1384.615,8690069,3,1,-62.6,0,0,5520,5609,89,0,-3
1384.715,8690169,3,1,-62.6,0,0,5520,5609,89,0,-3
1384.816,8690269,3,1,-62.6,0,0,5520,5609,89,0,-3
1384.916,8690369,3,1,-62.6,0,0,5520,5609,89,0,-3
1385.016,8690469,3,1,-62.6,0,0,5520,5609,89,0,-3
1385.128,8690581,3,1,-62.6,0,0,5520,5609,89,0,-3
1385.215,8690669,3,1,-62.6,0,0,5520,5609,89,0,-3
1385.315,8690769,3,1,-62.6,0,0,5520,5609,89,0,-3
1385.415,8690869,3,1,-62.6,0,0,5520,5609,89,0,-3
1385.515,8690969,3,1,-62.6,0,0,5520,5609,89,0,-3
1385.616,8691069,3,1,-62.6,0,0,5520,5609,89,0,-3
1385.716,8691169,3,1,-62.6,0,0,5520,5609,89,0,-3
1385.816,8691269,3,1,-62.6,0,0,5520,5609,89,0,-3
1385.915,8691369,3,1,-62.6,0,0,5520,5609,89,0,-3
1386.016,8691469,3,1,-62.6,0,0,5520,5609,89,0,-3
1386.116,8691569,3,1,-62.6,0,0,5520,5609,89,0,-3
1386.216,8691669,3,1,-62.6,0,0,5520,5609,89,0,-3
1386.315,8691769,3,1,-62.6,0,0,5520,5609,89,0,-3
1386.415,8691869,3,1,-62.6,0,0,5520,5609,89,0,-3
1386.515,8691969,3,1,-62.6,0,0,5520,5609,89,0,-3
1386.615,8692069,3,1,-62.6,0,0,5520,5609,89,0,-3
1386.716,8692169,3,1,-62.6,0,0,5520,5609,89,0,-3
1386.816,8692269,3,1,-62.6,0,0,5520,5609,89,0,-3
1386.916,8692369,3,1,-62.6,0,0,5520,5609,89,0,-3
1387.016,8692469,3,1,-62.6,0,0,5520,5609,89,0,-3
1387.127,8692581,3,1,-62.6,0,0,5520,5609,89,0,-3
1387.216,8692669,3,1,-62.6,0,0,5520,5609,89,0,-3
1387.315,8692769,3,1,-62.6,0,0,5520,5609,89,0,-3
1387.415,8692869,3,1,-62.6,0,0,5520,5609,89,0,-3
1387.515,8692969,3,1,-62.6,0,0,5520,5609,89,0,-3
1387.615,8693069,3,1,-62.6,0,0,5520,5609,89,0,-3
1387.715,8693169,3,1,-62.6,0,0,5520,5609,89,0,-3
1387.816,8693269,3,1,-62.6,0,0,5520,5609,89,0,-3
1387.916,8693369,3,1,-62.6,0,0,5520,5609,89,0,-3
1388.015,8693469,3,1,-62.6,0,0,5520,5609,89,0,-3
1388.116,8693569,3,1,-62.6,0,0,5520,5609,89,0,-3
1388.215,8693669,3,1,-62.6,0,0,5520,5609,89,0,-3
1388.315,8693769,3,1,-62.6,0,0,5520,5609,89,0,-3
1388.415,8693869,3,1,-62.6,0,0,5520,5609,89,0,-3
1388.515,8693969,3,1,-62.6,0,0,5520,5609,89,0,-3
1388.615,8694069,3,1,-62.6,0,0,5520,5609,89,0,-3
1388.716,8694169,3,1,-62.6,0,0,5520,5609,89,0,-3
1388.816,8694269,3,1,-62.6,0,0,5520,5609,89,0,-3
1388.917,8694369,3,1,-62.6,0,0,5520,5609,89,0,-3
1389.015,8694469,3,1,-62.6,0,0,5520,5609,89,0,-3
1389.128,8694581,3,1,-62.6,0,0,5520,5609,89,0,-3
1389.215,8694669,3,1,-62.6,0,0,5520,5609,89,0,-3
1389.315,8694769,3,1,-62.6,0,0,5520,5609,89,0,-3
1389.415,8694869,3,1,-62.6,0,0,5520,5609,89,0,-3
1389.515,8694969,3,1,-62.6,0,0,5520,5609,89,0,-3
1389.615,8695069,3,1,-62.6,0,0,5520,5609,89,0,-3
1389.715,8695169,3,1,-62.6,0,0,5520,5609,89,0,-3
1389.815,8695269,3,1,-62.6,0,0,5520,5609,89,0,-3
1389.916,8695369,3,1,-62.6,0,0,5520,5609,89,0,-3
1390.015,8695469,3,1,-62.6,0,0,5520,5609,89,0,-3
1390.116,8695569,3,1,-62.6,0,0,5520,5609,89,0,-3
1390.216,8695669,3,1,-62.6,0,0,5520,5609,89,0,-3
1390.315,8695769,3,1,-62.6,0,0,5520,5609,89,0,-3
1390.415,8695869,3,1,-62.6,0,0,5520,5609,89,0,-3
1390.515,8695969,3,1,-62.6,0,0,5520,5609,89,0,-3
1390.615,8696069,3,1,-62.6,0,0,5520,5609,89,0,-3
1390.719,8696169,3,1,-62.6,0,0,5520,5609,89,0,-3
1390.815,8696269,3,1,-62.6,0,0,5520,5609,89,0,-3
1390.916,8696369,3,1,-62.6,0,0,5520,5609,89,0,-3
1391.015,8696469,3,1,-62.6,0,0,5520,5609,89,0,-3
1391.127,8696581,3,1,-62.6,0,0,5520,5609,89,0,-3
1391.215,8696669,3,1,-62.6,0,0,5520,5609,89,0,-3
1391.315,8696769,3,1,-62.6,0,0,5520,5609,89,0,-3
1391.415,8696869,3,1,-62.6,0,0,5520,5609,89,0,-3
1391.515,8696969,3,1,-62.6,0,0,5520,5609,89,0,-3
1391.616,8697069,3,1,-62.6,0,0,5520,5609,89,0,-3
1391.715,8697169,3,1,-62.6,0,0,5520,5609,89,0,-3
1391.815,8697269,3,1,-62.6,0,0,5520,5609,89,0,-3
1391.916,8697369,3,1,-62.6,0,0,5520,5609,89,0,-3
1392.015,8697469,3,1,-62.6,0,0,5520,5609,89,0,-3
1392.115,8697569,3,1,-62.6,0,0,5520,5609,89,0,-3
1392.215,8697669,3,1,-62.6,0,0,5520,5609,89,0,-3
1392.315,8697769,3,1,-62.6,0,0,5520,5609,89,0,-3
1392.415,8697869,3,1,-62.6,0,0,5520,5609,89,0,-3
1392.515,8697969,3,1,-62.6,0,0,5520,5609,89,0,-3
1392.615,8698069,3,1,-62.6,0,0,5520,5609,89,0,-3
1392.715,8698169,3,1,-62.6,0,0,5520,5609,89,0,-3
1392.815,8698269,3,1,-62.6,0,0,5520,5609,89,0,-3
1392.915,8698369,3,1,-62.6,0,0,5520,5609,89,0,-3
1393.015,8698469,3,1,-62.6,0,0,5520,5609,89,0,-3
1393.128,8698581,3,1,-62.6,0,0,5520,5609,89,0,-3
1393.215,8698669,3,1,-62.6,0,0,5520,5609,89,0,-3
1393.315,8698769,3,1,-62.6,0,0,5520,5609,89,0,-3
1393.415,8698869,3,1,-62.6,0,0,5520,5609,89,0,-3
1393.514,8698969,3,1,-62.6,0,0,5520,5609,89,0,-3
1393.615,8699069,3,1,-62.6,0,0,5520,5609,89,0,-3
1393.715,8699169,3,1,-62.6,0,0,5520,5609,89,0,-3
1393.815,8699269,3,1,-62.6,0,0,5520,5609,89,0,-3
1393.915,8699369,3,1,-62.6,0,0,5520,5609,89,0,-3
1394.016,8699469,3,1,-62.6,0,0,5520,5609,89,0,-3
1394.115,8699569,3,1,-62.6,0,0,5520,5609,89,0,-3
1394.215,8699669,3,1,-62.6,0,0,5520,5609,89,0,-3
1394.315,8699769,3,1,-62.6,0,0,5520,5609,89,0,-3
1394.414,8699869,3,1,-62.6,0,0,5520,5609,89,0,-3
1394.515,8699969,3,1,-62.6,0,0,5520,5609,89,0,-3
1394.615,8700069,3,1,-62.6,0,0,5520,5609,89,0,-3
1394.715,8700169,3,1,-62.6,0,0,5520,5609,89,0,-3
1394.815,8700269,3,1,-62.6,0,0,5520,5609,89,0,-3
1394.915,8700369,3,1,-62.6,0,0,5520,5609,89,0,-3
1395.015,8700469,3,1,-62.6,0,0,5520,5609,89,0,-3
1395.128,8700581,3,1,-62.6,0,0,5520,5609,89,0,-3
1395.215,8700669,3,1,-62.6,0,0,5520,5609,89,0,-3
1395.315,8700769,3,1,-62.6,0,0,5520,5609,89,0,-3
1395.415,8700869,3,1,-62.6,0,0,5520,5609,89,0,-3
1395.515,8700969,3,1,-62.6,0,0,5520,5609,89,0,-3
1395.615,8701069,3,1,-62.6,0,0,5520,5609,89,0,-3
1395.714,8701169,3,1,-62.6,0,0,5520,5609,89,0,-3
1395.815,8701269,3,1,-62.6,0,0,5520,5609,89,0,-3
1395.915,8701369,3,1,-62.6,0,0,5520,5609,89,0,-3
1396.015,8701469,3,1,-62.6,0,0,5520,5609,89,0,-3
1396.114,8701569,3,1,-62.6,0,0,5520,5609,89,0,-3
1396.215,8701669,3,1,-62.6,0,0,5520,5609,89,0,-3
1396.315,8701769,3,1,-62.6,0,0,5520,5609,89,0,-3
1396.415,8701869,3,1,-62.6,0,0,5520,5609,89,0,-3
1396.514,8701969,3,1,-62.6,0,0,5520,5609,89,0,-3
1396.614,8702069,3,1,-62.6,0,0,5520,5609,89,0,-3
1396.715,8702169,3,1,-62.6,0,0,5520,5609,89,0,-3
1396.815,8702269,3,1,-62.6,0,0,5520,5609,89,0,-3
1396.915,8702369,3,1,-62.6,0,0,5520,5609,89,0,-3
1397.016,8702469,3,1,-62.6,0,0,5520,5609,89,0,-3
1397.127,8702581,3,1,-62.6,0,0,5520,5609,89,0,-3
1397.215,8702669,3,1,-62.6,0,0,5520,5609,89,0,-3
1397.314,8702769,3,1,-62.6,0,0,5520,5609,89,0,-3
1397.415,8702869,3,1,-62.6,0,0,5520,5609,89,0,-3
1397.515,8702969,3,1,-62.6,0,0,5520,5609,89,0,-3
1397.614,8703069,3,1,-62.6,0,0,5520,5609,89,0,-3
1397.714,8703169,3,1,-62.6,0,0,5520,5609,89,0,-3
1397.816,8703269,3,1,-62.6,0,0,5520,5609,89,0,-3
1397.915,8703369,3,1,-62.6,0,0,5520,5609,89,0,-3
1398.015,8703469,3,1,-62.6,0,0,5520,5609,89,0,-3
1398.115,8703569,3,1,-62.6,0,0,5520,5609,89,0,-3
1398.215,8703669,3,1,-62.6,0,0,5520,5609,89,0,-3
1398.315,8703769,3,1,-62.6,0,0,5520,5609,89,0,-3
1398.415,8703869,3,1,-62.6,0,0,5520,5609,89,0,-3
1398.514,8703969,3,1,-62.6,0,0,5520,5609,89,0,-3
1398.614,8704069,3,1,-62.6,0,0,5520,5609,89,0,-3
1398.714,8704169,3,1,-62.6,0,0,5520,5609,89,0,-3
1398.814,8704269,3,1,-62.6,0,0,5520,5609,89,0,-3
1398.915,8704369,3,1,-62.6,0,0,5520,5609,89,0,-3
1399.015,8704469,3,1,-62.6,0,0,5520,5609,89,0,-3
1399.127,8704581,3,1,-62.6,0,0,5520,5609,89,0,-3
1399.215,8704669,3,1,-62.6,0,0,5520,5609,89,0,-3
1399.315,8704769,3,1,-62.6,0,0,5520,5609,89,0,-3
1399.414,8704869,3,1,-62.6,0,0,5520,5609,89,0,-3
1399.515,8704969,3,1,-62.6,0,0,5520,5609,89,0,-3
1399.614,8705069,3,1,-62.6,0,0,5520,5609,89,0,-3
1399.714,8705169,3,1,-62.6,0,0,5520,5609,89,0,-3
1399.827,8705281,2,1,-62.6,0,0,5519,4941,-578,70,-4
1399.915,8705369,2,1,-63.8,0,0,5480,4941,-539,70,-4
1400.015,8705469,2,1,-65.8,0,0,5412,4941,-471,70,-4
1400.115,8705569,2,1,-68.1,0,0,5335,4941,-394,70,-4
1400.215,8705669,2,1,-70.3,0,0,5263,4941,-322,70,-4
1400.315,8705769,2,1,-72.4,0,0,5193,4941,-252,70,-4
1400.415,8705869,2,1,-74.6,0,0,5119,4941,-178,70,-4
1400.515,8705969,2,1,-76.9,0,0,5043,4941,-102,70,-4
1400.615,8706069,2,1,-79.4,0,0,4959,4941,-18,70,-4
1400.715,8706169,2,1,-81.5,0,0,4888,4941,53,0,-4
1400.827,8706281,2,1,-82.4,0,0,4859,4941,82,0,-4
1400.914,8706369,2,1,-82.4,0,0,4859,4941,82,0,-4
1401.014,8706469,2,1,-82.4,0,0,4859,4941,82,0,-4
1401.115,8706569,2,1,-82.4,0,0,4859,4941,82,0,-4
1401.227,8706681,3,1,-82.4,0,0,4859,4941,82,0,-4
1401.314,8706769,3,1,-82.4,0,0,4859,4941,82,0,-4
1401.414,8706869,3,1,-82.4,0,0,4859,4941,82,0,-4
1401.514,8706969,3,1,-82.4,0,0,4859,4941,82,0,-4
1401.614,8707069,3,1,-82.4,0,0,4859,4941,82,0,-4
1401.714,8707169,3,1,-82.4,0,0,4859,4941,82,0,-4
1401.814,8707269,3,1,-82.4,0,0,4859,4941,82,0,-4
1401.915,8707369,3,1,-82.4,0,0,4859,4941,82,0,-4
1402.014,8707469,3,1,-82.4,0,0,4859,4941,82,0,-4
1402.114,8707569,3,1,-82.4,0,0,4859,4941,82,0,-4
1402.214,8707669,3,1,-82.4,0,0,4859,4941,82,0,-4
1402.314,8707769,3,1,-82.4,0,0,4859,4941,82,0,-4
1402.414,8707869,3,1,-82.4,0,0,4859,4941,82,0,-4
1402.514,8707969,3,1,-82.4,0,0,4859,4941,82,0,-4
1402.614,8708069,3,1,-82.4,0,0,4859,4941,82,0,-4
1402.715,8708169,3,1,-82.4,0,0,4859,4941,82,0,-4
1402.814,8708269,3,1,-82.4,0,0,4859,4941,82,0,-4
1402.914,8708369,3,1,-82.4,0,0,4859,4941,82,0,-4
1403.014,8708469,3,1,-82.4,0,0,4859,4941,82,0,-4
1403.116,8708569,3,1,-82.4,0,0,4859,4941,82,0,-4
1403.227,8708681,3,1,-82.4,0,0,4859,4941,82,0,-4
1403.314,8708769,3,1,-82.4,0,0,4859,4941,82,0,-4
1403.414,8708869,3,1,-82.4,0,0,4859,4941,82,0,-4
1403.515,8708969,3,1,-82.4,0,0,4859,4941,82,0,-4
1403.614,8709069,3,1,-82.4,0,0,4859,4941,82,0,-4
1403.714,8709169,3,1,-82.4,0,0,4859,4941,82,0,-4
1403.814,8709269,3,1,-82.4,0,0,4859,4941,82,0,-4
1403.914,8709369,3,1,-82.4,0,0,4859,4941,82,0,-4
1404.028,8709481,2,1,-82.4,0,0,4859,4273,-586,70,-5
1404.115,8709569,2,1,-83.0,0,0,4841,4273,-568,70,-5
1404.214,8709669,2,1,-84.3,0,0,4793,4273,-520,70,-5
1404.315,8709769,2,1,-86.3,0,0,4728,4273,-455,70,-5
1404.414,8709869,2,1,-88.8,0,0,4645,4273,-372,70,-5
1404.514,8709969,2,1,-91.2,0,0,4565,4273,-292,70,-5
1404.615,8710069,2,1,-93.6,0,0,4485,4273,-212,70,-5
1404.714,8710169,2,1,-96.3,0,0,4394,4273,-121,70,-5
1404.814,8710269,2,1,-99.1,0,0,4299,4273,-26,70,-5
1404.914,8710369,2,1,-101.8,0,0,4211,4273,62,0,-5
1405.027,8710481,2,1,-103.4,0,0,4158,4273,115,0,-5
1405.114,8710569,2,1,-103.9,0,0,4141,4273,132,0,-5
1405.215,8710669,2,1,-103.9,0,0,4141,4273,132,0,-5
1405.314,8710769,2,1,-103.9,0,0,4141,4273,132,0,-5
1405.427,8710881,3,1,-103.9,0,0,4141,4273,132,0,-5
1405.515,8710969,3,1,-103.9,0,0,4141,4273,132,0,-5
1405.614,8711069,3,1,-103.9,0,0,4141,4273,132,0,-5
1405.714,8711169,3,1,-103.9,0,0,4141,4273,132,0,-5
1405.814,8711269,3,1,-103.9,0,0,4141,4273,132,0,-5
1405.914,8711369,3,1,-103.9,0,0,4141,4273,132,0,-5
1406.015,8711469,3,1,-103.9,0,0,4141,4273,132,0,-5
1406.114,8711569,3,1,-103.9,0,0,4141,4273,132,0,-5
1406.214,8711669,3,1,-103.9,0,0,4141,4273,132,0,-5
1406.315,8711769,3,1,-103.9,0,0,4141,4273,132,0,-5
1406.414,8711869,3,1,-103.9,0,0,4141,4273,132,0,-5
1406.514,8711969,3,1,-103.9,0,0,4141,4273,132,0,-5
1406.614,8712069,3,1,-103.9,0,0,4141,4273,132,0,-5
1406.714,8712169,3,1,-103.9,0,0,4141,4273,132,0,-5
1406.814,8712269,3,1,-103.9,0,0,4141,4273,132,0,-5
1406.927,8712381,2,1,-103.9,0,0,4140,3605,-535,70,-6
1407.014,8712469,2,1,-104.6,0,0,4117,3605,-512,70,-6
1407.115,8712569,2,1,-106.2,0,0,4064,3605,-459,70,-6
1407.214,8712669,2,1,-108.6,0,0,3985,3605,-380,70,-6
1407.315,8712769,2,1,-111.0,0,0,3904,3605,-299,70,-6
1407.415,8712869,2,1,-113.8,0,0,3810,3605,-205,70,-6
1407.514,8712969,2,1,-116.8,0,0,3711,3605,-106,70,-6
1407.618,8713069,2,1,-119.8,0,0,3609,3605,-4,70,-6
1407.714,8713169,2,1,-122.4,0,0,3522,3605,83,0,-6
1407.814,8713269,2,1,-124.1,0,0,3467,3605,138,0,-6
1407.928,8713381,2,1,-124.8,0,0,3445,3605,160,0,-6
1408.014,8713469,2,1,-124.7,0,0,3446,3605,159,0,-6
1408.114,8713569,2,1,-124.7,0,0,3446,3605,159,0,-6
1408.214,8713669,2,1,-124.7,0,0,3446,3605,159,0,-6
1408.327,8713781,3,1,-124.7,0,0,3446,3605,159,0,-6
1408.414,8713869,3,1,-124.7,0,0,3446,3605,159,0,-6
1408.514,8713969,3,1,-124.7,0,0,3446,3605,159,0,-6
1408.614,8714069,3,1,-124.7,0,0,3446,3605,159,0,-6
1408.714,8714169,3,1,-124.7,0,0,3446,3605,159,0,-6
1408.814,8714269,3,1,-124.7,0,0,3446,3605,159,0,-6
1408.914,8714369,3,1,-124.7,0,0,3446,3605,159,0,-6
1409.014,8714469,3,1,-124.7,0,0,3446,3605,159,0,-6
1409.114,8714569,3,1,-124.7,0,0,3446,3605,159,0,-6
1409.214,8714669,3,1,-124.7,0,0,3446,3605,159,0,-6
1409.314,8714769,3,1,-124.7,0,0,3446,3605,159,0,-6
1409.414,8714869,3,1,-124.7,0,0,3446,3605,159,0,-6
1409.514,8714969,3,1,-124.7,0,0,3446,3605,159,0,-6
1409.615,8715069,3,1,-124.7,0,0,3446,3605,159,0,-6
1409.714,8715169,3,1,-124.7,0,0,3446,3605,159,0,-6
1409.827,8715281,2,1,-124.8,0,0,3445,2938,-507,70,-7
1409.914,8715369,2,1,-125.6,0,0,3416,2938,-478,70,-7
1410.014,8715469,2,1,-127.5,0,0,3353,2938,-415,70,-7
1410.115,8715569,2,1,-129.8,0,0,3277,2938,-339,70,-7
1410.215,8715669,2,1,-132.4,0,0,3190,2938,-252,70,-7
1410.315,8715769,2,1,-135.2,0,0,3094,2938,-156,70,-7
1410.414,8715869,2,1,-138.2,0,0,2994,2938,-56,70,-7
1410.514,8715969,2,1,-141.2,0,0,2894,2938,44,0,-7
1410.614,8716069,2,1,-143.4,0,0,2823,2938,115,0,-7
1410.714,8716169,2,1,-144.6,0,0,2781,2938,157,0,-7
1410.827,8716281,2,1,-145.0,0,0,2770,2938,168,0,-7
1410.913,8716369,2,1,-145.0,0,0,2770,2938,168,0,-7
1411.015,8716469,2,1,-145.0,0,0,2770,2938,168,0,-7
1411.129,8716581,3,1,-145.0,0,0,2770,2938,168,0,-7
1411.214,8716669,3,1,-145.0,0,0,2770,2938,168,0,-7
1411.314,8716769,3,1,-145.0,0,0,2770,2938,168,0,-7
1411.414,8716869,3,1,-145.0,0,0,2770,2938,168,0,-7
1411.514,8716969,3,1,-145.0,0,0,2770,2938,168,0,-7
1411.614,8717069,3,1,-145.0,0,0,2770,2938,168,0,-7
1411.714,8717169,3,1,-145.0,0,0,2770,2938,168,0,-7
1411.814,8717269,3,1,-145.0,0,0,2770,2938,168,0,-7
1411.913,8717369,3,1,-145.0,0,0,2770,2938,168,0,-7
1412.018,8717469,3,1,-145.0,0,0,2770,2938,168,0,-7
1412.113,8717569,3,1,-145.0,0,0,2770,2938,168,0,-7
1412.214,8717669,3,1,-145.0,0,0,2770,2938,168,0,-7
1412.314,8717769,3,1,-145.0,0,0,2770,2938,168,0,-7
1412.414,8717869,3,1,-145.0,0,0,2770,2938,168,0,-7
1412.514,8717969,3,1,-145.0,0,0,2770,2938,168,0,-7
1412.613,8718069,3,1,-145.0,0,0,2770,2938,168,0,-7
1412.714,8718169,3,1,-145.0,0,0,2770,2938,168,0,-7
1412.813,8718269,3,1,-145.0,0,0,2770,2938,168,0,-7
1412.914,8718369,3,1,-145.0,0,0,2770,2938,168,0,-7
1413.014,8718469,3,1,-145.0,0,0,2770,2938,168,0,-7
1413.130,8718581,3,1,-145.0,0,0,2770,2938,168,0,-7
1413.214,8718669,3,1,-145.0,0,0,2770,2938,168,0,-7
1413.314,8718769,3,1,-145.0,0,0,2770,2938,168,0,-7
1413.424,8718869,3,1,-145.0,0,0,2770,2938,168,0,-7
1413.514,8718969,3,1,-145.0,0,0,2770,2938,168,0,-7
1413.613,8719069,3,1,-145.0,0,0,2770,2938,168,0,-7
1413.714,8719169,3,1,-145.0,0,0,2770,2938,168,0,-7
1413.813,8719269,3,1,-145.0,0,0,2770,2938,168,0,-7
1413.914,8719369,3,1,-145.0,0,0,2770,2938,168,0,-7
1414.013,8719469,3,1,-145.0,0,0,2770,2938,168,0,-7
1414.114,8719569,3,1,-145.0,0,0,2770,2938,168,0,-7
1414.214,8719669,3,1,-145.0,0,0,2770,2938,168,0,-7
1414.314,8719769,3,1,-145.0,0,0,2770,2938,168,0,-7
1414.413,8719869,3,1,-145.0,0,0,2770,2938,168,0,-7
1414.513,8719969,3,1,-145.0,0,0,2770,2938,168,0,-7
1414.614,8720069,3,1,-145.0,0,0,2770,2938,168,0,-7
1414.714,8720169,3,1,-145.0,0,0,2770,2938,168,0,-7
1414.814,8720269,3,1,-145.0,0,0,2770,2938,168,0,-7
1414.915,8720369,3,1,-145.0,0,0,2770,2938,168,0,-7
1415.014,8720469,3,1,-145.0,0,0,2770,2938,168,0,-7
1415.126,8720581,3,1,-145.0,0,0,2770,2938,168,0,-7
1415.214,8720669,3,1,-145.0,0,0,2770,2938,168,0,-7
1415.314,8720769,3,1,-145.0,0,0,2770,2938,168,0,-7
1415.414,8720869,3,1,-145.0,0,0,2770,2938,168,0,-7
1415.514,8720969,3,1,-145.0,0,0,2770,2938,168,0,-7
1415.614,8721069,3,1,-145.0,0,0,2770,2938,168,0,-7
1415.713,8721169,3,1,-145.0,0,0,2770,2938,168,0,-7
1415.814,8721269,3,1,-145.0,0,0,2770,2938,168,0,-7
1415.914,8721369,3,1,-145.0,0,0,2770,2938,168,0,-7
1416.014,8721469,3,1,-145.0,0,0,2770,2938,168,0,-7
1416.114,8721569,3,1,-145.0,0,0,2770,2938,168,0,-7
1416.214,8721669,3,1,-145.0,0,0,2770,2938,168,0,-7
1416.316,8721769,3,1,-145.0,0,0,2770,2938,168,0,-7
1416.413,8721869,3,1,-145.0,0,0,2770,2938,168,0,-7
1416.514,8721969,3,1,-145.0,0,0,2770,2938,168,0,-7
1416.614,8722069,3,1,-145.0,0,0,2770,2938,168,0,-7
1416.714,8722169,3,1,-145.0,0,0,2770,2938,168,0,-7
1416.814,8722269,3,1,-145.0,0,0,2770,2938,168,0,-7
1416.913,8722369,3,1,-145.0,0,0,2770,2938,168,0,-7
1417.014,8722469,3,1,-145.0,0,0,2770,2938,168,0,-7
1417.127,8722581,3,1,-145.0,0,0,2770,2938,168,0,-7
1417.217,8722669,3,1,-145.0,0,0,2770,2938,168,0,-7
1417.313,8722769,3,1,-145.0,0,0,2770,2938,168,0,-7
1417.413,8722869,3,1,-145.0,0,0,2770,2938,168,0,-7
1417.513,8722969,3,1,-145.0,0,0,2770,2938,168,0,-7
1417.613,8723069,3,1,-145.0,0,0,2770,2938,168,0,-7
1417.717,8723169,3,1,-145.0,0,0,2770,2938,168,0,-7
1417.820,8723269,3,1,-145.0,0,0,2770,2938,168,0,-7
1417.913,8723369,3,1,-145.0,0,0,2770,2938,168,0,-7
1418.013,8723469,3,1,-145.0,0,0,2770,2938,168,0,-7
1418.113,8723569,3,1,-145.0,0,0,2770,2938,168,0,-7
1418.213,8723669,3,1,-145.0,0,0,2770,2938,168,0,-7
1418.322,8723769,3,1,-145.0,0,0,2770,2938,168,0,-7
1418.413,8723869,3,1,-145.0,0,0,2770,2938,168,0,-7
1418.514,8723969,3,1,-145.0,0,0,2770,2938,168,0,-7
1418.613,8724069,3,1,-145.0,0,0,2770,2938,168,0,-7
1418.713,8724169,3,1,-145.0,0,0,2770,2938,168,0,-7
1418.813,8724269,3,1,-145.0,0,0,2770,2938,168,0,-7
1418.913,8724369,3,1,-145.0,0,0,2770,2938,168,0,-7
1419.014,8724469,3,1,-145.0,0,0,2770,2938,168,0,-7
1419.129,8724581,3,1,-145.0,0,0,2770,2938,168,0,-7
1419.214,8724669,3,1,-145.0,0,0,2770,2938,168,0,-7
1419.313,8724769,3,1,-145.0,0,0,2770,2938,168,0,-7
1419.414,8724869,3,1,-145.0,0,0,2770,2938,168,0,-7
1419.514,8724969,3,1,-145.0,0,0,2770,2938,168,0,-7
1419.613,8725069,3,1,-145.0,0,0,2770,2938,168,0,-7
1419.713,8725169,3,1,-145.0,0,0,2770,2938,168,0,-7
1419.814,8725269,3,1,-145.0,0,0,2770,2938,168,0,-7
1419.913,8725369,3,1,-145.0,0,0,2770,2938,168,0,-7
1420.014,8725469,3,1,-145.0,0,0,2770,2938,168,0,-7
1420.114,8725569,3,1,-145.0,0,0,2770,2938,168,0,-7
1420.214,8725669,3,1,-145.0,0,0,2770,2938,168,0,-7
1420.315,8725769,3,1,-145.0,0,0,2770,2938,168,0,-7
1420.413,8725869,3,1,-145.0,0,0,2770,2938,168,0,-7
1420.513,8725969,3,1,-145.0,0,0,2770,2938,168,0,-7
1420.614,8726069,3,1,-145.0,0,0,2770,2938,168,0,-7
1420.713,8726169,3,1,-145.0,0,0,2770,2938,168,0,-7
1420.813,8726269,3,1,-145.0,0,0,2770,2938,168,0,-7
1420.914,8726369,3,1,-145.0,0,0,2770,2938,168,0,-7
1421.013,8726469,3,1,-145.0,0,0,2770,2938,168,0,-7
1421.128,8726581,3,1,-145.0,0,0,2770,2938,168,0,-7
1421.213,8726669,3,1,-145.0,0,0,2770,2938,168,0,-7
1421.313,8726769,3,1,-145.0,0,0,2770,2938,168,0,-7
1421.413,8726869,3,1,-145.0,0,0,2770,2938,168,0,-7
1421.513,8726969,3,1,-145.0,0,0,2770,2938,168,0,-7
1421.613,8727069,3,1,-145.0,0,0,2770,2938,168,0,-7
1421.713,8727169,3,1,-145.0,0,0,2770,2938,168,0,-7
1421.813,8727269,3,1,-145.0,0,0,2770,2938,168,0,-7
1421.914,8727369,3,1,-145.0,0,0,2770,2938,168,0,-7
1422.013,8727469,3,1,-145.0,0,0,2770,2938,168,0,-7
1422.113,8727569,3,1,-145.0,0,0,2770,2938,168,0,-7
1422.214,8727669,3,1,-145.0,0,0,2770,2938,168,0,-7
1422.314,8727769,3,1,-145.0,0,0,2770,2938,168,0,-7
1422.413,8727869,3,1,-145.0,0,0,2770,2938,168,0,-7
1422.513,8727969,3,1,-145.0,0,0,2770,2938,168,0,-7
1422.613,8728069,3,1,-145.0,0,0,2770,2938,168,0,-7
1422.713,8728169,3,1,-145.0,0,0,2770,2938,168,0,-7
1422.813,8728269,3,1,-145.0,0,0,2770,2938,168,0,-7
1422.913,8728369,3,1,-145.0,0,0,2770,2938,168,0,-7
1423.013,8728469,3,1,-145.0,0,0,2770,2938,168,0,-7
1423.127,8728581,2,1,-145.0,0,0,2769,2270,-499,70,-8
1423.214,8728669,2,1,-145.9,0,0,2737,2270,-467,70,-8
1423.314,8728769,2,1,-147.9,0,0,2671,2270,-401,70,-8
1423.414,8728869,2,1,-150.1,0,0,2600,2270,-330,70,-8
1423.513,8728969,2,1,-152.7,0,0,2512,2270,-242,70,-8
1423.613,8729069,2,1,-155.7,0,0,2413,2270,-143,70,-8
1423.713,8729169,2,1,-158.9,0,0,2306,2270,-36,70,-8
1423.813,8729269,2,1,-162.0,0,0,2201,2270,69,0,-8
1423.914,8729369,2,1,-164.3,0,0,2125,2270,145,0,-8
1424.016,8729469,2,1,-165.7,0,0,2077,2270,193,0,-8
1424.127,8729581,2,1,-166.3,0,0,2059,2270,211,0,-8
1424.213,8729669,2,1,-166.3,0,0,2059,2270,211,0,-8
1424.313,8729769,2,1,-166.3,0,0,2059,2270,211,0,-8
1424.426,8729881,3,1,-166.3,0,0,2059,2270,211,0,-8
1424.513,8729969,3,1,-166.3,0,0,2059,2270,211,0,-8
1424.613,8730069,3,1,-166.3,0,0,2059,2270,211,0,-8
1424.718,8730169,3,1,-166.3,0,0,2059,2270,211,0,-8
1424.812,8730269,3,1,-166.3,0,0,2059,2270,211,0,-8
1424.913,8730369,3,1,-166.3,0,0,2059,2270,211,0,-8
1425.013,8730469,3,1,-166.3,0,0,2059,2270,211,0,-8
1425.113,8730569,3,1,-166.3,0,0,2059,2270,211,0,-8
1425.213,8730669,3,1,-166.3,0,0,2059,2270,211,0,-8
1425.313,8730769,3,1,-166.3,0,0,2059,2270,211,0,-8
1425.413,8730869,3,1,-166.3,0,0,2059,2270,211,0,-8
1425.514,8730969,3,1,-166.3,0,0,2059,2270,211,0,-8
1425.613,8731069,3,1,-166.3,0,0,2059,2270,211,0,-8
1425.713,8731169,3,1,-166.3,0,0,2059,2270,211,0,-8
1425.813,8731269,3,1,-166.3,0,0,2059,2270,211,0,-8
1425.913,8731369,3,1,-166.3,0,0,2059,2270,211,0,-8
1426.013,8731469,3,1,-166.3,0,0,2059,2270,211,0,-8
1426.118,8731569,3,1,-166.3,0,0,2059,2270,211,0,-8
1426.213,8731669,3,1,-166.3,0,0,2059,2270,211,0,-8
1426.315,8731769,3,1,-166.3,0,0,2059,2270,211,0,-8
1426.426,8731881,3,1,-166.3,0,0,2059,2270,211,0,-8
1426.513,8731969,3,1,-166.3,0,0,2059,2270,211,0,-8
1426.613,8732069,3,1,-166.3,0,0,2059,2270,211,0,-8
1426.713,8732169,3,1,-166.3,0,0,2059,2270,211,0,-8
1426.813,8732269,3,1,-166.3,0,0,2059,2270,211,0,-8
1426.913,8732369,3,1,-166.3,0,0,2059,2270,211,0,-8
1427.013,8732469,3,1,-166.3,0,0,2059,2270,211,0,-8
1427.113,8732569,3,1,-166.3,0,0,2059,2270,211,0,-8
1427.213,8732669,3,1,-166.3,0,0,2059,2270,211,0,-8
1427.313,8732769,3,1,-166.3,0,0,2059,2270,211,0,-8
1427.413,8732869,3,1,-166.3,0,0,2059,2270,211,0,-8
1427.513,8732969,3,1,-166.3,0,0,2059,2270,211,0,-8
1427.613,8733069,3,1,-166.3,0,0,2059,2270,211,0,-8
1427.712,8733169,3,1,-166.3,0,0,2059,2270,211,0,-8
1427.821,8733269,3,1,-166.3,0,0,2059,2270,211,0,-8
1427.913,8733369,3,1,-166.3,0,0,2059,2270,211,0,-8
1428.013,8733469,3,1,-166.3,0,0,2059,2270,211,0,-8
1428.113,8733569,3,1,-166.3,0,0,2059,2270,211,0,-8
1428.213,8733669,3,1,-166.3,0,0,2059,2270,211,0,-8
1428.313,8733769,3,1,-166.3,0,0,2059,2270,211,0,-8
1428.426,8733881,3,1,-166.3,0,0,2059,2270,211,0,-8
1428.513,8733969,3,1,-166.3,0,0,2059,2270,211,0,-8
1428.613,8734069,3,1,-166.3,0,0,2059,2270,211,0,-8
1428.713,8734169,3,1,-166.3,0,0,2059,2270,211,0,-8
1428.813,8734269,3,1,-166.3,0,0,2059,2270,211,0,-8
1428.913,8734369,3,1,-166.3,0,0,2059,2270,211,0,-8
1429.013,8734469,3,1,-166.3,0,0,2059,2270,211,0,-8
1429.113,8734569,3,1,-166.3,0,0,2059,2270,211,0,-8
1429.213,8734669,3,1,-166.3,0,0,2059,2270,211,0,-8
1429.313,8734769,3,1,-166.3,0,0,2059,2270,211,0,-8
1429.412,8734869,3,1,-166.3,0,0,2059,2270,211,0,-8
1429.513,8734969,3,1,-166.3,0,0,2059,2270,211,0,-8
1429.613,8735069,3,1,-166.3,0,0,2059,2270,211,0,-8
1429.713,8735169,3,1,-166.3,0,0,2059,2270,211,0,-8
1429.812,8735269,3,1,-166.3,0,0,2059,2270,211,0,-8
1429.913,8735369,3,1,-166.3,0,0,2059,2270,211,0,-8
1430.013,8735469,3,1,-166.3,0,0,2059,2270,211,0,-8
1430.113,8735569,3,1,-166.3,0,0,2059,2270,211,0,-8
1430.213,8735669,3,1,-166.3,0,0,2059,2270,211,0,-8
1430.313,8735769,3,1,-166.3,0,0,2059,2270,211,0,-8
1430.425,8735881,3,1,-166.3,0,0,2059,2270,211,0,-8
1430.526,8735981,2,1,-166.3,0,0,2058,1602,-456,70,-9
1430.613,8736069,2,1,-167.3,0,0,2026,1602,-424,70,-9
1430.713,8736169,2,1,-169.5,0,0,1950,1602,-348,70,-9
1430.813,8736269,2,1,-171.7,0,0,1876,1602,-274,70,-9
1430.913,8736369,2,1,-174.5,0,0,1784,1602,-182,70,-9
1431.013,8736469,2,1,-177.5,0,0,1682,1602,-80,70,-9
1431.113,8736569,2,1,-180.7,0,0,1576,1602,26,0,-9
1431.213,8736669,2,1,-183.3,0,0,1489,1602,113,0,-9
1431.319,8736769,2,1,-185.1,0,0,1429,1602,173,0,-9
1431.413,8736869,2,1,-186.1,0,0,1397,1602,205,0,-9
1431.528,8736981,2,1,-186.2,0,0,1392,1602,210,0,-9
1431.613,8737069,2,1,-186.2,0,0,1392,1602,210,0,-9
1431.713,8737169,2,1,-186.2,0,0,1392,1602,210,0,-9
1431.825,8737281,3,1,-186.2,0,0,1392,1602,210,0,-9
1431.913,8737369,3,1,-186.2,0,0,1392,1602,210,0,-9
1432.013,8737469,3,1,-186.2,0,0,1392,1602,210,0,-9
1432.113,8737569,3,1,-186.2,0,0,1392,1602,210,0,-9
1432.213,8737669,3,1,-186.2,0,0,1392,1602,210,0,-9
1432.313,8737769,3,1,-186.2,0,0,1392,1602,210,0,-9
1432.413,8737869,3,1,-186.2,0,0,1392,1602,210,0,-9
1432.513,8737969,3,1,-186.2,0,0,1392,1602,210,0,-9
1432.612,8738069,3,1,-186.2,0,0,1392,1602,210,0,-9
1432.713,8738169,3,1,-186.2,0,0,1392,1602,210,0,-9
1432.812,8738269,3,1,-186.2,0,0,1392,1602,210,0,-9
1432.912,8738369,3,1,-186.2,0,0,1392,1602,210,0,-9
1433.012,8738469,3,1,-186.2,0,0,1392,1602,210,0,-9
1433.112,8738569,3,1,-186.2,0,0,1392,1602,210,0,-9
1433.213,8738669,3,1,-186.2,0,0,1392,1602,210,0,-9
1433.315,8738769,3,1,-186.2,0,0,1392,1602,210,0,-9
1433.412,8738869,3,1,-186.2,0,0,1392,1602,210,0,-9
1433.512,8738969,3,1,-186.2,0,0,1392,1602,210,0,-9
1433.612,8739069,3,1,-186.2,0,0,1392,1602,210,0,-9
1433.713,8739169,3,1,-186.2,0,0,1392,1602,210,0,-9
1433.825,8739281,3,1,-186.2,0,0,1392,1602,210,0,-9
1433.913,8739369,3,1,-186.2,0,0,1392,1602,210,0,-9
1434.013,8739469,3,1,-186.2,0,0,1392,1602,210,0,-9
1434.113,8739569,3,1,-186.2,0,0,1392,1602,210,0,-9
1434.213,8739669,3,1,-186.2,0,0,1392,1602,210,0,-9
1434.313,8739769,3,1,-186.2,0,0,1392,1602,210,0,-9
1434.413,8739869,3,1,-186.3,0,0,1391,1602,211,0,-9
1434.513,8739969,3,1,-186.3,0,0,1391,1602,211,0,-9
1434.615,8740069,3,1,-186.3,0,0,1391,1602,211,0,-9
1434.712,8740169,3,1,-186.3,0,0,1391,1602,211,0,-9
1434.813,8740269,3,1,-186.3,0,0,1391,1602,211,0,-9
1434.913,8740369,3,1,-186.3,0,0,1391,1602,211,0,-9
1435.012,8740469,3,1,-186.3,0,0,1391,1602,211,0,-9
1435.113,8740569,3,1,-186.3,0,0,1391,1602,211,0,-9
1435.212,8740669,3,1,-186.3,0,0,1391,1602,211,0,-9
1435.315,8740769,3,1,-186.3,0,0,1391,1602,211,0,-9
1435.413,8740869,3,1,-186.3,0,0,1391,1602,211,0,-9
1435.514,8740969,3,1,-186.3,0,0,1391,1602,211,0,-9
1435.613,8741069,3,1,-186.3,0,0,1391,1602,211,0,-9
1435.713,8741169,3,1,-186.3,0,0,1391,1602,211,0,-9
1435.825,8741281,3,1,-186.3,0,0,1391,1602,211,0,-9
1435.912,8741369,3,1,-186.3,0,0,1391,1602,211,0,-9
1436.013,8741469,3,1,-186.3,0,0,1391,1602,211,0,-9
1436.113,8741569,3,1,-186.3,0,0,1391,1602,211,0,-9
1436.213,8741669,3,1,-186.3,0,0,1391,1602,211,0,-9
1436.312,8741769,3,1,-186.3,0,0,1391,1602,211,0,-9
1436.412,8741869,3,1,-186.3,0,0,1391,1602,211,0,-9
1436.513,8741969,3,1,-186.3,0,0,1391,1602,211,0,-9
1436.613,8742069,3,1,-186.3,0,0,1391,1602,211,0,-9
1436.712,8742169,3,1,-186.3,0,0,1391,1602,211,0,-9
1436.812,8742269,3,1,-186.3,0,0,1391,1602,211,0,-9
1436.913,8742369,3,1,-186.3,0,0,1391,1602,211,0,-9
1437.013,8742469,3,1,-186.3,0,0,1391,1602,211,0,-9
1437.112,8742569,3,1,-186.3,0,0,1391,1602,211,0,-9
1437.213,8742669,3,1,-186.3,0,0,1391,1602,211,0,-9
1437.313,8742769,3,1,-186.3,0,0,1391,1602,211,0,-9
1437.413,8742869,3,1,-186.3,0,0,1391,1602,211,0,-9
1437.512,8742969,3,1,-186.3,0,0,1391,1602,211,0,-9
1437.616,8743069,3,1,-186.3,0,0,1391,1602,211,0,-9
1437.712,8743169,3,1,-186.3,0,0,1391,1602,211,0,-9
1437.825,8743281,3,1,-186.3,0,0,1391,1602,211,0,-9
1437.912,8743369,3,1,-186.3,0,0,1391,1602,211,0,-9
1438.013,8743469,3,1,-186.3,0,0,1391,1602,211,0,-9
1438.112,8743569,3,1,-186.3,0,0,1391,1602,211,0,-9
1438.214,8743669,3,1,-186.3,0,0,1391,1602,211,0,-9
1438.312,8743769,3,1,-186.3,0,0,1391,1602,211,0,-9
1438.412,8743869,3,1,-186.3,0,0,1391,1602,211,0,-9
1438.513,8743969,3,1,-186.3,0,0,1391,1602,211,0,-9
1438.612,8744069,3,1,-186.3,0,0,1391,1602,211,0,-9
1438.712,8744169,3,1,-186.3,0,0,1391,1602,211,0,-9
1438.812,8744269,3,1,-186.3,0,0,1391,1602,211,0,-9
1438.915,8744369,3,1,-186.3,0,0,1391,1602,211,0,-9
1439.012,8744469,3,1,-186.3,0,0,1391,1602,211,0,-9
1439.112,8744569,3,1,-186.3,0,0,1391,1602,211,0,-9
1439.213,8744669,3,1,-186.3,0,0,1391,1602,211,0,-9
1439.312,8744769,3,1,-186.3,0,0,1391,1602,211,0,-9
1439.413,8744869,3,1,-186.3,0,0,1391,1602,211,0,-9
1439.512,8744969,3,1,-186.3,0,0,1391,1602,211,0,-9
1439.612,8745069,3,1,-186.3,0,0,1391,1602,211,0,-9
1439.712,8745169,3,1,-186.3,0,0,1391,1602,211,0,-9
1439.825,8745281,3,1,-186.3,0,0,1391,1602,211,0,-9
1439.913,8745369,3,1,-186.3,0,0,1391,1602,211,0,-9
1440.013,8745469,3,1,-186.3,0,0,1391,1602,211,0,-9
1440.113,8745569,3,1,-186.3,0,0,1391,1602,211,0,-9
1440.213,8745669,3,1,-186.3,0,0,1391,1602,211,0,-9
1440.312,8745769,3,1,-186.3,0,0,1391,1602,211,0,-9
1440.412,8745869,3,1,-186.3,0,0,1391,1602,211,0,-9
1440.513,8745969,3,1,-186.3,0,0,1391,1602,211,0,-9
1440.612,8746069,3,1,-186.3,0,0,1391,1602,211,0,-9
1440.712,8746169,3,1,-186.3,0,0,1391,1602,211,0,-9
1440.812,8746269,3,1,-186.3,0,0,1391,1602,211,0,-9
1440.912,8746369,3,1,-186.3,0,0,1391,1602,211,0,-9
1441.012,8746469,3,1,-186.3,0,0,1391,1602,211,0,-9
1441.112,8746569,3,1,-186.3,0,0,1391,1602,211,0,-9
1441.212,8746669,3,1,-186.3,0,0,1391,1602,211,0,-9
1441.312,8746769,3,1,-186.3,0,0,1391,1602,211,0,-9
1441.412,8746869,3,1,-186.3,0,0,1391,1602,211,0,-9
1441.512,8746969,3,1,-186.3,0,0,1391,1602,211,0,-9
1441.612,8747069,3,1,-186.3,0,0,1391,1602,211,0,-9
1441.712,8747169,3,1,-186.3,0,0,1391,1602,211,0,-9
1441.824,8747281,3,1,-186.3,0,0,1391,1602,211,0,-9
1441.912,8747369,3,1,-186.3,0,0,1391,1602,211,0,-9
1442.012,8747469,3,1,-186.3,0,0,1391,1602,211,0,-9
1442.112,8747569,3,1,-186.3,0,0,1391,1602,211,0,-9
1442.213,8747669,3,1,-186.3,0,0,1391,1602,211,0,-9
1442.312,8747769,3,1,-186.3,0,0,1391,1602,211,0,-9
1442.412,8747869,3,1,-186.3,0,0,1391,1602,211,0,-9
1442.512,8747969,3,1,-186.3,0,0,1391,1602,211,0,-9
1442.612,8748069,3,1,-186.3,0,0,1391,1602,211,0,-9
1442.712,8748169,3,1,-186.3,0,0,1391,1602,211,0,-9
1442.812,8748269,3,1,-186.3,0,0,1391,1602,211,0,-9
1442.912,8748369,3,1,-186.3,0,0,1391,1602,211,0,-9
1443.015,8748469,3,1,-186.3,0,0,1391,1602,211,0,-9
1443.112,8748569,3,1,-186.3,0,0,1391,1602,211,0,-9
1443.212,8748669,3,1,-186.3,0,0,1391,1602,211,0,-9
1443.312,8748769,3,1,-186.3,0,0,1391,1602,211,0,-9
1443.412,8748869,3,1,-186.3,0,0,1391,1602,211,0,-9
1443.512,8748969,3,1,-186.3,0,0,1391,1602,211,0,-9
1443.612,8749069,3,1,-186.3,0,0,1391,1602,211,0,-9
1443.712,8749169,3,1,-186.3,0,0,1391,1602,211,0,-9
1443.825,8749281,3,1,-186.3,0,0,1391,1602,211,0,-9
1443.912,8749369,3,1,-186.3,0,0,1391,1602,211,0,-9
1444.012,8749469,3,1,-186.3,0,0,1391,1602,211,0,-9
1444.118,8749569,3,1,-186.3,0,0,1391,1602,211,0,-9
1444.212,8749669,3,1,-186.3,0,0,1391,1602,211,0,-9
1444.312,8749769,3,1,-186.3,0,0,1391,1602,211,0,-9
1444.412,8749869,3,1,-186.3,0,0,1391,1602,211,0,-9
1444.512,8749969,3,1,-186.3,0,0,1391,1602,211,0,-9
1444.612,8750069,3,1,-186.3,0,0,1391,1602,211,0,-9
1444.711,8750169,3,1,-186.3,0,0,1391,1602,211,0,-9
1444.811,8750269,3,1,-186.3,0,0,1391,1602,211,0,-9
1444.912,8750369,3,1,-186.3,0,0,1391,1602,211,0,-9
1445.011,8750469,3,1,-186.3,0,0,1391,1602,211,0,-9
1445.112,8750569,3,1,-186.3,0,0,1391,1602,211,0,-9
1445.212,8750669,3,1,-186.3,0,0,1391,1602,211,0,-9
1445.312,8750769,3,1,-186.3,0,0,1391,1602,211,0,-9
1445.412,8750869,3,1,-186.3,0,0,1391,1602,211,0,-9
1445.511,8750969,3,1,-186.3,0,0,1391,1602,211,0,-9
1445.612,8751069,3,1,-186.3,0,0,1391,1602,211,0,-9
1445.714,8751169,3,1,-186.3,0,0,1391,1602,211,0,-9
1445.825,8751281,3,1,-186.3,0,0,1391,1602,211,0,-9
1445.912,8751369,3,1,-186.3,0,0,1391,1602,211,0,-9
1446.012,8751469,3,1,-186.3,0,0,1391,1602,211,0,-9
1446.112,8751569,3,1,-186.3,0,0,1391,1602,211,0,-9
1446.212,8751669,3,1,-186.3,0,0,1391,1602,211,0,-9
1446.313,8751769,3,1,-186.3,0,0,1391,1602,211,0,-9
1446.413,8751869,3,1,-186.3,0,0,1391,1602,211,0,-9
1446.513,8751969,3,1,-186.3,0,0,1391,1602,211,0,-9
1446.612,8752069,3,1,-186.3,0,0,1391,1602,211,0,-9
1446.711,8752169,3,1,-186.3,0,0,1391,1602,211,0,-9
1446.811,8752269,3,1,-186.3,0,0,1391,1602,211,0,-9
1446.912,8752369,3,1,-186.3,0,0,1391,1602,211,0,-9
1447.012,8752469,3,1,-186.3,0,0,1391,1602,211,0,-9
1447.112,8752569,3,1,-186.3,0,0,1391,1602,211,0,-9
1447.212,8752669,3,1,-186.3,0,0,1391,1602,211,0,-9
1447.314,8752769,3,1,-186.3,0,0,1391,1602,211,0,-9
1447.412,8752869,3,1,-186.3,0,0,1391,1602,211,0,-9
1447.511,8752969,3,1,-186.3,0,0,1391,1602,211,0,-9
1447.612,8753069,3,1,-186.3,0,0,1391,1602,211,0,-9
1447.712,8753169,3,1,-186.3,0,0,1391,1602,211,0,-9
1447.824,8753281,3,1,-186.3,0,0,1391,1602,211,0,-9
1447.911,8753369,3,1,-186.3,0,0,1391,1602,211,0,-9
1448.012,8753469,3,1,-186.3,0,0,1391,1602,211,0,-9
1448.112,8753569,3,1,-186.3,0,0,1391,1602,211,0,-9
1448.215,8753669,3,1,-186.3,0,0,1391,1602,211,0,-9
1448.312,8753769,3,1,-186.3,0,0,1391,1602,211,0,-9
1448.412,8753869,3,1,-186.3,0,0,1391,1602,211,0,-9
1448.512,8753969,3,1,-186.3,0,0,1391,1602,211,0,-9
1448.613,8754069,3,1,-186.3,0,0,1391,1602,211,0,-9
1448.711,8754169,3,1,-186.3,0,0,1391,1602,211,0,-9
1448.812,8754269,3,1,-186.3,0,0,1391,1602,211,0,-9
1448.912,8754369,3,1,-186.3,0,0,1391,1602,211,0,-9
1449.012,8754469,3,1,-186.3,0,0,1391,1602,211,0,-9
1449.111,8754569,3,1,-186.3,0,0,1391,1602,211,0,-9
1449.211,8754669,3,1,-186.3,0,0,1391,1602,211,0,-9
1449.312,8754769,3,1,-186.3,0,0,1391,1602,211,0,-9
1449.412,8754869,3,1,-186.3,0,0,1391,1602,211,0,-9
1449.512,8754969,3,1,-186.3,0,0,1391,1602,211,0,-9
1449.612,8755069,3,1,-186.3,0,0,1391,1602,211,0,-9
1449.711,8755169,3,1,-186.3,0,0,1391,1602,211,0,-9
1449.824,8755281,3,1,-186.3,0,0,1391,1602,211,0,-9
1449.911,8755369,3,1,-186.3,0,0,1391,1602,211,0,-9
1450.018,8755469,3,1,-186.3,0,0,1391,1602,211,0,-9
1450.112,8755569,3,1,-186.3,0,0,1391,1602,211,0,-9
1450.212,8755669,3,1,-186.3,0,0,1391,1602,211,0,-9
1450.312,8755769,3,1,-186.3,0,0,1391,1602,211,0,-9
1450.411,8755869,3,1,-186.3,0,0,1391,1602,211,0,-9
1450.512,8755969,3,1,-186.3,0,0,1391,1602,211,0,-9
1450.612,8756069,3,1,-186.3,0,0,1391,1602,211,0,-9
1450.711,8756169,3,1,-186.3,0,0,1391,1602,211,0,-9
1450.812,8756269,3,1,-186.3,0,0,1391,1602,211,0,-9
1450.912,8756369,3,1,-186.3,0,0,1391,1602,211,0,-9
1451.012,8756469,3,1,-186.3,0,0,1391,1602,211,0,-9
1451.112,8756569,3,1,-186.3,0,0,1391,1602,211,0,-9
1451.212,8756669,3,1,-186.3,0,0,1391,1602,211,0,-9
1451.312,8756769,3,1,-186.3,0,0,1391,1602,211,0,-9
1451.412,8756869,3,1,-186.3,0,0,1391,1602,211,0,-9
1451.512,8756969,3,1,-186.3,0,0,1391,1602,211,0,-9
1451.612,8757069,3,1,-186.3,0,0,1391,1602,211,0,-9
1451.711,8757169,3,1,-186.3,0,0,1391,1602,211,0,-9
1451.824,8757281,3,1,-186.3,0,0,1391,1602,211,0,-9
1451.911,8757369,3,1,-186.3,0,0,1391,1602,211,0,-9
1452.011,8757469,3,1,-186.3,0,0,1391,1602,211,0,-9
1452.111,8757569,3,1,-186.3,0,0,1391,1602,211,0,-9
1452.212,8757669,3,1,-186.3,0,0,1391,1602,211,0,-9
1452.312,8757769,3,1,-186.3,0,0,1391,1602,211,0,-9
1452.411,8757869,3,1,-186.3,0,0,1391,1602,211,0,-9
1452.511,8757969,3,1,-186.3,0,0,1391,1602,211,0,-9
1452.612,8758069,3,1,-186.3,0,0,1391,1602,211,0,-9
1452.711,8758169,3,1,-186.3,0,0,1391,1602,211,0,-9
1452.811,8758269,3,1,-186.3,0,0,1391,1602,211,0,-9
1452.911,8758369,3,1,-186.3,0,0,1391,1602,211,0,-9
1453.011,8758469,3,1,-186.3,0,0,1391,1602,211,0,-9
1453.111,8758569,3,1,-186.3,0,0,1391,1602,211,0,-9
1453.211,8758669,3,1,-186.3,0,0,1391,1602,211,0,-9
1453.313,8758769,3,1,-186.3,0,0,1391,1602,211,0,-9
1453.411,8758869,3,1,-186.3,0,0,1391,1602,211,0,-9
1453.512,8758969,3,1,-186.3,0,0,1391,1602,211,0,-9
1453.612,8759069,3,1,-186.3,0,0,1391,1602,211,0,-9
1453.711,8759169,3,1,-186.3,0,0,1391,1602,211,0,-9
1453.824,8759281,3,1,-186.3,0,0,1391,1602,211,0,-9
1453.911,8759369,3,1,-186.3,0,0,1391,1602,211,0,-9
1454.011,8759469,3,1,-186.3,0,0,1391,1602,211,0,-9
1454.111,8759569,3,1,-186.3,0,0,1391,1602,211,0,-9
1454.212,8759669,3,1,-186.3,0,0,1391,1602,211,0,-9
1454.317,8759769,3,1,-186.3,0,0,1391,1602,211,0,-9
1454.411,8759869,3,1,-186.3,0,0,1391,1602,211,0,-9
1454.514,8759969,3,1,-186.3,0,0,1391,1602,211,0,-9
1454.611,8760069,3,1,-186.3,0,0,1391,1602,211,0,-9
1454.711,8760169,3,1,-186.3,0,0,1391,1602,211,0,-9
1454.811,8760269,3,1,-186.3,0,0,1391,1602,211,0,-9
1454.911,8760369,3,1,-186.3,0,0,1391,1602,211,0,-9
1455.012,8760469,3,1,-186.3,0,0,1391,1602,211,0,-9
1455.111,8760569,3,1,-186.3,0,0,1391,1602,211,0,-9
1455.211,8760669,3,1,-186.3,0,0,1391,1602,211,0,-9
1455.312,8760769,3,1,-186.3,0,0,1391,1602,211,0,-9
1455.411,8760869,3,1,-186.3,0,0,1391,1602,211,0,-9
1455.512,8760969,3,1,-186.3,0,0,1391,1602,211,0,-9
1455.611,8761069,3,1,-186.3,0,0,1391,1602,211,0,-9
1455.711,8761169,3,1,-186.3,0,0,1391,1602,211,0,-9
1455.824,8761281,3,1,-186.3,0,0,1391,1602,211,0,-9
1455.911,8761369,3,1,-186.3,0,0,1391,1602,211,0,-9
1456.011,8761469,3,1,-186.3,0,0,1391,1602,211,0,-9
1456.114,8761569,3,1,-186.3,0,0,1391,1602,211,0,-9
1456.212,8761669,3,1,-186.3,0,0,1391,1602,211,0,-9
1456.312,8761769,3,1,-186.3,0,0,1391,1602,211,0,-9
1456.411,8761869,3,1,-186.3,0,0,1391,1602,211,0,-9
1456.511,8761969,3,1,-186.3,0,0,1391,1602,211,0,-9
1456.611,8762069,3,1,-186.3,0,0,1391,1602,211,0,-9
1456.711,8762169,3,1,-186.3,0,0,1391,1602,211,0,-9
1456.811,8762269,3,1,-186.3,0,0,1391,1602,211,0,-9
1456.911,8762369,3,1,-186.3,0,0,1391,1602,211,0,-9
1457.012,8762469,3,1,-186.3,0,0,1391,1602,211,0,-9
1457.111,8762569,3,1,-186.3,0,0,1391,1602,211,0,-9
1457.211,8762669,3,1,-186.3,0,0,1391,1602,211,0,-9
1457.311,8762769,3,1,-186.3,0,0,1391,1602,211,0,-9
1457.411,8762869,3,1,-186.3,0,0,1391,1602,211,0,-9
1457.524,8762981,2,1,-186.3,0,0,1391,934,-457,70,-10
1457.611,8763069,2,1,-187.7,0,0,1340,934,-406,70,-10
1457.711,8763169,2,1,-190.0,0,0,1267,934,-333,70,-10
1457.811,8763269,2,1,-192.5,0,0,1183,934,-249,70,-10
1457.911,8763369,2,1,-195.5,0,0,1083,934,-149,70,-10
1458.012,8763469,2,1,-198.7,0,0,975,934,-41,70,-10
1458.111,8763569,2,1,-201.9,0,0,869,934,65,0,-10
1458.212,8763669,2,1,-204.2,0,0,792,934,142,0,-10
1458.312,8763769,2,1,-205.6,0,0,745,934,189,0,-10
1458.411,8763869,2,1,-206.0,0,0,732,934,202,0,-10
1458.524,8763981,2,1,-206.0,0,0,732,934,202,0,-10
1458.611,8764069,2,1,-206.0,0,0,732,934,202,0,-10
1458.726,8764181,3,1,-206.0,0,0,732,934,202,0,-10
1458.811,8764269,3,1,-206.0,0,0,732,934,202,0,-10
1458.913,8764369,3,1,-206.0,0,0,732,934,202,0,-10
1459.012,8764469,3,1,-206.0,0,0,732,934,202,0,-10
1459.112,8764569,3,1,-206.0,0,0,732,934,202,0,-10
1459.213,8764669,3,1,-206.0,0,0,732,934,202,0,-10
1459.311,8764769,3,1,-206.0,0,0,732,934,202,0,-10
1459.411,8764869,3,1,-206.0,0,0,732,934,202,0,-10
1459.511,8764969,3,1,-206.0,0,0,732,934,202,0,-10
1459.611,8765069,3,1,-206.0,0,0,732,934,202,0,-10
1459.711,8765169,3,1,-206.0,0,0,732,934,202,0,-10
1459.811,8765269,3,1,-206.0,0,0,732,934,202,0,-10
1459.911,8765369,3,1,-206.0,0,0,732,934,202,0,-10
1460.011,8765469,3,1,-206.0,0,0,732,934,202,0,-10
1460.111,8765569,3,1,-206.0,0,0,732,934,202,0,-10
1460.211,8765669,3,1,-206.0,0,0,732,934,202,0,-10
1460.314,8765769,3,1,-206.0,0,0,732,934,202,0,-10
1460.411,8765869,3,1,-206.0,0,0,732,934,202,0,-10
1460.511,8765969,3,1,-206.0,0,0,732,934,202,0,-10
1460.611,8766069,3,1,-206.0,0,0,732,934,202,0,-10
1460.723,8766181,3,1,-206.0,0,0,732,934,202,0,-10
1460.810,8766269,3,1,-206.0,0,0,732,934,202,0,-10
1460.910,8766369,3,1,-206.0,0,0,732,934,202,0,-10
1461.011,8766469,3,1,-206.0,0,0,732,934,202,0,-10
1461.111,8766569,3,1,-206.0,0,0,732,934,202,0,-10
1461.211,8766669,3,1,-206.0,0,0,732,934,202,0,-10
1461.311,8766769,3,1,-206.0,0,0,732,934,202,0,-10
1461.411,8766869,3,1,-206.0,0,0,732,934,202,0,-10
1461.511,8766969,3,1,-206.0,0,0,732,934,202,0,-10
1461.611,8767069,3,1,-206.0,0,0,732,934,202,0,-10
1461.711,8767169,3,1,-206.0,0,0,732,934,202,0,-10
1461.812,8767269,3,1,-206.0,0,0,732,934,202,0,-10
1461.911,8767369,3,1,-206.0,0,0,732,934,202,0,-10
1462.024,8767481,2,1,-206.0,0,0,731,266,-465,70,-11
1462.111,8767569,2,1,-206.6,0,0,709,266,-443,70,-11
1462.210,8767669,2,1,-208.3,0,0,656,266,-390,70,-11
1462.311,8767769,2,1,-210.4,0,0,584,266,-318,70,-11
1462.410,8767869,2,1,-212.8,0,0,503,266,-237,70,-11
1462.510,8767969,2,1,-215.6,0,0,410,266,-144,70,-11
1462.610,8768069,2,1,-218.6,0,0,310,266,-44,70,-11
1462.710,8768169,2,1,-221.6,0,0,211,266,55,0,-11
1462.811,8768269,2,1,-223.6,0,0,142,266,124,0,-11
1462.910,8768369,2,1,-224.8,0,0,104,266,162,0,-11
1463.023,8768481,2,1,-225.1,0,0,95,266,171,0,-11
1463.110,8768569,2,1,-225.1,0,0,95,266,171,0,-11
1463.212,8768669,2,1,-225.1,0,0,95,266,171,0,-11
1463.323,8768781,3,1,-225.1,0,0,95,266,171,0,-11
1463.410,8768869,3,1,-225.1,0,0,95,266,171,0,-11
1463.512,8768969,3,1,-225.1,0,0,95,266,171,0,-11
1463.610,8769069,3,1,-225.1,0,0,95,266,171,0,-11
1463.710,8769169,3,1,-225.1,0,0,95,266,171,0,-11
1463.810,8769269,3,1,-225.1,0,0,95,266,171,0,-11
1463.910,8769369,3,1,-225.1,0,0,95,266,171,0,-11
1464.010,8769469,3,1,-225.1,0,0,95,266,171,0,-11
1464.110,8769569,3,1,-225.1,0,0,95,266,171,0,-11
1464.211,8769669,3,1,-225.1,0,0,95,266,171,0,-11
1464.311,8769769,3,1,-225.1,0,0,95,266,171,0,-11
1464.410,8769869,3,1,-225.1,0,0,95,266,171,0,-11
1464.511,8769969,3,1,-225.1,0,0,95,266,171,0,-11
1464.610,8770069,3,1,-225.1,0,0,95,266,171,0,-11
1464.711,8770169,3,1,-225.1,0,0,95,266,171,0,-11
1464.810,8770269,3,1,-225.1,0,0,95,266,171,0,-11
1464.911,8770369,3,1,-225.1,0,0,95,266,171,0,-11
1465.010,8770469,3,1,-225.1,0,0,95,266,171,0,-11
1465.110,8770569,3,1,-225.1,0,0,95,266,171,0,-11
1465.214,8770669,3,1,-225.1,0,0,95,266,171,0,-11
1465.323,8770781,3,1,-225.1,0,0,95,266,171,0,-11
1465.410,8770869,3,1,-225.1,0,0,95,266,171,0,-11
1465.511,8770969,3,1,-225.1,0,0,95,266,171,0,-11
1465.610,8771069,3,1,-225.1,0,0,95,266,171,0,-11
1465.710,8771169,3,1,-225.1,0,0,95,266,171,0,-11
1465.810,8771269,3,1,-225.1,0,0,95,266,171,0,-11
1465.910,8771369,3,1,-225.1,0,0,95,266,171,0,-11
1466.010,8771469,3,1,-225.1,0,0,95,266,171,0,-11
1466.112,8771569,3,1,-225.1,0,0,95,266,171,0,-11
1466.212,8771669,3,1,-225.1,0,0,95,266,171,0,-11
1466.310,8771769,3,1,-225.1,0,0,95,266,171,0,-11
1466.410,8771869,3,1,-225.1,0,0,95,266,171,0,-11
1466.511,8771969,3,1,-225.1,0,0,95,266,171,0,-11
1466.610,8772069,3,1,-225.1,0,0,95,266,171,0,-11
1466.712,8772169,3,1,-225.1,0,0,95,266,171,0,-11
1466.810,8772269,3,1,-225.1,0,0,95,266,171,0,-11
1466.910,8772369,3,1,-225.1,0,0,95,266,171,0,-11
1467.010,8772469,3,1,-225.1,0,0,95,266,171,0,-11
1467.110,8772569,3,1,-225.1,0,0,95,266,171,0,-11
1467.210,8772669,3,1,-225.1,0,0,95,266,171,0,-11
1467.323,8772781,3,1,-225.1,0,0,95,266,171,0,-11
1467.410,8772869,3,1,-225.1,0,0,95,266,171,0,-11
1467.510,8772969,3,1,-225.1,0,0,95,266,171,0,-11
1467.611,8773069,3,1,-225.1,0,0,95,266,171,0,-11
1467.710,8773169,3,1,-225.1,0,0,95,266,171,0,-11
1467.810,8773269,3,1,-225.1,0,0,95,266,171,0,-11
1467.910,8773369,3,1,-225.1,0,0,95,266,171,0,-11
1468.011,8773469,3,1,-225.1,0,0,95,266,171,0,-11
1468.111,8773569,3,1,-225.1,0,0,95,266,171,0,-11
1468.210,8773669,3,1,-225.1,0,0,95,266,171,0,-11
1468.311,8773769,3,1,-225.1,0,0,95,266,171,0,-11
1468.410,8773869,3,1,-225.1,0,0,95,266,171,0,-11
1468.510,8773969,3,1,-225.1,0,0,95,266,171,0,-11
1468.610,8774069,3,1,-225.1,0,0,95,266,171,0,-11
1468.710,8774169,3,1,-225.1,0,0,95,266,171,0,-11
1468.810,8774269,3,1,-225.1,0,0,95,266,171,0,-11
1468.910,8774369,3,1,-225.1,0,0,95,266,171,0,-11
1469.010,8774469,3,1,-225.1,0,0,95,266,171,0,-11
1469.111,8774569,3,1,-225.1,0,0,95,266,171,0,-11
1469.210,8774669,3,1,-225.1,0,0,95,266,171,0,-11
1469.322,8774781,3,1,-225.1,0,0,95,266,171,0,-11
1469.410,8774869,3,1,-225.1,0,0,95,266,171,0,-11
1469.512,8774969,3,1,-225.1,0,0,95,266,171,0,-11
1469.610,8775069,3,1,-225.1,0,0,95,266,171,0,-11
1469.711,8775169,3,1,-225.1,0,0,95,266,171,0,-11
1469.810,8775269,3,1,-225.1,0,0,95,266,171,0,-11
1469.910,8775369,3,1,-225.1,0,0,95,266,171,0,-11
1470.011,8775469,3,1,-225.1,0,0,95,266,171,0,-11
1470.123,8775581,2,1,-225.1,0,0,94,-401,-495,70,-12
1470.211,8775669,2,1,-226.2,0,0,56,-401,-457,70,-12
1470.310,8775769,2,1,-228.1,0,0,-7,-401,-394,70,-12
1470.410,8775869,2,1,-230.4,0,0,-84,-401,-317,70,-12
1470.510,8775969,2,1,-233.2,0,0,-176,-401,-225,70,-12
1470.611,8776069,2,1,-236.2,0,0,-278,-401,-123,70,-12
1470.710,8776169,2,1,-239.5,0,0,-388,-401,-13,70,-12
1470.812,8776269,2,1,-242.5,0,0,-489,-401,88,0,-12
1470.910,8776369,2,1,-244.8,0,0,-564,-401,163,0,-12
1471.010,8776469,2,1,-246.3,0,0,-615,-401,214,0,-12
1471.123,8776581,2,1,-247.2,0,0,-645,-401,244,0,-12
1471.211,8776669,2,1,-247.5,0,0,-655,-401,254,0,-12
1471.311,8776769,2,1,-247.5,0,0,-654,-401,253,0,-12
1471.411,8776869,2,1,-247.5,0,0,-654,-401,253,0,-12
1471.510,8776969,2,1,-247.5,0,0,-654,-401,253,0,-12
1471.623,8777081,3,1,-247.5,0,0,-654,-401,253,0,-12
1471.711,8777169,3,1,-247.5,0,0,-654,-401,253,0,-12
1471.810,8777269,3,1,-247.5,0,0,-654,-401,253,0,-12
1471.910,8777369,3,1,-247.5,0,0,-654,-401,253,0,-12
1472.010,8777469,3,1,-247.5,0,0,-654,-401,253,0,-12
1472.110,8777569,3,1,-247.5,0,0,-654,-401,253,0,-12
1472.211,8777669,3,1,-247.5,0,0,-654,-401,253,0,-12
1472.311,8777769,3,1,-247.5,0,0,-654,-401,253,0,-12
1472.410,8777869,3,1,-247.5,0,0,-654,-401,253,0,-12
1472.511,8777969,3,1,-247.5,0,0,-654,-401,253,0,-12
1472.611,8778069,3,1,-247.5,0,0,-654,-401,253,0,-12
1472.716,8778169,3,1,-247.5,0,0,-654,-401,253,0,-12
1472.810,8778269,3,1,-247.5,0,0,-654,-401,253,0,-12
1472.910,8778369,3,1,-247.5,0,0,-654,-401,253,0,-12
1473.010,8778469,3,1,-247.5,0,0,-654,-401,253,0,-12
1473.110,8778569,3,1,-247.5,0,0,-654,-401,253,0,-12
1473.211,8778669,3,1,-247.5,0,0,-654,-401,253,0,-12
1473.310,8778769,3,1,-247.5,0,0,-654,-401,253,0,-12
1473.410,8778869,3,1,-247.5,0,0,-654,-401,253,0,-12
1473.510,8778969,3,1,-247.5,0,0,-654,-401,253,0,-12
1473.623,8779081,3,1,-247.5,0,0,-654,-401,253,0,-12
1473.710,8779169,3,1,-247.5,0,0,-654,-401,253,0,-12
1473.810,8779269,3,1,-247.5,0,0,-654,-401,253,0,-12
1473.910,8779369,3,1,-247.5,0,0,-654,-401,253,0,-12
1474.010,8779469,3,1,-247.5,0,0,-654,-401,253,0,-12
1474.110,8779569,3,1,-247.5,0,0,-654,-401,253,0,-12
1474.213,8779669,3,1,-247.5,0,0,-654,-401,253,0,-12
1474.310,8779769,3,1,-247.5,0,0,-654,-401,253,0,-12
1474.410,8779869,3,1,-247.5,0,0,-654,-401,253,0,-12
1474.510,8779969,3,1,-247.5,0,0,-654,-401,253,0,-12
1474.612,8780069,3,1,-247.5,0,0,-654,-401,253,0,-12
1474.711,8780169,3,1,-247.5,0,0,-654,-401,253,0,-12
1474.811,8780269,3,1,-247.5,0,0,-654,-401,253,0,-12
1474.910,8780369,3,1,-247.5,0,0,-654,-401,253,0,-12
1475.010,8780469,3,1,-247.5,0,0,-654,-401,253,0,-12
1475.110,8780569,3,1,-247.5,0,0,-654,-401,253,0,-12
1475.210,8780669,3,1,-247.5,0,0,-654,-401,253,0,-12
1475.310,8780769,3,1,-247.5,0,0,-654,-401,253,0,-12
1475.410,8780869,3,1,-247.5,0,0,-654,-401,253,0,-12
1475.510,8780969,3,1,-247.5,0,0,-654,-401,253,0,-12
1475.623,8781081,3,1,-247.5,0,0,-654,-401,253,0,-12
1475.710,8781169,3,1,-247.5,0,0,-654,-401,253,0,-12
1475.811,8781269,3,1,-247.5,0,0,-654,-401,253,0,-12
1475.910,8781369,3,1,-247.5,0,0,-654,-401,253,0,-12
1476.010,8781469,3,1,-247.5,0,0,-654,-401,253,0,-12
1476.110,8781569,3,1,-247.5,0,0,-654,-401,253,0,-12
1476.210,8781669,3,1,-247.5,0,0,-654,-401,253,0,-12
1476.310,8781769,3,1,-247.5,0,0,-654,-401,253,0,-12
1476.410,8781869,3,1,-247.5,0,0,-654,-401,253,0,-12
1476.510,8781969,3,1,-247.5,0,0,-654,-401,253,0,-12
1476.610,8782069,3,1,-247.5,0,0,-654,-401,253,0,-12
1476.710,8782169,3,1,-247.5,0,0,-654,-401,253,0,-12
1476.810,8782269,3,1,-247.5,0,0,-654,-401,253,0,-12
1476.910,8782369,3,1,-247.5,0,0,-654,-401,253,0,-12
1477.010,8782469,3,1,-247.5,0,0,-654,-401,253,0,-12
1477.110,8782569,3,1,-247.5,0,0,-654,-401,253,0,-12
1477.210,8782669,3,1,-247.5,0,0,-654,-401,253,0,-12
1477.318,8782769,3,1,-247.5,0,0,-654,-401,253,0,-12
1477.412,8782869,3,1,-247.5,0,0,-654,-401,253,0,-12
1477.510,8782969,3,1,-247.5,0,0,-654,-401,253,0,-12
1477.623,8783081,3,1,-247.5,0,0,-654,-401,253,0,-12
1477.711,8783169,3,1,-247.5,0,0,-654,-401,253,0,-12
1477.810,8783269,3,1,-247.5,0,0,-654,-401,253,0,-12
1477.910,8783369,3,1,-247.5,0,0,-654,-401,253,0,-12
1478.010,8783469,3,1,-247.5,0,0,-654,-401,253,0,-12
1478.109,8783569,3,1,-247.5,0,0,-654,-401,253,0,-12
1478.209,8783669,3,1,-247.5,0,0,-654,-401,253,0,-12
1478.312,8783769,3,1,-247.5,0,0,-654,-401,253,0,-12
1478.410,8783869,3,1,-247.5,0,0,-654,-401,253,0,-12
1478.510,8783969,3,1,-247.5,0,0,-654,-401,253,0,-12
1478.610,8784069,3,1,-247.5,0,0,-654,-401,253,0,-12
1478.710,8784169,3,1,-247.5,0,0,-654,-401,253,0,-12
1478.810,8784269,3,1,-247.5,0,0,-654,-401,253,0,-12
1478.909,8784369,3,1,-247.5,0,0,-654,-401,253,0,-12
1479.012,8784469,3,1,-247.5,0,0,-654,-401,253,0,-12
1479.110,8784569,3,1,-247.5,0,0,-654,-401,253,0,-12
1479.209,8784669,3,1,-247.5,0,0,-654,-401,253,0,-12
1479.312,8784769,3,1,-247.5,0,0,-654,-401,253,0,-12
1479.410,8784869,3,1,-247.5,0,0,-654,-401,253,0,-12
1479.512,8784969,3,1,-247.5,0,0,-654,-401,253,0,-12
1479.623,8785081,3,1,-247.5,0,0,-654,-401,253,0,-12
1479.710,8785169,3,1,-247.5,0,0,-654,-401,253,0,-12
1479.810,8785269,3,1,-247.5,0,0,-654,-401,253,0,-12
1479.909,8785369,3,1,-247.5,0,0,-654,-401,253,0,-12
1480.009,8785469,3,1,-247.5,0,0,-654,-401,253,0,-12
1480.110,8785569,3,1,-247.5,0,0,-654,-401,253,0,-12
1480.211,8785669,3,1,-247.5,0,0,-654,-401,253,0,-12
1480.310,8785769,3,1,-247.5,0,0,-654,-401,253,0,-12
1480.410,8785869,3,1,-247.5,0,0,-654,-401,253,0,-12
1480.510,8785969,3,1,-247.5,0,0,-654,-401,253,0,-12
1480.610,8786069,3,1,-247.5,0,0,-654,-401,253,0,-12
1480.710,8786169,3,1,-247.5,0,0,-654,-401,253,0,-12
1480.815,8786269,3,1,-247.5,0,0,-654,-401,253,0,-12
1480.910,8786369,3,1,-247.5,0,0,-654,-401,253,0,-12
1481.010,8786469,3,1,-247.5,0,0,-654,-401,253,0,-12
1481.110,8786569,3,1,-247.5,0,0,-654,-401,253,0,-12
1481.209,8786669,3,1,-247.5,0,0,-654,-401,253,0,-12
1481.309,8786769,3,1,-247.5,0,0,-654,-401,253,0,-12
1481.410,8786869,3,1,-247.5,0,0,-654,-401,253,0,-12
1481.509,8786969,3,1,-247.5,0,0,-654,-401,253,0,-12
1481.623,8787081,3,1,-247.5,0,0,-654,-401,253,0,-12
1481.709,8787169,3,1,-247.5,0,0,-654,-401,253,0,-12
1481.810,8787269,3,1,-247.5,0,0,-654,-401,253,0,-12
1481.909,8787369,3,1,-247.5,0,0,-654,-401,253,0,-12
1482.010,8787469,3,1,-247.5,0,0,-654,-401,253,0,-12
1482.109,8787569,3,1,-247.5,0,0,-654,-401,253,0,-12
1482.209,8787669,3,1,-247.5,0,0,-654,-401,253,0,-12
1482.310,8787769,3,1,-247.5,0,0,-654,-401,253,0,-12
1482.409,8787869,3,1,-247.5,0,0,-654,-401,253,0,-12
1482.515,8787969,3,1,-247.5,0,0,-654,-401,253,0,-12
1482.611,8788069,3,1,-247.5,0,0,-654,-401,253,0,-12
1482.710,8788169,3,1,-247.5,0,0,-654,-401,253,0,-12
1482.815,8788269,3,1,-247.5,0,0,-654,-401,253,0,-12
1482.910,8788369,3,1,-247.5,0,0,-654,-401,253,0,-12
1483.009,8788469,3,1,-247.5,0,0,-654,-401,253,0,-12
1483.109,8788569,3,1,-247.5,0,0,-654,-401,253,0,-12
1483.211,8788669,3,1,-247.5,0,0,-654,-401,253,0,-12
1483.310,8788769,3,1,-247.5,0,0,-654,-401,253,0,-12
1483.409,8788869,3,1,-247.5,0,0,-654,-401,253,0,-12
1483.512,8788969,3,1,-247.5,0,0,-654,-401,253,0,-12
1483.622,8789081,3,1,-247.5,0,0,-654,-401,253,0,-12
1483.710,8789169,3,1,-247.5,0,0,-654,-401,253,0,-12
1483.810,8789269,3,1,-247.5,0,0,-654,-401,253,0,-12
1483.910,8789369,3,1,-247.5,0,0,-654,-401,253,0,-12
1484.010,8789469,3,1,-247.5,0,0,-654,-401,253,0,-12
1484.110,8789569,3,1,-247.5,0,0,-654,-401,253,0,-12
1484.210,8789669,3,1,-247.5,0,0,-654,-401,253,0,-12
1484.310,8789769,3,1,-247.5,0,0,-654,-401,253,0,-12
1484.410,8789869,3,1,-247.5,0,0,-654,-401,253,0,-12
1484.511,8789969,3,1,-247.5,0,0,-654,-401,253,0,-12
1484.610,8790069,3,1,-247.5,0,0,-654,-401,253,0,-12
1484.710,8790169,3,1,-247.5,0,0,-654,-401,253,0,-12
1484.809,8790269,3,1,-247.5,0,0,-654,-401,253,0,-12
1484.909,8790369,3,1,-247.5,0,0,-654,-401,253,0,-12
1485.010,8790469,3,1,-247.5,0,0,-654,-401,253,0,-12
1485.109,8790569,3,1,-247.5,0,0,-654,-401,253,0,-12
1485.209,8790669,3,1,-247.5,0,0,-654,-401,253,0,-12
1485.310,8790769,3,1,-247.5,0,0,-654,-401,253,0,-12
1485.409,8790869,3,1,-247.5,0,0,-654,-401,253,0,-12
1485.510,8790969,3,1,-247.5,0,0,-654,-401,253,0,-12
1485.622,8791081,3,1,-247.5,0,0,-654,-401,253,0,-12
1485.723,8791169,3,1,-247.5,0,0,-654,-401,253,0,-12
1485.813,8791269,3,1,-247.5,0,0,-654,-401,253,0,-12
1485.910,8791369,3,1,-247.5,0,0,-654,-401,253,0,-12
1486.009,8791469,3,1,-247.5,0,0,-654,-401,253,0,-12
1486.109,8791569,3,1,-247.5,0,0,-654,-401,253,0,-12
1486.209,8791669,3,1,-247.5,0,0,-654,-401,253,0,-12
1486.309,8791769,3,1,-247.5,0,0,-654,-401,253,0,-12
1486.409,8791869,3,1,-247.5,0,0,-654,-401,253,0,-12
1486.509,8791969,3,1,-247.5,0,0,-654,-401,253,0,-12
1486.610,8792069,3,1,-247.5,0,0,-654,-401,253,0,-12
1486.710,8792169,3,1,-247.5,0,0,-654,-401,253,0,-12
1486.810,8792269,3,1,-247.5,0,0,-654,-401,253,0,-12
1486.910,8792369,3,1,-247.5,0,0,-654,-401,253,0,-12
1487.010,8792469,3,1,-247.5,0,0,-654,-401,253,0,-12
1487.109,8792569,3,1,-247.5,0,0,-654,-401,253,0,-12
1487.209,8792669,3,1,-247.5,0,0,-654,-401,253,0,-12
1487.310,8792769,3,1,-247.5,0,0,-654,-401,253,0,-12
1487.409,8792869,3,1,-247.5,0,0,-654,-401,253,0,-12
1487.510,8792969,3,1,-247.5,0,0,-654,-401,253,0,-12
1487.622,8793081,3,1,-247.5,0,0,-654,-401,253,0,-12
1487.715,8793169,3,1,-247.5,0,0,-654,-401,253,0,-12
1487.815,8793269,3,1,-247.5,0,0,-654,-401,253,0,-12
1487.911,8793369,3,1,-247.5,0,0,-654,-401,253,0,-12
1488.016,8793469,3,1,-247.5,0,0,-654,-401,253,0,-12
1488.110,8793569,3,1,-247.5,0,0,-654,-401,253,0,-12
1488.209,8793669,3,1,-247.5,0,0,-654,-401,253,0,-12
1488.309,8793769,3,1,-247.5,0,0,-654,-401,253,0,-12
1488.409,8793869,3,1,-247.5,0,0,-654,-401,253,0,-12
1488.509,8793969,3,1,-247.5,0,0,-654,-401,253,0,-12
1488.610,8794069,3,1,-247.5,0,0,-654,-401,253,0,-12
1488.709,8794169,3,1,-247.5,0,0,-654,-401,253,0,-12
1488.809,8794269,3,1,-247.5,0,0,-654,-401,253,0,-12
1488.917,8794369,3,1,-247.5,0,0,-654,-401,253,0,-12
1489.009,8794469,3,1,-247.5,0,0,-654,-401,253,0,-12
1489.109,8794569,3,1,-247.5,0,0,-654,-401,253,0,-12
1489.209,8794669,3,1,-247.5,0,0,-654,-401,253,0,-12
1489.309,8794769,3,1,-247.5,0,0,-654,-401,253,0,-12
1489.409,8794869,3,1,-247.5,0,0,-654,-401,253,0,-12
1489.509,8794969,3,1,-247.5,0,0,-654,-401,253,0,-12
1489.622,8795081,3,1,-247.5,0,0,-654,-401,253,0,-12
1489.709,8795169,3,1,-247.5,0,0,-654,-401,253,0,-12
1489.809,8795269,3,1,-247.5,0,0,-654,-401,253,0,-12
1489.909,8795369,3,1,-247.5,0,0,-654,-401,253,0,-12
1490.009,8795469,3,1,-247.5,0,0,-654,-401,253,0,-12
1490.109,8795569,3,1,-247.5,0,0,-654,-401,253,0,-12
1490.209,8795669,3,1,-247.5,0,0,-654,-401,253,0,-12
1490.310,8795769,3,1,-247.5,0,0,-654,-401,253,0,-12
1490.409,8795869,3,1,-247.5,0,0,-654,-401,253,0,-12
1490.509,8795969,3,1,-247.5,0,0,-654,-401,253,0,-12
1490.609,8796069,3,1,-247.5,0,0,-654,-401,253,0,-12
1490.712,8796169,3,1,-247.5,0,0,-654,-401,253,0,-12
1490.809,8796269,3,1,-247.5,0,0,-654,-401,253,0,-12
1490.911,8796369,3,1,-247.5,0,0,-654,-401,253,0,-12
1491.009,8796469,3,1,-247.5,0,0,-654,-401,253,0,-12
1491.109,8796569,3,1,-247.5,0,0,-654,-401,253,0,-12
1491.209,8796669,3,1,-247.5,0,0,-654,-401,253,0,-12
1491.310,8796769,3,1,-247.5,0,0,-654,-401,253,0,-12
1491.409,8796869,3,1,-247.5,0,0,-654,-401,253,0,-12
1491.509,8796969,3,1,-247.5,0,0,-654,-401,253,0,-12
1491.623,8797081,3,1,-247.5,0,0,-654,-401,253,0,-12
1491.709,8797169,3,1,-247.5,0,0,-654,-401,253,0,-12
1491.810,8797269,3,1,-247.5,0,0,-654,-401,253,0,-12
1491.910,8797369,3,1,-247.5,0,0,-654,-401,253,0,-12
1492.009,8797469,3,1,-247.5,0,0,-654,-401,253,0,-12
1492.109,8797569,3,1,-247.5,0,0,-654,-401,253,0,-12
1492.209,8797669,3,1,-247.5,0,0,-654,-401,253,0,-12
1492.310,8797769,3,1,-247.5,0,0,-654,-401,253,0,-12
1492.410,8797869,3,1,-247.5,0,0,-654,-401,253,0,-12
1492.511,8797969,3,1,-247.5,0,0,-654,-401,253,0,-12
1492.609,8798069,3,1,-247.5,0,0,-654,-401,253,0,-12
1492.709,8798169,3,1,-247.5,0,0,-654,-401,253,0,-12
1492.810,8798269,3,1,-247.5,0,0,-654,-401,253,0,-12
1492.910,8798369,3,1,-247.5,0,0,-654,-401,253,0,-12
1493.022,8798481,2,1,-247.5,0,0,-654,266,920,-70,-11
1493.109,8798569,2,1,-246.6,0,0,-624,266,890,-70,-11
1493.209,8798669,2,1,-244.9,0,0,-566,266,832,-70,-11
1493.312,8798769,2,1,-242.7,0,0,-491,266,757,-70,-11
1493.409,8798869,2,1,-240.1,0,0,-406,266,672,-70,-11
1493.509,8798969,2,1,-237.4,0,0,-314,266,580,-70,-11
1493.610,8799069,2,1,-234.5,0,0,-218,266,484,-70,-11
1493.709,8799169,2,1,-231.6,0,0,-121,266,387,-70,-11
1493.809,8799269,2,1,-228.7,0,0,-25,266,291,-70,-11
1493.909,8799369,2,1,-225.9,0,0,70,266,196,-70,-11
1494.022,8799481,2,1,-223.1,0,0,162,266,104,-70,-11
1494.109,8799569,2,1,-220.4,0,0,253,266,13,-70,-11
1494.208,8799669,2,1,-218.1,0,0,328,266,-62,0,-11
1494.309,8799769,2,1,-217.1,0,0,361,266,-95,0,-11
1494.408,8799869,2,1,-217.1,0,0,363,266,-97,0,-11
1494.509,8799969,2,1,-217.1,0,0,363,266,-97,0,-11
1494.609,8800069,2,1,-217.1,0,0,363,266,-97,0,-11
1494.721,8800181,3,1,-217.1,0,0,363,266,-97,0,-11
1494.811,8800269,3,1,-217.1,0,0,363,266,-97,0,-11
1494.909,8800369,3,1,-217.1,0,0,363,266,-97,0,-11
1495.009,8800469,3,1,-217.1,0,0,363,266,-97,0,-11
1495.108,8800569,3,1,-217.1,0,0,363,266,-97,0,-11
1495.208,8800669,3,1,-217.1,0,0,363,266,-97,0,-11
1495.310,8800769,3,1,-217.1,0,0,363,266,-97,0,-11
1495.408,8800869,3,1,-217.1,0,0,363,266,-97,0,-11
1495.510,8800969,3,1,-217.1,0,0,363,266,-97,0,-11
1495.609,8801069,3,1,-217.1,0,0,363,266,-97,0,-11
1495.709,8801169,3,1,-217.1,0,0,363,266,-97,0,-11
1495.809,8801269,3,1,-217.1,0,0,363,266,-97,0,-11
1495.909,8801369,3,1,-217.1,0,0,363,266,-97,0,-11
1496.009,8801469,3,1,-217.1,0,0,363,266,-97,0,-11
1496.110,8801569,3,1,-217.1,0,0,363,266,-97,0,-11
1496.209,8801669,3,1,-217.1,0,0,363,266,-97,0,-11
1496.308,8801769,3,1,-217.1,0,0,363,266,-97,0,-11
1496.408,8801869,3,1,-217.1,0,0,363,266,-97,0,-11
1496.509,8801969,3,1,-217.1,0,0,363,266,-97,0,-11
1496.609,8802069,3,1,-217.1,0,0,363,266,-97,0,-11
1496.721,8802181,3,1,-217.1,0,0,363,266,-97,0,-11
1496.812,8802269,3,1,-217.1,0,0,363,266,-97,0,-11
1496.908,8802369,3,1,-217.1,0,0,363,266,-97,0,-11
1497.008,8802469,3,1,-217.1,0,0,363,266,-97,0,-11
1497.108,8802569,3,1,-217.1,0,0,363,266,-97,0,-11
1497.208,8802669,3,1,-217.1,0,0,363,266,-97,0,-11
1497.309,8802769,3,1,-217.1,0,0,363,266,-97,0,-11
1497.408,8802869,3,1,-217.1,0,0,363,266,-97,0,-11
1497.509,8802969,3,1,-217.1,0,0,363,266,-97,0,-11
1497.608,8803069,3,1,-217.1,0,0,363,266,-97,0,-11
1497.722,8803181,2,1,-217.0,0,0,364,934,570,-70,-10
1497.809,8803269,2,1,-216.5,0,0,381,934,553,-70,-10
1497.912,8803369,2,1,-215.3,0,0,422,934,512,-70,-10
1498.010,8803469,2,1,-213.6,0,0,480,934,454,-70,-10
1498.109,8803569,2,1,-211.5,0,0,548,934,386,-70,-10
1498.209,8803669,2,1,-209.3,0,0,624,934,310,-70,-10
1498.310,8803769,2,1,-206.9,0,0,703,934,231,-70,-10
1498.409,8803869,2,1,-204.5,0,0,784,934,150,-70,-10
1498.509,8803969,2,1,-202.0,0,0,867,934,67,-70,-10
1498.609,8804069,2,1,-199.4,0,0,952,934,-18,0,-10
1498.721,8804181,2,1,-197.7,0,0,1009,934,-75,0,-10
1498.809,8804269,2,1,-197.3,0,0,1024,934,-90,0,-10
1498.909,8804369,2,1,-197.3,0,0,1023,934,-89,0,-10
1499.008,8804469,2,1,-197.3,0,0,1023,934,-89,0,-10
1499.108,8804569,2,1,-197.3,0,0,1023,934,-89,0,-10
1499.221,8804681,3,1,-197.3,0,0,1023,934,-89,0,-10
1499.310,8804769,3,1,-197.3,0,0,1023,934,-89,0,-10
1499.408,8804869,3,1,-197.3,0,0,1023,934,-89,0,-10
1499.508,8804969,3,1,-197.3,0,0,1023,934,-89,0,-10
1499.609,8805069,3,1,-197.3,0,0,1023,934,-89,0,-10
1499.710,8805169,3,1,-197.3,0,0,1023,934,-89,0,-10
1499.809,8805269,3,1,-197.3,0,0,1023,934,-89,0,-10
1499.909,8805369,3,1,-197.3,0,0,1023,934,-89,0,-10
1500.009,8805469,3,1,-197.3,0,0,1023,934,-89,0,-10
1500.108,8805569,3,1,-197.3,0,0,1023,934,-89,0,-10
1500.208,8805669,3,1,-197.3,0,0,1023,934,-89,0,-10
1500.309,8805769,3,1,-197.3,0,0,1023,934,-89,0,-10
1500.409,8805869,3,1,-197.3,0,0,1023,934,-89,0,-10
1500.509,8805969,3,1,-197.3,0,0,1023,934,-89,0,-10
1500.609,8806069,3,1,-197.3,0,0,1023,934,-89,0,-10
1500.708,8806169,3,1,-197.3,0,0,1023,934,-89,0,-10
1500.809,8806269,3,1,-197.3,0,0,1023,934,-89,0,-10
1500.909,8806369,3,1,-197.3,0,0,1023,934,-89,0,-10
1501.009,8806469,3,1,-197.3,0,0,1023,934,-89,0,-10
1501.108,8806569,3,1,-197.3,0,0,1023,934,-89,0,-10
1501.221,8806681,3,1,-197.3,0,0,1023,934,-89,0,-10
1501.309,8806769,3,1,-197.3,0,0,1023,934,-89,0,-10
1501.409,8806869,3,1,-197.3,0,0,1023,934,-89,0,-10
1501.509,8806969,3,1,-197.3,0,0,1023,934,-89,0,-10
1501.622,8807081,2,1,-197.3,0,0,1023,1602,579,-70,-9
1501.709,8807169,2,1,-196.6,0,0,1046,1602,556,-70,-9
1501.809,8807269,2,1,-195.2,0,0,1094,1602,508,-70,-9
1501.908,8807369,2,1,-193.3,0,0,1158,1602,444,-70,-9
1502.015,8807469,2,1,-191.0,0,0,1235,1602,367,-70,-9
1502.108,8807569,2,1,-188.4,0,0,1320,1602,282,-70,-9
1502.208,8807669,2,1,-185.7,0,0,1412,1602,190,-70,-9
1502.308,8807769,2,1,-182.8,0,0,1509,1602,93,-70,-9
1502.408,8807869,2,1,-179.9,0,0,1606,1602,-4,0,-9
1502.509,8807969,2,1,-177.5,0,0,1684,1602,-82,0,-9
1502.621,8808081,2,1,-176.3,0,0,1725,1602,-123,0,-9
1502.709,8808169,2,1,-176.1,0,0,1731,1602,-129,0,-9
1502.810,8808269,2,1,-176.1,0,0,1730,1602,-128,0,-9
1502.909,8808369,2,1,-176.1,0,0,1730,1602,-128,0,-9
1503.009,8808469,2,1,-176.1,0,0,1730,1602,-128,0,-9
1503.121,8808581,3,1,-176.1,0,0,1730,1602,-128,0,-9
1503.208,8808669,3,1,-176.1,0,0,1730,1602,-128,0,-9
1503.308,8808769,3,1,-176.1,0,0,1730,1602,-128,0,-9
1503.408,8808869,3,1,-176.1,0,0,1730,1602,-128,0,-9
1503.509,8808969,3,1,-176.1,0,0,1730,1602,-128,0,-9
1503.612,8809069,3,1,-176.1,0,0,1730,1602,-128,0,-9
1503.712,8809169,3,1,-176.1,0,0,1730,1602,-128,0,-9
1503.809,8809269,3,1,-176.1,0,0,1730,1602,-128,0,-9
1503.908,8809369,3,1,-176.1,0,0,1730,1602,-128,0,-9
1504.009,8809469,3,1,-176.1,0,0,1730,1602,-128,0,-9
1504.109,8809569,3,1,-176.1,0,0,1730,1602,-128,0,-9
1504.208,8809669,3,1,-176.1,0,0,1730,1602,-128,0,-9
1504.308,8809769,3,1,-176.1,0,0,1730,1602,-128,0,-9
1504.409,8809869,3,1,-176.1,0,0,1730,1602,-128,0,-9
1504.508,8809969,3,1,-176.1,0,0,1730,1602,-128,0,-9
1504.623,8810081,2,1,-176.1,0,0,1730,2270,540,-70,-8
1504.708,8810169,2,1,-175.4,0,0,1755,2270,515,-70,-8
1504.809,8810269,2,1,-173.8,0,0,1807,2270,463,-70,-8
1504.909,8810369,2,1,-171.8,0,0,1876,2270,394,-70,-8
1505.009,8810469,2,1,-169.3,0,0,1959,2270,311,-70,-8
1505.110,8810569,2,1,-166.5,0,0,2052,2270,218,-70,-8
1505.209,8810669,2,1,-163.5,0,0,2153,2270,117,-70,-8
1505.308,8810769,2,1,-160.5,0,0,2254,2270,16,-70,-8
1505.408,8810869,2,1,-157.7,0,0,2346,2270,-76,0,-8
1505.514,8810969,2,1,-155.9,0,0,2407,2270,-137,0,-8
1505.621,8811081,2,1,-155.0,0,0,2434,2270,-164,0,-8
1505.708,8811169,2,1,-155.0,0,0,2435,2270,-165,0,-8
1505.810,8811269,2,1,-155.0,0,0,2435,2270,-165,0,-8
1505.910,8811369,2,1,-155.0,0,0,2435,2270,-165,0,-8
1506.021,8811481,3,1,-155.0,0,0,2435,2270,-165,0,-8
1506.112,8811569,3,1,-155.0,0,0,2435,2270,-165,0,-8
1506.208,8811669,3,1,-155.0,0,0,2435,2270,-165,0,-8
1506.308,8811769,3,1,-155.0,0,0,2435,2270,-165,0,-8
1506.408,8811869,3,1,-155.0,0,0,2435,2270,-165,0,-8
1506.508,8811969,3,1,-155.0,0,0,2435,2270,-165,0,-8
1506.610,8812069,3,1,-155.0,0,0,2435,2270,-165,0,-8
1506.708,8812169,3,1,-155.0,0,0,2435,2270,-165,0,-8
1506.808,8812269,3,1,-155.0,0,0,2435,2270,-165,0,-8
1506.908,8812369,3,1,-155.0,0,0,2435,2270,-165,0,-8
1507.009,8812469,3,1,-155.0,0,0,2435,2270,-165,0,-8
1507.117,8812569,3,1,-155.0,0,0,2435,2270,-165,0,-8
1507.208,8812669,3,1,-155.0,0,0,2435,2270,-165,0,-8
1507.308,8812769,3,1,-155.0,0,0,2435,2270,-165,0,-8
1507.408,8812869,3,1,-155.0,0,0,2435,2270,-165,0,-8
1507.508,8812969,3,1,-155.0,0,0,2435,2270,-165,0,-8
1507.608,8813069,3,1,-155.0,0,0,2435,2270,-165,0,-8
1507.708,8813169,3,1,-155.0,0,0,2435,2270,-165,0,-8
1507.822,8813281,2,1,-155.0,0,0,2435,2938,503,-70,-7
1507.909,8813369,2,1,-154.3,0,0,2459,2938,479,-70,-7
1508.009,8813469,2,1,-152.7,0,0,2511,2938,427,-70,-7
1508.108,8813569,2,1,-150.6,0,0,2584,2938,354,-70,-7
1508.208,8813669,2,1,-148.1,0,0,2665,2938,273,-70,-7
1508.308,8813769,2,1,-145.5,0,0,2752,2938,186,-70,-7
1508.410,8813869,2,1,-142.8,0,0,2845,2938,93,-70,-7
1508.508,8813969,2,1,-139.8,0,0,2943,2938,-5,0,-7
1508.608,8814069,2,1,-137.4,0,0,3025,2938,-87,0,-7
1508.708,8814169,2,1,-135.9,0,0,3074,2938,-136,0,-7
1508.821,8814281,2,1,-135.3,0,0,3092,2938,-154,0,-7
1508.908,8814369,2,1,-135.3,0,0,3093,2938,-155,0,-7
1509.008,8814469,2,1,-135.3,0,0,3093,2938,-155,0,-7
1509.108,8814569,2,1,-135.3,0,0,3093,2938,-155,0,-7
1509.221,8814681,3,1,-135.3,0,0,3093,2938,-155,0,-7
1509.309,8814769,3,1,-135.3,0,0,3093,2938,-155,0,-7
1509.408,8814869,3,1,-135.3,0,0,3093,2938,-155,0,-7
1509.509,8814969,3,1,-135.3,0,0,3093,2938,-155,0,-7
1509.609,8815069,3,1,-135.3,0,0,3093,2938,-155,0,-7
1509.708,8815169,3,1,-135.3,0,0,3093,2938,-155,0,-7
1509.808,8815269,3,1,-135.3,0,0,3093,2938,-155,0,-7
1509.909,8815369,3,1,-135.3,0,0,3093,2938,-155,0,-7
1510.008,8815469,3,1,-135.3,0,0,3093,2938,-155,0,-7
1510.109,8815569,3,1,-135.3,0,0,3093,2938,-155,0,-7
1510.208,8815669,3,1,-135.3,0,0,3093,2938,-155,0,-7
1510.308,8815769,3,1,-135.3,0,0,3093,2938,-155,0,-7
1510.409,8815869,3,1,-135.3,0,0,3093,2938,-155,0,-7
1510.509,8815969,3,1,-135.3,0,0,3093,2938,-155,0,-7
1510.608,8816069,3,1,-135.3,0,0,3093,2938,-155,0,-7
1510.708,8816169,3,1,-135.3,0,0,3093,2938,-155,0,-7
1510.810,8816269,3,1,-135.3,0,0,3093,2938,-155,0,-7
1510.908,8816369,3,1,-135.3,0,0,3093,2938,-155,0,-7
1511.008,8816469,3,1,-135.3,0,0,3093,2938,-155,0,-7
1511.108,8816569,3,1,-135.3,0,0,3093,2938,-155,0,-7
1511.221,8816681,3,1,-135.3,0,0,3093,2938,-155,0,-7
1511.308,8816769,3,1,-135.3,0,0,3093,2938,-155,0,-7
1511.411,8816869,3,1,-135.3,0,0,3093,2938,-155,0,-7
1511.509,8816969,3,1,-135.3,0,0,3093,2938,-155,0,-7
1511.609,8817069,3,1,-135.3,0,0,3093,2938,-155,0,-7
1511.708,8817169,3,1,-135.3,0,0,3093,2938,-155,0,-7
1511.809,8817269,3,1,-135.3,0,0,3093,2938,-155,0,-7
1511.908,8817369,3,1,-135.3,0,0,3093,2938,-155,0,-7
1512.016,8817469,3,1,-135.3,0,0,3093,2938,-155,0,-7
1512.108,8817569,3,1,-135.3,0,0,3093,2938,-155,0,-7
1512.208,8817669,3,1,-135.3,0,0,3093,2938,-155,0,-7
1512.317,8817769,3,1,-135.3,0,0,3093,2938,-155,0,-7
1512.409,8817869,3,1,-135.3,0,0,3093,2938,-155,0,-7
1512.509,8817969,3,1,-135.3,0,0,3093,2938,-155,0,-7
1512.610,8818069,3,1,-135.3,0,0,3093,2938,-155,0,-7
1512.708,8818169,3,1,-135.3,0,0,3093,2938,-155,0,-7
1512.809,8818269,3,1,-135.3,0,0,3093,2938,-155,0,-7
1512.907,8818369,3,1,-135.3,0,0,3093,2938,-155,0,-7
1513.008,8818469,3,1,-135.3,0,0,3093,2938,-155,0,-7
1513.109,8818569,3,1,-135.3,0,0,3093,2938,-155,0,-7
1513.221,8818681,2,1,-135.3,0,0,3093,3605,512,-70,-6
1513.308,8818769,2,1,-134.5,0,0,3118,3605,487,-70,-6
1513.408,8818869,2,1,-132.9,0,0,3173,3605,432,-70,-6
1513.508,8818969,2,1,-130.7,0,0,3249,3605,356,-70,-6
1513.612,8819069,2,1,-128.0,0,0,3339,3605,266,-70,-6
1513.709,8819169,2,1,-125.0,0,0,3437,3605,168,-70,-6
1513.812,8819269,2,1,-122.0,0,0,3539,3605,66,-70,-6
1513.908,8819369,2,1,-118.9,0,0,3640,3605,-35,0,-6
1514.009,8819469,2,1,-116.6,0,0,3717,3605,-112,0,-6
1514.109,8819569,2,1,-115.2,0,0,3765,3605,-160,0,-6
1514.220,8819681,2,1,-114.5,0,0,3786,3605,-181,0,-6
1514.307,8819769,2,1,-114.6,0,0,3785,3605,-180,0,-6
1514.407,8819869,2,1,-114.6,0,0,3785,3605,-180,0,-6
1514.507,8819969,2,1,-114.6,0,0,3785,3605,-180,0,-6
1514.620,8820081,3,1,-114.6,0,0,3785,3605,-180,0,-6
1514.708,8820169,3,1,-114.6,0,0,3785,3605,-180,0,-6
1514.808,8820269,3,1,-114.6,0,0,3785,3605,-180,0,-6
1514.909,8820369,3,1,-114.6,0,0,3785,3605,-180,0,-6
1515.010,8820469,3,1,-114.6,0,0,3785,3605,-180,0,-6
1515.108,8820569,3,1,-114.6,0,0,3785,3605,-180,0,-6
1515.207,8820669,3,1,-114.6,0,0,3785,3605,-180,0,-6
1515.309,8820769,3,1,-114.6,0,0,3785,3605,-180,0,-6
1515.407,8820869,3,1,-114.6,0,0,3785,3605,-180,0,-6
1515.507,8820969,3,1,-114.6,0,0,3785,3605,-180,0,-6
1515.608,8821069,3,1,-114.6,0,0,3785,3605,-180,0,-6
1515.709,8821169,3,1,-114.6,0,0,3785,3605,-180,0,-6
1515.808,8821269,3,1,-114.6,0,0,3785,3605,-180,0,-6
1515.909,8821369,3,1,-114.6,0,0,3785,3605,-180,0,-6
1516.008,8821469,3,1,-114.6,0,0,3785,3605,-180,0,-6
1516.108,8821569,3,1,-114.6,0,0,3785,3605,-180,0,-6
1516.207,8821669,3,1,-114.6,0,0,3785,3605,-180,0,-6
1516.309,8821769,3,1,-114.6,0,0,3785,3605,-180,0,-6
1516.407,8821869,3,1,-114.6,0,0,3785,3605,-180,0,-6
1516.508,8821969,3,1,-114.6,0,0,3785,3605,-180,0,-6
1516.620,8822081,3,1,-114.6,0,0,3785,3605,-180,0,-6
1516.708,8822169,3,1,-114.6,0,0,3785,3605,-180,0,-6
1516.807,8822269,3,1,-114.6,0,0,3785,3605,-180,0,-6
1516.918,8822369,3,1,-114.6,0,0,3785,3605,-180,0,-6
1517.008,8822469,3,1,-114.6,0,0,3785,3605,-180,0,-6
1517.107,8822569,3,1,-114.6,0,0,3785,3605,-180,0,-6
1517.207,8822669,3,1,-114.6,0,0,3785,3605,-180,0,-6
1517.307,8822769,3,1,-114.6,0,0,3785,3605,-180,0,-6
1517.407,8822869,3,1,-114.6,0,0,3785,3605,-180,0,-6
1517.508,8822969,3,1,-114.6,0,0,3785,3605,-180,0,-6
1517.611,8823069,3,1,-114.6,0,0,3785,3605,-180,0,-6
1517.708,8823169,3,1,-114.6,0,0,3785,3605,-180,0,-6
1517.807,8823269,3,1,-114.6,0,0,3785,3605,-180,0,-6
1517.909,8823369,3,1,-114.6,0,0,3785,3605,-180,0,-6
1518.009,8823469,3,1,-114.6,0,0,3785,3605,-180,0,-6
1518.108,8823569,3,1,-114.6,0,0,3785,3605,-180,0,-6
1518.207,8823669,3,1,-114.6,0,0,3785,3605,-180,0,-6
1518.309,8823769,3,1,-114.6,0,0,3785,3605,-180,0,-6
1518.407,8823869,3,1,-114.6,0,0,3785,3605,-180,0,-6
1518.507,8823969,3,1,-114.6,0,0,3785,3605,-180,0,-6
1518.620,8824081,3,1,-114.6,0,0,3785,3605,-180,0,-6
1518.707,8824169,3,1,-114.6,0,0,3785,3605,-180,0,-6
1518.808,8824269,3,1,-114.6,0,0,3785,3605,-180,0,-6
1518.908,8824369,3,1,-114.6,0,0,3785,3605,-180,0,-6
1519.008,8824469,3,1,-114.6,0,0,3785,3605,-180,0,-6
1519.108,8824569,3,1,-114.6,0,0,3785,3605,-180,0,-6
1519.208,8824669,3,1,-114.6,0,0,3785,3605,-180,0,-6
1519.307,8824769,3,1,-114.6,0,0,3785,3605,-180,0,-6
1519.407,8824869,3,1,-114.6,0,0,3785,3605,-180,0,-6
1519.508,8824969,3,1,-114.6,0,0,3785,3605,-180,0,-6
1519.615,8825069,3,1,-114.6,0,0,3785,3605,-180,0,-6
1519.709,8825169,3,1,-114.6,0,0,3785,3605,-180,0,-6
1519.809,8825269,3,1,-114.6,0,0,3785,3605,-180,0,-6
1519.909,8825369,3,1,-114.6,0,0,3785,3605,-180,0,-6
1520.008,8825469,3,1,-114.6,0,0,3785,3605,-180,0,-6
1520.109,8825569,3,1,-114.6,0,0,3785,3605,-180,0,-6
1520.207,8825669,3,1,-114.6,0,0,3785,3605,-180,0,-6
1520.307,8825769,3,1,-114.6,0,0,3785,3605,-180,0,-6
1520.407,8825869,3,1,-114.6,0,0,3785,3605,-180,0,-6
1520.508,8825969,3,1,-114.6,0,0,3785,3605,-180,0,-6
1520.620,8826081,3,1,-114.6,0,0,3785,3605,-180,0,-6
1520.707,8826169,3,1,-114.6,0,0,3785,3605,-180,0,-6
1520.808,8826269,3,1,-114.6,0,0,3785,3605,-180,0,-6
1520.907,8826369,3,1,-114.6,0,0,3785,3605,-180,0,-6
1521.007,8826469,3,1,-114.6,0,0,3785,3605,-180,0,-6
1521.107,8826569,3,1,-114.6,0,0,3785,3605,-180,0,-6
1521.208,8826669,3,1,-114.6,0,0,3785,3605,-180,0,-6
1521.307,8826769,3,1,-114.6,0,0,3785,3605,-180,0,-6
1521.407,8826869,3,1,-114.6,0,0,3785,3605,-180,0,-6
1521.507,8826969,3,1,-114.6,0,0,3785,3605,-180,0,-6
1521.607,8827069,3,1,-114.6,0,0,3785,3605,-180,0,-6
1521.707,8827169,3,1,-114.6,0,0,3785,3605,-180,0,-6
1521.808,8827269,3,1,-114.6,0,0,3785,3605,-180,0,-6
1521.920,8827381,2,1,-114.6,0,0,3785,4273,488,-70,-5
1522.007,8827469,2,1,-113.8,0,0,3812,4273,461,-70,-5
1522.107,8827569,2,1,-112.0,0,0,3871,4273,402,-70,-5
1522.208,8827669,2,1,-109.6,0,0,3951,4273,322,-70,-5
1522.307,8827769,2,1,-106.8,0,0,4046,4273,227,-70,-5
1522.408,8827869,2,1,-103.6,0,0,4151,4273,122,-70,-5
1522.507,8827969,2,1,-100.4,0,0,4260,4273,13,-70,-5
1522.607,8828069,2,1,-97.5,0,0,4356,4273,-83,0,-5
1522.707,8828169,2,1,-95.6,0,0,4419,4273,-146,0,-5
1522.808,8828269,2,1,-94.6,0,0,4452,4273,-179,0,-5
1522.919,8828381,2,1,-94.4,0,0,4457,4273,-184,0,-5
1523.009,8828469,2,1,-94.4,0,0,4457,4273,-184,0,-5
1523.106,8828569,2,1,-94.4,0,0,4457,4273,-184,0,-5
1523.219,8828681,3,1,-94.4,0,0,4457,4273,-184,0,-5
1523.307,8828769,3,1,-94.4,0,0,4457,4273,-184,0,-5
1523.407,8828869,3,1,-94.4,0,0,4457,4273,-184,0,-5
1523.509,8828969,3,1,-94.4,0,0,4457,4273,-184,0,-5
1523.607,8829069,3,1,-94.4,0,0,4457,4273,-184,0,-5
1523.707,8829169,3,1,-94.4,0,0,4457,4273,-184,0,-5
1523.807,8829269,3,1,-94.4,0,0,4457,4273,-184,0,-5
1523.907,8829369,3,1,-94.4,0,0,4457,4273,-184,0,-5
1524.007,8829469,3,1,-94.4,0,0,4457,4273,-184,0,-5
1524.107,8829569,3,1,-94.4,0,0,4457,4273,-184,0,-5
1524.207,8829669,3,1,-94.4,0,0,4457,4273,-184,0,-5
1524.307,8829769,3,1,-94.4,0,0,4457,4273,-184,0,-5
1524.407,8829869,3,1,-94.4,0,0,4457,4273,-184,0,-5
1524.509,8829969,3,1,-94.4,0,0,4457,4273,-184,0,-5
1524.607,8830069,3,1,-94.4,0,0,4457,4273,-184,0,-5
1524.707,8830169,3,1,-94.4,0,0,4457,4273,-184,0,-5
1524.809,8830269,3,1,-94.4,0,0,4457,4273,-184,0,-5
1524.907,8830369,3,1,-94.4,0,0,4457,4273,-184,0,-5
1525.007,8830469,3,1,-94.4,0,0,4457,4273,-184,0,-5
1525.107,8830569,3,1,-94.4,0,0,4457,4273,-184,0,-5
1525.219,8830681,3,1,-94.4,0,0,4457,4273,-184,0,-5
1525.308,8830769,3,1,-94.4,0,0,4457,4273,-184,0,-5
1525.407,8830869,3,1,-94.4,0,0,4457,4273,-184,0,-5
1525.508,8830969,3,1,-94.4,0,0,4457,4273,-184,0,-5
1525.607,8831069,3,1,-94.4,0,0,4457,4273,-184,0,-5
1525.707,8831169,3,1,-94.4,0,0,4457,4273,-184,0,-5
1525.807,8831269,3,1,-94.4,0,0,4457,4273,-184,0,-5
1525.906,8831369,3,1,-94.4,0,0,4457,4273,-184,0,-5
1526.007,8831469,3,1,-94.4,0,0,4457,4273,-184,0,-5
1526.106,8831569,3,1,-94.4,0,0,4457,4273,-184,0,-5
1526.207,8831669,3,1,-94.4,0,0,4457,4273,-184,0,-5
1526.306,8831769,3,1,-94.4,0,0,4457,4273,-184,0,-5
1526.407,8831869,3,1,-94.4,0,0,4457,4273,-184,0,-5
1526.507,8831969,3,1,-94.4,0,0,4457,4273,-184,0,-5
1526.607,8832069,3,1,-94.4,0,0,4457,4273,-184,0,-5
1526.707,8832169,3,1,-94.4,0,0,4457,4273,-184,0,-5
1526.807,8832269,3,1,-94.4,0,0,4457,4273,-184,0,-5
1526.907,8832369,3,1,-94.4,0,0,4457,4273,-184,0,-5
1527.007,8832469,3,1,-94.4,0,0,4457,4273,-184,0,-5
1527.106,8832569,3,1,-94.4,0,0,4457,4273,-184,0,-5
1527.219,8832681,3,1,-94.4,0,0,4457,4273,-184,0,-5
1527.307,8832769,3,1,-94.4,0,0,4457,4273,-184,0,-5
1527.406,8832869,3,1,-94.4,0,0,4457,4273,-184,0,-5
1527.507,8832969,3,1,-94.4,0,0,4457,4273,-184,0,-5
1527.607,8833069,3,1,-94.4,0,0,4457,4273,-184,0,-5
1527.707,8833169,3,1,-94.4,0,0,4457,4273,-184,0,-5
1527.806,8833269,3,1,-94.4,0,0,4457,4273,-184,0,-5
1527.907,8833369,3,1,-94.4,0,0,4457,4273,-184,0,-5
1528.020,8833481,2,1,-94.4,0,0,4457,4941,484,-70,-4
1528.107,8833569,2,1,-93.8,0,0,4479,4941,462,-70,-4
1528.207,8833669,2,1,-92.2,0,0,4534,4941,407,-70,-4
1528.307,8833769,2,1,-90.0,0,0,4607,4941,334,-70,-4
1528.407,8833869,2,1,-87.4,0,0,4692,4941,249,-70,-4
1528.507,8833969,2,1,-84.7,0,0,4784,4941,157,-70,-4
1528.607,8834069,2,1,-81.8,0,0,4880,4941,61,-70,-4
1528.706,8834169,2,1,-78.9,0,0,4976,4941,-35,0,-4
1528.807,8834269,2,1,-76.9,0,0,5044,4941,-103,0,-4
1528.907,8834369,2,1,-75.9,0,0,5076,4941,-135,0,-4
1529.019,8834481,2,1,-75.8,0,0,5078,4941,-137,0,-4
1529.107,8834569,2,1,-75.8,0,0,5078,4941,-137,0,-4
1529.207,8834669,2,1,-75.8,0,0,5078,4941,-137,0,-4
1529.319,8834781,3,1,-75.8,0,0,5078,4941,-137,0,-4
1529.407,8834869,3,1,-75.8,0,0,5078,4941,-137,0,-4
1529.506,8834969,3,1,-75.8,0,0,5078,4941,-137,0,-4
1529.607,8835069,3,1,-75.8,0,0,5078,4941,-137,0,-4
1529.708,8835169,3,1,-75.8,0,0,5078,4941,-137,0,-4
1529.808,8835269,3,1,-75.8,0,0,5078,4941,-137,0,-4
1529.907,8835369,3,1,-75.8,0,0,5078,4941,-137,0,-4
1530.007,8835469,3,1,-75.8,0,0,5078,4941,-137,0,-4
1530.107,8835569,3,1,-75.8,0,0,5078,4941,-137,0,-4
1530.207,8835669,3,1,-75.8,0,0,5078,4941,-137,0,-4
1530.307,8835769,3,1,-75.8,0,0,5078,4941,-137,0,-4
1530.406,8835869,3,1,-75.8,0,0,5078,4941,-137,0,-4
1530.506,8835969,3,1,-75.8,0,0,5078,4941,-137,0,-4
1530.609,8836069,3,1,-75.8,0,0,5078,4941,-137,0,-4
1530.706,8836169,3,1,-75.8,0,0,5078,4941,-137,0,-4
1530.806,8836269,3,1,-75.8,0,0,5078,4941,-137,0,-4
1530.907,8836369,3,1,-75.8,0,0,5078,4941,-137,0,-4
1531.006,8836469,3,1,-75.8,0,0,5078,4941,-137,0,-4
1531.108,8836569,3,1,-75.8,0,0,5078,4941,-137,0,-4
1531.206,8836669,3,1,-75.8,0,0,5078,4941,-137,0,-4
1531.319,8836781,3,1,-75.8,0,0,5078,4941,-137,0,-4
1531.406,8836869,3,1,-75.8,0,0,5078,4941,-137,0,-4
1531.506,8836969,3,1,-75.8,0,0,5078,4941,-137,0,-4
1531.606,8837069,3,1,-75.8,0,0,5078,4941,-137,0,-4
1531.706,8837169,3,1,-75.8,0,0,5078,4941,-137,0,-4
1531.806,8837269,3,1,-75.8,0,0,5078,4941,-137,0,-4
1531.906,8837369,3,1,-75.8,0,0,5078,4941,-137,0,-4
1532.020,8837481,2,1,-75.8,0,0,5079,5609,530,-70,-3
1532.107,8837569,2,1,-75.2,0,0,5099,5609,510,-70,-3
1532.207,8837669,2,1,-73.8,0,0,5148,5609,461,-70,-3
1532.307,8837769,2,1,-71.6,0,0,5220,5609,389,-70,-3
1532.406,8837869,2,1,-69.0,0,0,5309,5609,300,-70,-3
1532.506,8837969,2,1,-66.0,0,0,5409,5609,200,-70,-3
1532.608,8838069,2,1,-62.9,0,0,5511,5609,98,-70,-3
1532.706,8838169,2,1,-59.8,0,0,5615,5609,-6,0,-3
1532.806,8838269,2,1,-57.2,0,0,5702,5609,-93,0,-3
1532.909,8838369,2,1,-55.5,0,0,5757,5609,-148,0,-3
1533.019,8838481,2,1,-54.7,0,0,5785,5609,-176,0,-3
1533.107,8838569,2,1,-54.6,0,0,5787,5609,-178,0,-3
1533.206,8838669,2,1,-54.6,0,0,5787,5609,-178,0,-3
1533.306,8838769,2,1,-54.6,0,0,5787,5609,-178,0,-3
1533.419,8838881,3,1,-54.6,0,0,5787,5609,-178,0,-3
1533.506,8838969,3,1,-54.6,0,0,5787,5609,-178,0,-3
1533.606,8839069,3,1,-54.6,0,0,5787,5609,-178,0,-3
1533.706,8839169,3,1,-54.6,0,0,5787,5609,-178,0,-3
1533.806,8839269,3,1,-54.6,0,0,5787,5609,-178,0,-3
1533.907,8839369,3,1,-54.6,0,0,5787,5609,-178,0,-3
1534.007,8839469,3,1,-54.6,0,0,5787,5609,-178,0,-3
1534.107,8839569,3,1,-54.6,0,0,5787,5609,-178,0,-3
1534.207,8839669,3,1,-54.6,0,0,5787,5609,-178,0,-3
1534.306,8839769,3,1,-54.6,0,0,5787,5609,-178,0,-3
1534.406,8839869,3,1,-54.6,0,0,5787,5609,-178,0,-3
1534.506,8839969,3,1,-54.6,0,0,5787,5609,-178,0,-3
1534.606,8840069,3,1,-54.6,0,0,5787,5609,-178,0,-3
1534.706,8840169,3,1,-54.6,0,0,5787,5609,-178,0,-3
1534.806,8840269,3,1,-54.6,0,0,5787,5609,-178,0,-3
1534.907,8840369,3,1,-54.6,0,0,5787,5609,-178,0,-3
1535.006,8840469,3,1,-54.6,0,0,5787,5609,-178,0,-3
1535.106,8840569,3,1,-54.6,0,0,5787,5609,-178,0,-3
1535.206,8840669,3,1,-54.6,0,0,5787,5609,-178,0,-3
1535.307,8840769,3,1,-54.6,0,0,5787,5609,-178,0,-3
1535.419,8840881,3,1,-54.6,0,0,5787,5609,-178,0,-3
1535.506,8840969,3,1,-54.6,0,0,5787,5609,-178,0,-3
1535.619,8841081,2,1,-54.6,0,0,5787,6276,489,-70,-2
1535.706,8841169,2,1,-53.9,0,0,5813,6276,463,-70,-2
1535.806,8841269,2,1,-52.1,0,0,5872,6276,404,-70,-2
1535.906,8841369,2,1,-49.7,0,0,5952,6276,324,-70,-2
1536.007,8841469,2,1,-46.8,0,0,6049,6276,227,-70,-2
1536.106,8841569,2,1,-43.6,0,0,6155,6276,121,-70,-2
1536.206,8841669,2,1,-40.3,0,0,6267,6276,9,-70,-2
1536.306,8841769,2,1,-37.3,0,0,6366,6276,-90,0,-2
1536.406,8841869,2,1,-35.3,0,0,6434,6276,-158,0,-2
1536.507,8841969,2,1,-34.2,0,0,6470,6276,-194,0,-2
1536.618,8842081,2,1,-34.0,0,0,6476,6276,-200,0,-2
1536.706,8842169,2,1,-34.0,0,0,6475,6276,-199,0,-2
1536.806,8842269,2,1,-34.0,0,0,6475,6276,-199,0,-2
1536.906,8842369,2,1,-34.0,0,0,6475,6276,-199,0,-2
1537.018,8842481,3,1,-34.0,0,0,6475,6276,-199,0,-2
1537.106,8842569,3,1,-34.0,0,0,6475,6276,-199,0,-2
1537.206,8842669,3,1,-34.0,0,0,6475,6276,-199,0,-2
1537.307,8842769,3,1,-34.0,0,0,6475,6276,-199,0,-2
1537.406,8842869,3,1,-34.0,0,0,6475,6276,-199,0,-2
1537.506,8842969,3,1,-34.0,0,0,6475,6276,-199,0,-2
1537.606,8843069,3,1,-34.0,0,0,6475,6276,-199,0,-2
1537.706,8843169,3,1,-34.0,0,0,6475,6276,-199,0,-2
1537.806,8843269,3,1,-34.0,0,0,6475,6276,-199,0,-2
1537.906,8843369,3,1,-34.0,0,0,6475,6276,-199,0,-2
1538.006,8843469,3,1,-34.0,0,0,6475,6276,-199,0,-2
1538.106,8843569,3,1,-34.0,0,0,6475,6276,-199,0,-2
1538.206,8843669,3,1,-34.0,0,0,6475,6276,-199,0,-2
1538.306,8843769,3,1,-34.0,0,0,6475,6276,-199,0,-2
1538.406,8843869,3,1,-34.0,0,0,6475,6276,-199,0,-2
1538.506,8843969,3,1,-34.0,0,0,6475,6276,-199,0,-2
1538.606,8844069,3,1,-34.0,0,0,6475,6276,-199,0,-2
1538.706,8844169,3,1,-34.0,0,0,6475,6276,-199,0,-2
1538.806,8844269,3,1,-34.0,0,0,6475,6276,-199,0,-2
1538.907,8844369,3,1,-34.0,0,0,6475,6276,-199,0,-2
1539.020,8844481,3,1,-34.0,0,0,6475,6276,-199,0,-2
1539.106,8844569,3,1,-34.0,0,0,6475,6276,-199,0,-2
1539.206,8844669,3,1,-34.0,0,0,6475,6276,-199,0,-2
1539.306,8844769,3,1,-34.0,0,0,6475,6276,-199,0,-2
1539.406,8844869,3,1,-34.0,0,0,6475,6276,-199,0,-2
1539.506,8844969,3,1,-34.0,0,0,6475,6276,-199,0,-2
1539.606,8845069,3,1,-34.0,0,0,6475,6276,-199,0,-2
1539.706,8845169,3,1,-34.0,0,0,6475,6276,-199,0,-2
1539.806,8845269,3,1,-34.0,0,0,6475,6276,-199,0,-2
1539.906,8845369,3,1,-34.0,0,0,6475,6276,-199,0,-2
1540.008,8845469,3,1,-34.0,0,0,6475,6276,-199,0,-2
1540.106,8845569,3,1,-34.0,0,0,6475,6276,-199,0,-2
1540.206,8845669,3,1,-34.0,0,0,6475,6276,-199,0,-2
1540.306,8845769,3,1,-34.0,0,0,6475,6276,-199,0,-2
1540.406,8845869,3,1,-34.0,0,0,6475,6276,-199,0,-2
1540.506,8845969,3,1,-34.0,0,0,6475,6276,-199,0,-2
1540.605,8846069,3,1,-34.0,0,0,6475,6276,-199,0,-2
1540.706,8846169,3,1,-34.0,0,0,6475,6276,-199,0,-2
1540.805,8846269,3,1,-34.0,0,0,6475,6276,-199,0,-2
1540.906,8846369,3,1,-34.0,0,0,6475,6276,-199,0,-2
1541.018,8846481,3,1,-34.0,0,0,6475,6276,-199,0,-2
1541.106,8846569,3,1,-34.0,0,0,6475,6276,-199,0,-2
1541.206,8846669,3,1,-34.0,0,0,6475,6276,-199,0,-2
1541.306,8846769,3,1,-34.0,0,0,6475,6276,-199,0,-2
1541.406,8846869,3,1,-34.0,0,0,6475,6276,-199,0,-2
1541.506,8846969,3,1,-34.0,0,0,6475,6276,-199,0,-2
1541.606,8847069,3,1,-34.0,0,0,6475,6276,-199,0,-2
1541.706,8847169,3,1,-34.0,0,0,6475,6276,-199,0,-2
1541.807,8847269,3,1,-34.0,0,0,6475,6276,-199,0,-2
1541.906,8847369,3,1,-34.0,0,0,6475,6276,-199,0,-2
1542.006,8847469,3,1,-34.0,0,0,6475,6276,-199,0,-2
1542.105,8847569,3,1,-34.0,0,0,6475,6276,-199,0,-2
1542.206,8847669,3,1,-34.0,0,0,6475,6276,-199,0,-2
1542.306,8847769,3,1,-34.0,0,0,6475,6276,-199,0,-2
1542.406,8847869,3,1,-34.0,0,0,6475,6276,-199,0,-2
1542.506,8847969,3,1,-34.0,0,0,6475,6276,-199,0,-2
1542.606,8848069,3,1,-34.0,0,0,6475,6276,-199,0,-2
1542.707,8848169,3,1,-34.0,0,0,6475,6276,-199,0,-2
1542.806,8848269,3,1,-34.0,0,0,6475,6276,-199,0,-2
1542.906,8848369,3,1,-34.0,0,0,6475,6276,-199,0,-2
1543.018,8848481,3,1,-34.0,0,0,6475,6276,-199,0,-2
1543.106,8848569,3,1,-34.0,0,0,6475,6276,-199,0,-2
1543.206,8848669,3,1,-34.0,0,0,6475,6276,-199,0,-2
1543.306,8848769,3,1,-34.0,0,0,6475,6276,-199,0,-2
1543.405,8848869,3,1,-34.0,0,0,6475,6276,-199,0,-2
1543.505,8848969,3,1,-34.0,0,0,6475,6276,-199,0,-2
1543.606,8849069,3,1,-34.0,0,0,6475,6276,-199,0,-2
1543.706,8849169,3,1,-34.0,0,0,6475,6276,-199,0,-2
1543.806,8849269,3,1,-34.0,0,0,6475,6276,-199,0,-2
1543.906,8849369,3,1,-34.0,0,0,6475,6276,-199,0,-2
1544.006,8849469,3,1,-34.0,0,0,6475,6276,-199,0,-2
1544.106,8849569,3,1,-34.0,0,0,6475,6276,-199,0,-2
1544.206,8849669,3,1,-34.0,0,0,6475,6276,-199,0,-2
1544.306,8849769,3,1,-34.0,0,0,6475,6276,-199,0,-2
1544.405,8849869,3,1,-34.0,0,0,6475,6276,-199,0,-2
1544.505,8849969,3,1,-34.0,0,0,6475,6276,-199,0,-2
1544.606,8850069,3,1,-34.0,0,0,6475,6276,-199,0,-2
1544.706,8850169,3,1,-34.0,0,0,6475,6276,-199,0,-2
1544.806,8850269,3,1,-34.0,0,0,6475,6276,-199,0,-2
1544.906,8850369,3,1,-34.0,0,0,6475,6276,-199,0,-2
1545.018,8850481,3,1,-34.0,0,0,6475,6276,-199,0,-2
1545.106,8850569,3,1,-34.0,0,0,6475,6276,-199,0,-2
1545.205,8850669,3,1,-34.0,0,0,6475,6276,-199,0,-2
1545.306,8850769,3,1,-34.0,0,0,6475,6276,-199,0,-2
1545.406,8850869,3,1,-34.0,0,0,6475,6276,-199,0,-2
1545.506,8850969,3,1,-34.0,0,0,6475,6276,-199,0,-2
1545.605,8851069,3,1,-34.0,0,0,6475,6276,-199,0,-2
1545.705,8851169,3,1,-34.0,0,0,6475,6276,-199,0,-2
1545.806,8851269,3,1,-34.0,0,0,6475,6276,-199,0,-2
1545.906,8851369,3,1,-34.0,0,0,6475,6276,-199,0,-2
1546.006,8851469,3,1,-34.0,0,0,6475,6276,-199,0,-2
1546.106,8851569,3,1,-34.0,0,0,6475,6276,-199,0,-2
1546.206,8851669,3,1,-34.0,0,0,6475,6276,-199,0,-2
1546.306,8851769,3,1,-34.0,0,0,6475,6276,-199,0,-2
1546.405,8851869,3,1,-34.0,0,0,6475,6276,-199,0,-2
1546.505,8851969,3,1,-34.0,0,0,6475,6276,-199,0,-2
1546.606,8852069,3,1,-34.0,0,0,6475,6276,-199,0,-2
1546.705,8852169,3,1,-34.0,0,0,6475,6276,-199,0,-2
1546.806,8852269,3,1,-34.0,0,0,6475,6276,-199,0,-2
1546.906,8852369,3,1,-34.0,0,0,6475,6276,-199,0,-2
1547.018,8852481,3,1,-34.0,0,0,6475,6276,-199,0,-2
1547.106,8852569,3,1,-34.0,0,0,6475,6276,-199,0,-2
1547.206,8852669,3,1,-34.0,0,0,6475,6276,-199,0,-2
1547.305,8852769,3,1,-34.0,0,0,6475,6276,-199,0,-2
1547.406,8852869,3,1,-34.0,0,0,6475,6276,-199,0,-2
1547.505,8852969,3,1,-34.0,0,0,6475,6276,-199,0,-2
1547.606,8853069,3,1,-34.0,0,0,6475,6276,-199,0,-2
1547.706,8853169,3,1,-34.0,0,0,6475,6276,-199,0,-2
1547.806,8853269,3,1,-34.0,0,0,6475,6276,-199,0,-2
1547.906,8853369,3,1,-34.0,0,0,6475,6276,-199,0,-2
1548.006,8853469,3,1,-34.0,0,0,6475,6276,-199,0,-2
1548.106,8853569,3,1,-34.0,0,0,6475,6276,-199,0,-2
1548.205,8853669,3,1,-34.0,0,0,6475,6276,-199,0,-2
1548.306,8853769,3,1,-34.0,0,0,6475,6276,-199,0,-2
1548.405,8853869,3,1,-34.0,0,0,6475,6276,-199,0,-2
1548.506,8853969,3,1,-34.0,0,0,6475,6276,-199,0,-2
1548.605,8854069,3,1,-34.0,0,0,6475,6276,-199,0,-2
1548.705,8854169,3,1,-34.0,0,0,6475,6276,-199,0,-2
1548.806,8854269,3,1,-34.0,0,0,6475,6276,-199,0,-2
1548.906,8854369,3,1,-34.0,0,0,6475,6276,-199,0,-2
1549.018,8854481,3,1,-34.0,0,0,6475,6276,-199,0,-2
1549.105,8854569,3,1,-34.0,0,0,6475,6276,-199,0,-2
1549.205,8854669,3,1,-34.0,0,0,6475,6276,-199,0,-2
1549.305,8854769,3,1,-34.0,0,0,6475,6276,-199,0,-2
1549.405,8854869,3,1,-34.0,0,0,6475,6276,-199,0,-2
1549.505,8854969,3,1,-34.0,0,0,6475,6276,-199,0,-2
1549.605,8855069,3,1,-34.0,0,0,6475,6276,-199,0,-2
1549.705,8855169,3,1,-34.0,0,0,6475,6276,-199,0,-2
1549.809,8855269,3,1,-34.0,0,0,6475,6276,-199,0,-2
1549.907,8855369,3,1,-34.0,0,0,6475,6276,-199,0,-2
1550.005,8855469,3,1,-34.0,0,0,6475,6276,-199,0,-2
1550.106,8855569,3,1,-34.0,0,0,6475,6276,-199,0,-2
1550.206,8855669,3,1,-34.0,0,0,6475,6276,-199,0,-2
1550.306,8855769,3,1,-34.0,0,0,6475,6276,-199,0,-2
1550.405,8855869,3,1,-34.0,0,0,6475,6276,-199,0,-2
1550.505,8855969,3,1,-34.0,0,0,6475,6276,-199,0,-2
1550.605,8856069,3,1,-34.0,0,0,6475,6276,-199,0,-2
1550.705,8856169,3,1,-34.0,0,0,6475,6276,-199,0,-2
1550.806,8856269,3,1,-34.0,0,0,6475,6276,-199,0,-2
1550.906,8856369,3,1,-34.0,0,0,6475,6276,-199,0,-2
1551.018,8856481,3,1,-34.0,0,0,6475,6276,-199,0,-2
1551.105,8856569,3,1,-34.0,0,0,6475,6276,-199,0,-2
1551.206,8856669,3,1,-34.0,0,0,6475,6276,-199,0,-2
1551.305,8856769,3,1,-34.0,0,0,6475,6276,-199,0,-2
1551.405,8856869,3,1,-34.0,0,0,6475,6276,-199,0,-2
1551.505,8856969,3,1,-34.0,0,0,6475,6276,-199,0,-2
1551.605,8857069,3,1,-34.0,0,0,6475,6276,-199,0,-2
1551.705,8857169,3,1,-34.0,0,0,6475,6276,-199,0,-2
1551.805,8857269,3,1,-34.0,0,0,6475,6276,-199,0,-2
1551.907,8857369,3,1,-34.0,0,0,6475,6276,-199,0,-2
1552.006,8857469,3,1,-34.0,0,0,6475,6276,-199,0,-2
1552.105,8857569,3,1,-34.0,0,0,6475,6276,-199,0,-2
1552.206,8857669,3,1,-34.0,0,0,6475,6276,-199,0,-2
1552.305,8857769,3,1,-34.0,0,0,6475,6276,-199,0,-2
1552.405,8857869,3,1,-34.0,0,0,6475,6276,-199,0,-2
1552.505,8857969,3,1,-34.0,0,0,6475,6276,-199,0,-2
1552.605,8858069,3,1,-34.0,0,0,6475,6276,-199,0,-2
1552.705,8858169,3,1,-34.0,0,0,6475,6276,-199,0,-2
1552.806,8858269,3,1,-34.0,0,0,6475,6276,-199,0,-2
1552.906,8858369,3,1,-34.0,0,0,6475,6276,-199,0,-2
1553.018,8858481,3,1,-34.0,0,0,6475,6276,-199,0,-2
1553.105,8858569,3,1,-34.0,0,0,6475,6276,-199,0,-2
1553.206,8858669,3,1,-34.0,0,0,6475,6276,-199,0,-2
1553.308,8858769,3,1,-34.0,0,0,6475,6276,-199,0,-2
1553.405,8858869,3,1,-34.0,0,0,6475,6276,-199,0,-2
1553.506,8858969,3,1,-34.0,0,0,6475,6276,-199,0,-2
1553.605,8859069,3,1,-34.0,0,0,6475,6276,-199,0,-2
1553.705,8859169,3,1,-34.0,0,0,6475,6276,-199,0,-2
1553.805,8859269,3,1,-34.0,0,0,6475,6276,-199,0,-2
1553.905,8859369,3,1,-34.0,0,0,6475,6276,-199,0,-2
1554.005,8859469,3,1,-34.0,0,0,6475,6276,-199,0,-2
1554.105,8859569,3,1,-34.0,0,0,6475,6276,-199,0,-2
1554.205,8859669,3,1,-34.0,0,0,6475,6276,-199,0,-2
1554.306,8859769,3,1,-34.0,0,0,6475,6276,-199,0,-2
1554.406,8859869,3,1,-34.0,0,0,6475,6276,-199,0,-2
1554.505,8859969,3,1,-34.0,0,0,6475,6276,-199,0,-2
1554.605,8860069,3,1,-34.0,0,0,6475,6276,-199,0,-2
1554.705,8860169,3,1,-34.0,0,0,6475,6276,-199,0,-2
1554.805,8860269,3,1,-34.0,0,0,6475,6276,-199,0,-2
1554.905,8860369,3,1,-34.0,0,0,6475,6276,-199,0,-2
1555.018,8860481,3,1,-34.0,0,0,6475,6276,-199,0,-2
1555.105,8860569,3,1,-34.0,0,0,6475,6276,-199,0,-2
1555.205,8860669,3,1,-34.0,0,0,6475,6276,-199,0,-2
1555.305,8860769,3,1,-34.0,0,0,6475,6276,-199,0,-2
1555.405,8860869,3,1,-34.0,0,0,6475,6276,-199,0,-2
1555.505,8860969,3,1,-34.0,0,0,6475,6276,-199,0,-2
1555.605,8861069,3,1,-34.0,0,0,6475,6276,-199,0,-2
1555.705,8861169,3,1,-34.0,0,0,6475,6276,-199,0,-2
1555.805,8861269,3,1,-34.0,0,0,6475,6276,-199,0,-2
1555.906,8861369,3,1,-34.0,0,0,6475,6276,-199,0,-2
1556.005,8861469,3,1,-34.0,0,0,6475,6276,-199,0,-2
1556.105,8861569,3,1,-34.0,0,0,6475,6276,-199,0,-2
1556.205,8861669,3,1,-34.0,0,0,6475,6276,-199,0,-2
1556.305,8861769,3,1,-34.0,0,0,6475,6276,-199,0,-2
1556.405,8861869,3,1,-34.0,0,0,6475,6276,-199,0,-2
1556.505,8861969,3,1,-34.0,0,0,6475,6276,-199,0,-2
1556.605,8862069,3,1,-34.0,0,0,6475,6276,-199,0,-2
1556.704,8862169,3,1,-34.0,0,0,6475,6276,-199,0,-2
1556.805,8862269,3,1,-34.0,0,0,6475,6276,-199,0,-2
1556.905,8862369,3,1,-34.0,0,0,6475,6276,-199,0,-2
1557.018,8862481,3,1,-34.0,0,0,6475,6276,-199,0,-2
1557.105,8862569,3,1,-34.0,0,0,6475,6276,-199,0,-2
1557.205,8862669,3,1,-34.0,0,0,6475,6276,-199,0,-2
1557.305,8862769,3,1,-34.0,0,0,6475,6276,-199,0,-2
1557.405,8862869,3,1,-34.0,0,0,6475,6276,-199,0,-2
1557.508,8862969,3,1,-34.0,0,0,6475,6276,-199,0,-2
1557.604,8863069,3,1,-34.0,0,0,6475,6276,-199,0,-2
1557.706,8863169,3,1,-34.0,0,0,6475,6276,-199,0,-2
1557.806,8863269,3,1,-34.0,0,0,6475,6276,-199,0,-2
1557.905,8863369,3,1,-34.0,0,0,6475,6276,-199,0,-2
1558.005,8863469,3,1,-34.0,0,0,6475,6276,-199,0,-2
1558.105,8863569,3,1,-34.0,0,0,6475,6276,-199,0,-2
1558.205,8863669,3,1,-34.0,0,0,6475,6276,-199,0,-2
1558.305,8863769,3,1,-34.0,0,0,6475,6276,-199,0,-2
1558.405,8863869,3,1,-34.0,0,0,6475,6276,-199,0,-2
1558.510,8863969,3,1,-34.0,0,0,6475,6276,-199,0,-2
1558.605,8864069,3,1,-34.0,0,0,6475,6276,-199,0,-2
1558.705,8864169,3,1,-34.0,0,0,6475,6276,-199,0,-2
1558.805,8864269,3,1,-34.0,0,0,6475,6276,-199,0,-2
1558.905,8864369,3,1,-34.0,0,0,6475,6276,-199,0,-2
1559.018,8864481,3,1,-34.0,0,0,6475,6276,-199,0,-2
1559.105,8864569,3,1,-34.0,0,0,6475,6276,-199,0,-2
1559.205,8864669,3,1,-34.0,0,0,6475,6276,-199,0,-2
1559.305,8864769,3,1,-34.0,0,0,6475,6276,-199,0,-2
1559.405,8864869,3,1,-34.0,0,0,6475,6276,-199,0,-2
1559.505,8864969,3,1,-34.0,0,0,6475,6276,-199,0,-2
1559.605,8865069,3,1,-34.0,0,0,6475,6276,-199,0,-2
1559.705,8865169,3,1,-34.0,0,0,6475,6276,-199,0,-2
1559.805,8865269,3,1,-34.0,0,0,6475,6276,-199,0,-2
1559.905,8865369,3,1,-34.0,0,0,6475,6276,-199,0,-2
1560.005,8865469,3,1,-34.0,0,0,6475,6276,-199,0,-2
1560.105,8865569,3,1,-34.0,0,0,6475,6276,-199,0,-2
1560.205,8865669,3,1,-34.0,0,0,6475,6276,-199,0,-2
1560.305,8865769,3,1,-34.0,0,0,6475,6276,-199,0,-2
1560.405,8865869,3,1,-34.0,0,0,6475,6276,-199,0,-2
1560.505,8865969,3,1,-34.0,0,0,6475,6276,-199,0,-2
1560.605,8866069,3,1,-34.0,0,0,6475,6276,-199,0,-2
1560.705,8866169,3,1,-34.0,0,0,6475,6276,-199,0,-2
1560.804,8866269,3,1,-34.0,0,0,6475,6276,-199,0,-2
1560.905,8866369,3,1,-34.0,0,0,6475,6276,-199,0,-2
1561.017,8866481,3,1,-34.0,0,0,6475,6276,-199,0,-2
1561.105,8866569,3,1,-34.0,0,0,6475,6276,-199,0,-2
1561.205,8866669,3,1,-34.0,0,0,6475,6276,-199,0,-2
1561.305,8866769,3,1,-34.0,0,0,6475,6276,-199,0,-2
1561.404,8866869,3,1,-34.0,0,0,6475,6276,-199,0,-2
1561.505,8866969,3,1,-34.0,0,0,6475,6276,-199,0,-2
1561.604,8867069,3,1,-34.0,0,0,6475,6276,-199,0,-2
1561.705,8867169,3,1,-34.0,0,0,6475,6276,-199,0,-2
1561.805,8867269,3,1,-34.0,0,0,6475,6276,-199,0,-2
1561.905,8867369,3,1,-34.0,0,0,6475,6276,-199,0,-2
1562.004,8867469,3,1,-34.0,0,0,6475,6276,-199,0,-2
1562.105,8867569,3,1,-34.0,0,0,6475,6276,-199,0,-2
1562.205,8867669,3,1,-34.0,0,0,6475,6276,-199,0,-2
1562.305,8867769,3,1,-34.0,0,0,6475,6276,-199,0,-2
1562.405,8867869,3,1,-34.0,0,0,6475,6276,-199,0,-2
1562.505,8867969,3,1,-34.0,0,0,6475,6276,-199,0,-2
1562.604,8868069,3,1,-34.0,0,0,6475,6276,-199,0,-2
1562.705,8868169,3,1,-34.0,0,0,6475,6276,-199,0,-2
1562.804,8868269,3,1,-34.0,0,0,6475,6276,-199,0,-2
1562.904,8868369,3,1,-34.0,0,0,6475,6276,-199,0,-2
1563.024,8868481,3,1,-34.0,0,0,6475,6276,-199,0,-2
1563.105,8868569,3,1,-34.0,0,0,6475,6276,-199,0,-2
1563.204,8868669,3,1,-34.0,0,0,6475,6276,-199,0,-2
1563.304,8868769,3,1,-34.0,0,0,6475,6276,-199,0,-2
1563.404,8868869,3,1,-34.0,0,0,6475,6276,-199,0,-2
1563.505,8868969,3,1,-34.0,0,0,6475,6276,-199,0,-2
1563.604,8869069,3,1,-34.0,0,0,6475,6276,-199,0,-2
1563.704,8869169,3,1,-34.0,0,0,6475,6276,-199,0,-2
1563.804,8869269,3,1,-34.0,0,0,6475,6276,-199,0,-2
1563.905,8869369,3,1,-34.0,0,0,6475,6276,-199,0,-2
1564.005,8869469,3,1,-34.0,0,0,6475,6276,-199,0,-2
1564.105,8869569,3,1,-34.0,0,0,6475,6276,-199,0,-2
1564.204,8869669,3,1,-34.0,0,0,6475,6276,-199,0,-2
1564.305,8869769,3,1,-34.0,0,0,6475,6276,-199,0,-2
1564.405,8869869,3,1,-34.0,0,0,6475,6276,-199,0,-2
1564.505,8869969,3,1,-34.0,0,0,6475,6276,-199,0,-2
1564.605,8870069,3,1,-34.0,0,0,6475,6276,-199,0,-2
1564.705,8870169,3,1,-34.0,0,0,6475,6276,-199,0,-2
1564.805,8870269,3,1,-34.0,0,0,6475,6276,-199,0,-2
1564.905,8870369,3,1,-34.0,0,0,6475,6276,-199,0,-2
1565.018,8870481,3,1,-34.0,0,0,6475,6276,-199,0,-2
1565.104,8870569,3,1,-34.0,0,0,6475,6276,-199,0,-2
1565.205,8870669,3,1,-34.0,0,0,6475,6276,-199,0,-2
1565.305,8870769,3,1,-34.0,0,0,6475,6276,-199,0,-2
1565.404,8870869,3,1,-34.0,0,0,6475,6276,-199,0,-2
1565.505,8870969,3,1,-34.0,0,0,6475,6276,-199,0,-2
1565.606,8871069,3,1,-34.0,0,0,6475,6276,-199,0,-2
1565.704,8871169,3,1,-34.0,0,0,6475,6276,-199,0,-2
1565.805,8871269,3,1,-34.0,0,0,6475,6276,-199,0,-2
1565.905,8871369,3,1,-34.0,0,0,6475,6276,-199,0,-2
1566.005,8871469,3,1,-34.0,0,0,6475,6276,-199,0,-2
1566.104,8871569,3,1,-34.0,0,0,6475,6276,-199,0,-2
1566.204,8871669,3,1,-34.0,0,0,6475,6276,-199,0,-2
1566.306,8871769,3,1,-34.0,0,0,6475,6276,-199,0,-2
1566.404,8871869,3,1,-34.0,0,0,6475,6276,-199,0,-2
1566.504,8871969,3,1,-34.0,0,0,6475,6276,-199,0,-2
1566.604,8872069,3,1,-34.0,0,0,6475,6276,-199,0,-2
1566.704,8872169,3,1,-34.0,0,0,6475,6276,-199,0,-2
1566.804,8872269,3,1,-34.0,0,0,6475,6276,-199,0,-2
1566.904,8872369,3,1,-34.0,0,0,6475,6276,-199,0,-2
1567.017,8872481,3,1,-34.0,0,0,6475,6276,-199,0,-2
1567.104,8872569,3,1,-34.0,0,0,6475,6276,-199,0,-2
1567.204,8872669,3,1,-34.0,0,0,6475,6276,-199,0,-2
1567.304,8872769,3,1,-34.0,0,0,6475,6276,-199,0,-2
1567.404,8872869,3,1,-34.0,0,0,6475,6276,-199,0,-2
1567.505,8872969,3,1,-34.0,0,0,6475,6276,-199,0,-2
1567.604,8873069,3,1,-34.0,0,0,6475,6276,-199,0,-2
1567.704,8873169,3,1,-34.0,0,0,6475,6276,-199,0,-2
1567.804,8873269,3,1,-34.0,0,0,6475,6276,-199,0,-2
1567.904,8873369,3,1,-34.0,0,0,6475,6276,-199,0,-2
1568.004,8873469,3,1,-34.0,0,0,6475,6276,-199,0,-2
1568.104,8873569,3,1,-34.0,0,0,6475,6276,-199,0,-2
1568.204,8873669,3,1,-34.0,0,0,6475,6276,-199,0,-2
1568.305,8873769,3,1,-34.0,0,0,6475,6276,-199,0,-2
1568.404,8873869,3,1,-34.0,0,0,6475,6276,-199,0,-2
1568.504,8873969,3,1,-34.0,0,0,6475,6276,-199,0,-2
1568.604,8874069,3,1,-34.0,0,0,6475,6276,-199,0,-2
1568.704,8874169,3,1,-34.0,0,0,6475,6276,-199,0,-2
1568.804,8874269,3,1,-34.0,0,0,6475,6276,-199,0,-2
1568.904,8874369,3,1,-34.0,0,0,6475,6276,-199,0,-2
1569.029,8874481,3,1,-34.0,0,0,6475,6276,-199,0,-2
1569.104,8874569,3,1,-34.0,0,0,6475,6276,-199,0,-2
1569.205,8874669,3,1,-34.0,0,0,6475,6276,-199,0,-2
1569.304,8874769,3,1,-34.0,0,0,6475,6276,-199,0,-2
1569.404,8874869,3,1,-34.0,0,0,6475,6276,-199,0,-2
1569.506,8874969,3,1,-34.0,0,0,6475,6276,-199,0,-2
1569.604,8875069,3,1,-34.0,0,0,6475,6276,-199,0,-2
1569.704,8875169,3,1,-34.0,0,0,6475,6276,-199,0,-2
1569.804,8875269,3,1,-34.0,0,0,6475,6276,-199,0,-2
1569.904,8875369,3,1,-34.0,0,0,6475,6276,-199,0,-2
1570.004,8875469,3,1,-34.0,0,0,6475,6276,-199,0,-2
1570.104,8875569,3,1,-34.0,0,0,6475,6276,-199,0,-2
1570.204,8875669,3,1,-34.0,0,0,6475,6276,-199,0,-2
1570.304,8875769,3,1,-34.0,0,0,6475,6276,-199,0,-2
1570.404,8875869,3,1,-34.0,0,0,6475,6276,-199,0,-2
1570.504,8875969,3,1,-34.0,0,0,6475,6276,-199,0,-2
1570.605,8876069,3,1,-34.0,0,0,6475,6276,-199,0,-2
1570.704,8876169,3,1,-34.0,0,0,6475,6276,-199,0,-2
1570.804,8876269,3,1,-34.0,0,0,6475,6276,-199,0,-2
1570.904,8876369,3,1,-34.0,0,0,6475,6276,-199,0,-2
1571.017,8876481,3,1,-34.0,0,0,6475,6276,-199,0,-2
1571.105,8876569,3,1,-34.0,0,0,6475,6276,-199,0,-2
1571.205,8876669,3,1,-34.0,0,0,6475,6276,-199,0,-2
1571.305,8876769,3,1,-34.0,0,0,6475,6276,-199,0,-2
1571.404,8876869,3,1,-34.0,0,0,6475,6276,-199,0,-2
1571.504,8876969,3,1,-34.0,0,0,6475,6276,-199,0,-2
1571.605,8877069,3,1,-34.0,0,0,6475,6276,-199,0,-2
1571.704,8877169,3,1,-34.0,0,0,6475,6276,-199,0,-2
1571.804,8877269,3,1,-34.0,0,0,6475,6276,-199,0,-2
1571.904,8877369,3,1,-34.0,0,0,6475,6276,-199,0,-2
1572.004,8877469,3,1,-34.0,0,0,6475,6276,-199,0,-2
1572.105,8877569,3,1,-34.0,0,0,6475,6276,-199,0,-2
1572.205,8877669,3,1,-34.0,0,0,6475,6276,-199,0,-2
1572.304,8877769,3,1,-34.0,0,0,6475,6276,-199,0,-2
1572.404,8877869,3,1,-34.0,0,0,6475,6276,-199,0,-2
1572.505,8877969,3,1,-34.0,0,0,6475,6276,-199,0,-2
1572.606,8878069,3,1,-34.0,0,0,6475,6276,-199,0,-2
1572.704,8878169,3,1,-34.0,0,0,6475,6276,-199,0,-2
1572.803,8878269,3,1,-34.0,0,0,6475,6276,-199,0,-2
1572.904,8878369,3,1,-34.0,0,0,6475,6276,-199,0,-2
1573.016,8878481,3,1,-34.0,0,0,6475,6276,-199,0,-2
1573.104,8878569,3,1,-34.0,0,0,6475,6276,-199,0,-2
1573.203,8878669,3,1,-34.0,0,0,6475,6276,-199,0,-2
1573.304,8878769,3,1,-34.0,0,0,6475,6276,-199,0,-2
1573.404,8878869,3,1,-34.0,0,0,6475,6276,-199,0,-2
1573.504,8878969,3,1,-34.0,0,0,6475,6276,-199,0,-2
1573.604,8879069,3,1,-34.0,0,0,6475,6276,-199,0,-2
1573.704,8879169,3,1,-34.0,0,0,6475,6276,-199,0,-2
1573.804,8879269,3,1,-34.0,0,0,6475,6276,-199,0,-2
1573.904,8879369,3,1,-34.0,0,0,6475,6276,-199,0,-2
1574.004,8879469,3,1,-34.0,0,0,6475,6276,-199,0,-2
1574.104,8879569,3,1,-34.0,0,0,6475,6276,-199,0,-2
1574.207,8879669,3,1,-34.0,0,0,6475,6276,-199,0,-2
1574.305,8879769,3,1,-34.0,0,0,6475,6276,-199,0,-2
1574.404,8879869,3,1,-34.0,0,0,6475,6276,-199,0,-2
1574.505,8879969,3,1,-34.0,0,0,6475,6276,-199,0,-2
1574.608,8880069,3,1,-34.0,0,0,6475,6276,-199,0,-2
1574.703,8880169,3,1,-34.0,0,0,6475,6276,-199,0,-2
1574.804,8880269,3,1,-34.0,0,0,6475,6276,-199,0,-2
1574.903,8880369,3,1,-34.0,0,0,6475,6276,-199,0,-2
1575.016,8880481,3,1,-34.0,0,0,6475,6276,-199,0,-2
1575.104,8880569,3,1,-34.0,0,0,6475,6276,-199,0,-2
1575.204,8880669,3,1,-34.0,0,0,6475,6276,-199,0,-2
1575.304,8880769,3,1,-34.0,0,0,6475,6276,-199,0,-2
1575.404,8880869,3,1,-34.0,0,0,6475,6276,-199,0,-2
1575.504,8880969,3,1,-34.0,0,0,6475,6276,-199,0,-2
1575.605,8881069,3,1,-34.0,0,0,6475,6276,-199,0,-2
1575.704,8881169,3,1,-34.0,0,0,6475,6276,-199,0,-2
1575.804,8881269,3,1,-34.0,0,0,6475,6276,-199,0,-2
1575.903,8881369,3,1,-34.0,0,0,6475,6276,-199,0,-2
1576.003,8881469,3,1,-34.0,0,0,6475,6276,-199,0,-2
1576.103,8881569,3,1,-34.0,0,0,6475,6276,-199,0,-2
1576.204,8881669,3,1,-34.0,0,0,6475,6276,-199,0,-2
1576.303,8881769,3,1,-34.0,0,0,6475,6276,-199,0,-2
1576.404,8881869,3,1,-34.0,0,0,6475,6276,-199,0,-2
1576.504,8881969,3,1,-34.0,0,0,6475,6276,-199,0,-2
1576.604,8882069,3,1,-34.0,0,0,6475,6276,-199,0,-2
1576.704,8882169,3,1,-34.0,0,0,6475,6276,-199,0,-2
1576.804,8882269,3,1,-34.0,0,0,6475,6276,-199,0,-2
1576.903,8882369,3,1,-34.0,0,0,6475,6276,-199,0,-2
1577.017,8882481,3,1,-34.0,0,0,6475,6276,-199,0,-2
1577.104,8882569,3,1,-34.0,0,0,6475,6276,-199,0,-2
1577.204,8882669,3,1,-34.0,0,0,6475,6276,-199,0,-2
1577.304,8882769,3,1,-34.0,0,0,6475,6276,-199,0,-2
1577.404,8882869,3,1,-34.0,0,0,6475,6276,-199,0,-2
1577.504,8882969,3,1,-34.0,0,0,6475,6276,-199,0,-2
1577.604,8883069,3,1,-34.0,0,0,6475,6276,-199,0,-2
1577.704,8883169,3,1,-34.0,0,0,6475,6276,-199,0,-2
1577.804,8883269,3,1,-34.0,0,0,6475,6276,-199,0,-2
1577.903,8883369,3,1,-34.0,0,0,6475,6276,-199,0,-2
1578.004,8883469,3,1,-34.0,0,0,6475,6276,-199,0,-2
1578.104,8883569,3,1,-34.0,0,0,6475,6276,-199,0,-2
1578.204,8883669,3,1,-34.0,0,0,6475,6276,-199,0,-2
1578.304,8883769,3,1,-34.0,0,0,6475,6276,-199,0,-2
1578.403,8883869,3,1,-34.0,0,0,6475,6276,-199,0,-2
1578.504,8883969,3,1,-34.0,0,0,6475,6276,-199,0,-2
1578.604,8884069,3,1,-34.0,0,0,6475,6276,-199,0,-2
1578.703,8884169,3,1,-34.0,0,0,6475,6276,-199,0,-2
1578.803,8884269,3,1,-34.0,0,0,6475,6276,-199,0,-2
1578.903,8884369,3,1,-34.0,0,0,6475,6276,-199,0,-2
1579.016,8884481,3,1,-34.0,0,0,6475,6276,-199,0,-2
1579.104,8884569,3,1,-34.0,0,0,6475,6276,-199,0,-2
1579.204,8884669,3,1,-34.0,0,0,6475,6276,-199,0,-2
1579.303,8884769,3,1,-34.0,0,0,6475,6276,-199,0,-2
1579.403,8884869,3,1,-34.0,0,0,6475,6276,-199,0,-2
1579.504,8884969,3,1,-34.0,0,0,6475,6276,-199,0,-2
1579.605,8885069,3,1,-34.0,0,0,6475,6276,-199,0,-2
1579.703,8885169,3,1,-34.0,0,0,6475,6276,-199,0,-2
1579.803,8885269,3,1,-34.0,0,0,6475,6276,-199,0,-2
1579.903,8885369,3,1,-34.0,0,0,6475,6276,-199,0,-2
1580.003,8885469,3,1,-34.0,0,0,6475,6276,-199,0,-2
1580.104,8885569,3,1,-34.0,0,0,6475,6276,-199,0,-2
1580.203,8885669,3,1,-34.0,0,0,6475,6276,-199,0,-2
1580.303,8885769,3,1,-34.0,0,0,6475,6276,-199,0,-2
1580.403,8885869,3,1,-34.0,0,0,6475,6276,-199,0,-2
1580.504,8885969,3,1,-34.0,0,0,6475,6276,-199,0,-2
1580.604,8886069,3,1,-34.0,0,0,6475,6276,-199,0,-2
1580.704,8886169,3,1,-34.0,0,0,6475,6276,-199,0,-2
1580.803,8886269,3,1,-34.0,0,0,6475,6276,-199,0,-2
1580.903,8886369,3,1,-34.0,0,0,6475,6276,-199,0,-2
1581.016,8886481,3,1,-34.0,0,0,6475,6276,-199,0,-2
1581.103,8886569,3,1,-34.0,0,0,6475,6276,-199,0,-2
1581.204,8886669,3,1,-34.0,0,0,6475,6276,-199,0,-2
1581.304,8886769,3,1,-34.0,0,0,6475,6276,-199,0,-2
1581.403,8886869,3,1,-34.0,0,0,6475,6276,-199,0,-2
1581.503,8886969,3,1,-34.0,0,0,6475,6276,-199,0,-2
1581.604,8887069,3,1,-34.0,0,0,6475,6276,-199,0,-2
1581.703,8887169,3,1,-34.0,0,0,6475,6276,-199,0,-2
1581.803,8887269,3,1,-34.0,0,0,6475,6276,-199,0,-2
1581.903,8887369,3,1,-34.0,0,0,6475,6276,-199,0,-2
1582.003,8887469,3,1,-34.0,0,0,6475,6276,-199,0,-2
1582.104,8887569,3,1,-34.0,0,0,6475,6276,-199,0,-2
1582.204,8887669,3,1,-34.0,0,0,6475,6276,-199,0,-2
1582.304,8887769,3,1,-34.0,0,0,6475,6276,-199,0,-2
1582.404,8887869,3,1,-34.0,0,0,6475,6276,-199,0,-2
1582.504,8887969,3,1,-34.0,0,0,6475,6276,-199,0,-2
1582.603,8888069,3,1,-34.0,0,0,6475,6276,-199,0,-2
1582.703,8888169,3,1,-34.0,0,0,6475,6276,-199,0,-2
1582.803,8888269,3,1,-34.0,0,0,6475,6276,-199,0,-2
1582.903,8888369,3,1,-34.0,0,0,6475,6276,-199,0,-2
1583.016,8888481,3,1,-34.0,0,0,6475,6276,-199,0,-2
1583.103,8888569,3,1,-34.0,0,0,6475,6276,-199,0,-2
1583.203,8888669,3,1,-34.0,0,0,6475,6276,-199,0,-2
1583.304,8888769,3,1,-34.0,0,0,6475,6276,-199,0,-2
1583.403,8888869,3,1,-34.0,0,0,6475,6276,-199,0,-2
1583.503,8888969,3,1,-34.0,0,0,6475,6276,-199,0,-2
1583.603,8889069,3,1,-34.0,0,0,6475,6276,-199,0,-2
1583.702,8889169,3,1,-34.0,0,0,6475,6276,-199,0,-2
1583.803,8889269,3,1,-34.0,0,0,6475,6276,-199,0,-2
1583.903,8889369,3,1,-34.0,0,0,6475,6276,-199,0,-2
1584.003,8889469,3,1,-34.0,0,0,6475,6276,-199,0,-2
1584.104,8889569,3,1,-34.0,0,0,6475,6276,-199,0,-2
1584.204,8889669,3,1,-34.0,0,0,6475,6276,-199,0,-2
1584.303,8889769,3,1,-34.0,0,0,6475,6276,-199,0,-2
1584.403,8889869,3,1,-34.0,0,0,6475,6276,-199,0,-2
1584.504,8889969,3,1,-34.0,0,0,6475,6276,-199,0,-2
1584.606,8890069,3,1,-34.0,0,0,6475,6276,-199,0,-2
1584.704,8890169,3,1,-34.0,0,0,6475,6276,-199,0,-2
1584.803,8890269,3,1,-34.0,0,0,6475,6276,-199,0,-2
1584.903,8890369,3,1,-34.0,0,0,6475,6276,-199,0,-2
1585.017,8890481,3,1,-34.0,0,0,6475,6276,-199,0,-2
1585.103,8890569,3,1,-34.0,0,0,6475,6276,-199,0,-2
1585.204,8890669,3,1,-34.0,0,0,6475,6276,-199,0,-2
1585.304,8890769,3,1,-34.0,0,0,6475,6276,-199,0,-2
1585.403,8890869,3,1,-34.0,0,0,6475,6276,-199,0,-2
1585.503,8890969,3,1,-34.0,0,0,6475,6276,-199,0,-2
1585.603,8891069,3,1,-34.0,0,0,6475,6276,-199,0,-2
1585.704,8891169,3,1,-34.0,0,0,6475,6276,-199,0,-2
1585.803,8891269,3,1,-34.0,0,0,6475,6276,-199,0,-2
1585.903,8891369,3,1,-34.0,0,0,6475,6276,-199,0,-2
1586.004,8891469,3,1,-34.0,0,0,6475,6276,-199,0,-2
1586.103,8891569,3,1,-34.0,0,0,6475,6276,-199,0,-2
1586.204,8891669,3,1,-34.0,0,0,6475,6276,-199,0,-2
1586.304,8891769,3,1,-34.0,0,0,6475,6276,-199,0,-2
1586.402,8891869,3,1,-34.0,0,0,6475,6276,-199,0,-2
1586.504,8891969,3,1,-34.0,0,0,6475,6276,-199,0,-2
1586.604,8892069,3,1,-34.0,0,0,6475,6276,-199,0,-2
1586.703,8892169,3,1,-34.0,0,0,6475,6276,-199,0,-2
1586.803,8892269,3,1,-34.0,0,0,6475,6276,-199,0,-2
1586.903,8892369,3,1,-34.0,0,0,6475,6276,-199,0,-2
1587.016,8892481,3,1,-34.0,0,0,6475,6276,-199,0,-2
1587.103,8892569,3,1,-34.0,0,0,6475,6276,-199,0,-2
1587.204,8892669,3,1,-34.0,0,0,6475,6276,-199,0,-2
1587.303,8892769,3,1,-34.0,0,0,6475,6276,-199,0,-2
1587.403,8892869,3,1,-34.0,0,0,6475,6276,-199,0,-2
1587.503,8892969,3,1,-34.0,0,0,6475,6276,-199,0,-2
1587.603,8893069,3,1,-34.0,0,0,6475,6276,-199,0,-2
1587.703,8893169,3,1,-34.0,0,0,6475,6276,-199,0,-2
1587.803,8893269,3,1,-34.0,0,0,6475,6276,-199,0,-2
1587.908,8893369,3,1,-34.0,0,0,6475,6276,-199,0,-2
1588.003,8893469,3,1,-34.0,0,0,6475,6276,-199,0,-2
1588.104,8893569,3,1,-34.0,0,0,6475,6276,-199,0,-2
1588.203,8893669,3,1,-34.0,0,0,6475,6276,-199,0,-2
1588.303,8893769,3,1,-34.0,0,0,6475,6276,-199,0,-2
1588.403,8893869,3,1,-34.0,0,0,6475,6276,-199,0,-2
1588.503,8893969,3,1,-34.0,0,0,6475,6276,-199,0,-2
1588.605,8894069,3,1,-34.0,0,0,6475,6276,-199,0,-2
1588.703,8894169,3,1,-34.0,0,0,6475,6276,-199,0,-2
1588.803,8894269,3,1,-34.0,0,0,6475,6276,-199,0,-2
1588.903,8894369,3,1,-34.0,0,0,6475,6276,-199,0,-2
1589.015,8894481,3,1,-34.0,0,0,6475,6276,-199,0,-2
1589.103,8894569,3,1,-34.0,0,0,6475,6276,-199,0,-2
1589.203,8894669,3,1,-34.0,0,0,6475,6276,-199,0,-2
1589.303,8894769,3,1,-34.0,0,0,6475,6276,-199,0,-2
1589.403,8894869,3,1,-34.0,0,0,6475,6276,-199,0,-2
1589.503,8894969,3,1,-34.0,0,0,6475,6276,-199,0,-2
1589.604,8895069,3,1,-34.0,0,0,6475,6276,-199,0,-2
1589.703,8895169,3,1,-34.0,0,0,6475,6276,-199,0,-2
1589.803,8895269,3,1,-34.0,0,0,6475,6276,-199,0,-2
1589.903,8895369,3,1,-34.0,0,0,6475,6276,-199,0,-2
1590.003,8895469,3,1,-34.0,0,0,6475,6276,-199,0,-2
1590.103,8895569,3,1,-34.0,0,0,6475,6276,-199,0,-2
1590.204,8895669,3,1,-34.0,0,0,6475,6276,-199,0,-2
1590.303,8895769,3,1,-34.0,0,0,6475,6276,-199,0,-2
1590.402,8895869,3,1,-34.0,0,0,6475,6276,-199,0,-2
1590.503,8895969,3,1,-34.0,0,0,6475,6276,-199,0,-2
1590.603,8896069,3,1,-34.0,0,0,6475,6276,-199,0,-2
1590.703,8896169,3,1,-34.0,0,0,6475,6276,-199,0,-2
1590.803,8896269,3,1,-34.0,0,0,6475,6276,-199,0,-2
1590.903,8896369,3,1,-34.0,0,0,6475,6276,-199,0,-2
1591.015,8896481,3,1,-34.0,0,0,6475,6276,-199,0,-2
1591.103,8896569,3,1,-34.0,0,0,6475,6276,-199,0,-2
1591.203,8896669,3,1,-34.0,0,0,6475,6276,-199,0,-2
1591.303,8896769,3,1,-34.0,0,0,6475,6276,-199,0,-2
1591.403,8896869,3,1,-34.0,0,0,6475,6276,-199,0,-2
1591.503,8896969,3,1,-34.0,0,0,6475,6276,-199,0,-2
1591.603,8897069,3,1,-34.0,0,0,6475,6276,-199,0,-2
1591.703,8897169,3,1,-34.0,0,0,6475,6276,-199,0,-2
1591.802,8897269,3,1,-34.0,0,0,6475,6276,-199,0,-2
1591.903,8897369,3,1,-34.0,0,0,6475,6276,-199,0,-2
1592.003,8897469,3,1,-34.0,0,0,6475,6276,-199,0,-2
1592.103,8897569,3,1,-34.0,0,0,6475,6276,-199,0,-2
1592.203,8897669,3,1,-34.0,0,0,6475,6276,-199,0,-2
1592.303,8897769,3,1,-34.0,0,0,6475,6276,-199,0,-2
1592.402,8897869,3,1,-34.0,0,0,6475,6276,-199,0,-2
1592.503,8897969,3,1,-34.0,0,0,6475,6276,-199,0,-2
1592.603,8898069,3,1,-34.0,0,0,6475,6276,-199,0,-2
1592.712,8898169,3,1,-34.0,0,0,6475,6276,-199,0,-2
1592.802,8898269,3,1,-34.0,0,0,6475,6276,-199,0,-2
1592.903,8898369,3,1,-34.0,0,0,6475,6276,-199,0,-2
1593.017,8898481,3,1,-34.0,0,0,6475,6276,-199,0,-2
1593.103,8898569,3,1,-34.0,0,0,6475,6276,-199,0,-2
1593.203,8898669,3,1,-34.0,0,0,6475,6276,-199,0,-2
1593.302,8898769,3,1,-34.0,0,0,6475,6276,-199,0,-2
1593.403,8898869,3,1,-34.0,0,0,6475,6276,-199,0,-2
1593.503,8898969,3,1,-34.0,0,0,6475,6276,-199,0,-2
1593.604,8899069,3,1,-34.0,0,0,6475,6276,-199,0,-2
1593.703,8899169,3,1,-34.0,0,0,6475,6276,-199,0,-2
1593.803,8899269,3,1,-34.0,0,0,6475,6276,-199,0,-2
1593.903,8899369,3,1,-34.0,0,0,6475,6276,-199,0,-2
1594.002,8899469,3,1,-34.0,0,0,6475,6276,-199,0,-2
1594.103,8899569,3,1,-34.0,0,0,6475,6276,-199,0,-2
1594.202,8899669,3,1,-34.0,0,0,6475,6276,-199,0,-2
1594.304,8899769,3,1,-34.0,0,0,6475,6276,-199,0,-2
1594.403,8899869,3,1,-34.0,0,0,6475,6276,-199,0,-2
1594.503,8899969,3,1,-34.0,0,0,6475,6276,-199,0,-2
1594.603,8900069,3,1,-34.0,0,0,6475,6276,-199,0,-2
1594.703,8900169,3,1,-34.0,0,0,6475,6276,-199,0,-2
1594.802,8900269,3,1,-34.0,0,0,6475,6276,-199,0,-2
1594.902,8900369,3,1,-34.0,0,0,6475,6276,-199,0,-2
1595.015,8900481,3,1,-34.0,0,0,6475,6276,-199,0,-2
1595.102,8900569,3,1,-34.0,0,0,6475,6276,-199,0,-2
1595.203,8900669,3,1,-34.0,0,0,6475,6276,-199,0,-2
1595.303,8900769,3,1,-34.0,0,0,6475,6276,-199,0,-2
1595.402,8900869,3,1,-34.0,0,0,6475,6276,-199,0,-2
1595.502,8900969,3,1,-34.0,0,0,6475,6276,-199,0,-2
1595.603,8901069,3,1,-34.0,0,0,6475,6276,-199,0,-2
1595.703,8901169,3,1,-34.0,0,0,6475,6276,-199,0,-2
1595.803,8901269,3,1,-34.0,0,0,6475,6276,-199,0,-2
1595.902,8901369,3,1,-34.0,0,0,6475,6276,-199,0,-2
1596.002,8901469,3,1,-34.0,0,0,6475,6276,-199,0,-2
1596.102,8901569,3,1,-34.0,0,0,6475,6276,-199,0,-2
1596.203,8901669,3,1,-34.0,0,0,6475,6276,-199,0,-2
1596.303,8901769,3,1,-34.0,0,0,6475,6276,-199,0,-2
1596.402,8901869,3,1,-34.0,0,0,6475,6276,-199,0,-2
1596.503,8901969,3,1,-34.0,0,0,6475,6276,-199,0,-2
1596.603,8902069,3,1,-34.0,0,0,6475,6276,-199,0,-2
1596.702,8902169,3,1,-34.0,0,0,6475,6276,-199,0,-2
1596.803,8902269,3,1,-34.0,0,0,6475,6276,-199,0,-2
1596.902,8902369,3,1,-34.0,0,0,6475,6276,-199,0,-2
1597.015,8902481,3,1,-34.0,0,0,6475,6276,-199,0,-2
1597.103,8902569,3,1,-34.0,0,0,6475,6276,-199,0,-2
1597.203,8902669,3,1,-34.0,0,0,6475,6276,-199,0,-2
1597.303,8902769,3,1,-34.0,0,0,6475,6276,-199,0,-2
1597.402,8902869,3,1,-34.0,0,0,6475,6276,-199,0,-2
1597.502,8902969,3,1,-34.0,0,0,6475,6276,-199,0,-2
1597.602,8903069,3,1,-34.0,0,0,6475,6276,-199,0,-2
1597.702,8903169,3,1,-34.0,0,0,6475,6276,-199,0,-2
1597.802,8903269,3,1,-34.0,0,0,6475,6276,-199,0,-2
1597.902,8903369,3,1,-34.0,0,0,6475,6276,-199,0,-2
1598.002,8903469,3,1,-34.0,0,0,6475,6276,-199,0,-2
1598.102,8903569,3,1,-34.0,0,0,6475,6276,-199,0,-2
1598.202,8903669,3,1,-34.0,0,0,6475,6276,-199,0,-2
1598.303,8903769,3,1,-34.0,0,0,6475,6276,-199,0,-2
1598.402,8903869,3,1,-34.0,0,0,6475,6276,-199,0,-2
1598.503,8903969,3,1,-34.0,0,0,6475,6276,-199,0,-2
1598.602,8904069,3,1,-34.0,0,0,6475,6276,-199,0,-2
1598.702,8904169,3,1,-34.0,0,0,6475,6276,-199,0,-2
1598.802,8904269,3,1,-34.0,0,0,6475,6276,-199,0,-2
1598.902,8904369,3,1,-34.0,0,0,6475,6276,-199,0,-2
1599.015,8904481,3,1,-34.0,0,0,6475,6276,-199,0,-2
1599.102,8904569,3,1,-34.0,0,0,6475,6276,-199,0,-2
1599.203,8904669,3,1,-34.0,0,0,6475,6276,-199,0,-2
1599.302,8904769,3,1,-34.0,0,0,6475,6276,-199,0,-2
1599.402,8904869,3,1,-34.0,0,0,6475,6276,-199,0,-2
1599.502,8904969,3,1,-34.0,0,0,6475,6276,-199,0,-2
1599.603,8905069,3,1,-34.0,0,0,6475,6276,-199,0,-2
1599.703,8905169,3,1,-34.0,0,0,6475,6276,-199,0,-2
1599.802,8905269,3,1,-34.0,0,0,6475,6276,-199,0,-2
1599.902,8905369,3,1,-34.0,0,0,6475,6276,-199,0,-2
1600.002,8905469,3,1,-34.0,0,0,6475,6276,-199,0,-2
1600.103,8905569,3,1,-34.0,0,0,6475,6276,-199,0,-2
1600.202,8905669,3,1,-34.0,0,0,6475,6276,-199,0,-2
1600.302,8905769,3,1,-34.0,0,0,6475,6276,-199,0,-2
1600.402,8905869,3,1,-34.0,0,0,6475,6276,-199,0,-2
1600.503,8905969,3,1,-34.0,0,0,6475,6276,-199,0,-2
1600.603,8906069,3,1,-34.0,0,0,6475,6276,-199,0,-2
1600.703,8906169,3,1,-34.0,0,0,6475,6276,-199,0,-2
1600.802,8906269,3,1,-34.0,0,0,6475,6276,-199,0,-2
1600.902,8906369,3,1,-34.0,0,0,6475,6276,-199,0,-2
1601.016,8906481,3,1,-34.0,0,0,6475,6276,-199,0,-2
1601.102,8906569,3,1,-34.0,0,0,6475,6276,-199,0,-2
1601.202,8906669,3,1,-34.0,0,0,6475,6276,-199,0,-2
1601.302,8906769,3,1,-34.0,0,0,6475,6276,-199,0,-2
1601.402,8906869,3,1,-34.0,0,0,6475,6276,-199,0,-2
1601.502,8906969,3,1,-34.0,0,0,6475,6276,-199,0,-2
1601.604,8907069,3,1,-34.0,0,0,6475,6276,-199,0,-2
1601.703,8907169,3,1,-34.0,0,0,6475,6276,-199,0,-2
1601.802,8907269,3,1,-34.0,0,0,6475,6276,-199,0,-2
1601.902,8907369,3,1,-34.0,0,0,6475,6276,-199,0,-2
1602.002,8907469,3,1,-34.0,0,0,6475,6276,-199,0,-2
1602.102,8907569,3,1,-34.0,0,0,6475,6276,-199,0,-2
1602.202,8907669,3,1,-34.0,0,0,6475,6276,-199,0,-2
1602.302,8907769,3,1,-34.0,0,0,6475,6276,-199,0,-2
1602.402,8907869,3,1,-34.0,0,0,6475,6276,-199,0,-2
1602.502,8907969,3,1,-34.0,0,0,6475,6276,-199,0,-2
1602.602,8908069,3,1,-34.0,0,0,6475,6276,-199,0,-2
1602.702,8908169,3,1,-34.0,0,0,6475,6276,-199,0,-2
1602.807,8908269,3,1,-34.0,0,0,6475,6276,-199,0,-2
1602.902,8908369,3,1,-34.0,0,0,6475,6276,-199,0,-2
1603.015,8908481,3,1,-34.0,0,0,6475,6276,-199,0,-2
1603.102,8908569,3,1,-34.0,0,0,6475,6276,-199,0,-2
1603.202,8908669,3,1,-34.0,0,0,6475,6276,-199,0,-2
1603.302,8908769,3,1,-34.0,0,0,6475,6276,-199,0,-2
1603.402,8908869,3,1,-34.0,0,0,6475,6276,-199,0,-2
1603.502,8908969,3,1,-34.0,0,0,6475,6276,-199,0,-2
1603.602,8909069,3,1,-34.0,0,0,6475,6276,-199,0,-2
1603.703,8909169,3,1,-34.0,0,0,6475,6276,-199,0,-2
1603.802,8909269,3,1,-34.0,0,0,6475,6276,-199,0,-2
1603.902,8909369,3,1,-34.0,0,0,6475,6276,-199,0,-2
1604.002,8909469,3,1,-34.0,0,0,6475,6276,-199,0,-2
1604.102,8909569,3,1,-34.0,0,0,6475,6276,-199,0,-2
1604.202,8909669,3,1,-34.0,0,0,6475,6276,-199,0,-2
1604.305,8909769,3,1,-34.0,0,0,6475,6276,-199,0,-2
1604.402,8909869,3,1,-34.0,0,0,6475,6276,-199,0,-2
1604.503,8909969,3,1,-34.0,0,0,6475,6276,-199,0,-2
1604.602,8910069,3,1,-34.0,0,0,6475,6276,-199,0,-2
1604.712,8910169,3,1,-34.0,0,0,6475,6276,-199,0,-2
1604.802,8910269,3,1,-34.0,0,0,6475,6276,-199,0,-2
1604.902,8910369,3,1,-34.0,0,0,6475,6276,-199,0,-2
1605.015,8910481,3,1,-34.0,0,0,6475,6276,-199,0,-2
1605.102,8910569,3,1,-34.0,0,0,6475,6276,-199,0,-2
1605.202,8910669,3,1,-34.0,0,0,6475,6276,-199,0,-2
1605.302,8910769,3,1,-34.0,0,0,6475,6276,-199,0,-2
1605.402,8910869,3,1,-34.0,0,0,6475,6276,-199,0,-2
1605.502,8910969,3,1,-34.0,0,0,6475,6276,-199,0,-2
1605.602,8911069,3,1,-34.0,0,0,6475,6276,-199,0,-2
1605.702,8911169,3,1,-34.0,0,0,6475,6276,-199,0,-2
1605.802,8911269,3,1,-34.0,0,0,6475,6276,-199,0,-2
1605.901,8911369,3,1,-34.0,0,0,6475,6276,-199,0,-2
1606.002,8911469,3,1,-34.0,0,0,6475,6276,-199,0,-2
1606.102,8911569,3,1,-34.0,0,0,6475,6276,-199,0,-2
1606.203,8911669,3,1,-34.0,0,0,6475,6276,-199,0,-2
1606.302,8911769,3,1,-34.0,0,0,6475,6276,-199,0,-2
1606.402,8911869,3,1,-34.0,0,0,6475,6276,-199,0,-2
1606.502,8911969,3,1,-34.0,0,0,6475,6276,-199,0,-2
1606.602,8912069,3,1,-34.0,0,0,6475,6276,-199,0,-2
1606.702,8912169,3,1,-34.0,0,0,6475,6276,-199,0,-2
1606.802,8912269,3,1,-34.0,0,0,6475,6276,-199,0,-2
1606.902,8912369,3,1,-34.0,0,0,6475,6276,-199,0,-2
1607.016,8912481,3,1,-34.0,0,0,6475,6276,-199,0,-2
1607.102,8912569,3,1,-34.0,0,0,6475,6276,-199,0,-2
1607.203,8912669,3,1,-34.0,0,0,6475,6276,-199,0,-2
1607.302,8912769,3,1,-34.0,0,0,6475,6276,-199,0,-2
1607.401,8912869,3,1,-34.0,0,0,6475,6276,-199,0,-2
1607.502,8912969,3,1,-34.0,0,0,6475,6276,-199,0,-2
1607.602,8913069,3,1,-34.0,0,0,6475,6276,-199,0,-2
1607.702,8913169,3,1,-34.0,0,0,6475,6276,-199,0,-2
1607.802,8913269,3,1,-34.0,0,0,6475,6276,-199,0,-2
1607.902,8913369,3,1,-34.0,0,0,6475,6276,-199,0,-2
1608.002,8913469,3,1,-34.0,0,0,6475,6276,-199,0,-2
1608.102,8913569,3,1,-34.0,0,0,6475,6276,-199,0,-2
1608.202,8913669,3,1,-34.0,0,0,6475,6276,-199,0,-2
1608.302,8913769,3,1,-34.0,0,0,6475,6276,-199,0,-2
1608.401,8913869,3,1,-34.0,0,0,6475,6276,-199,0,-2
1608.502,8913969,3,1,-34.0,0,0,6475,6276,-199,0,-2
1608.602,8914069,3,1,-34.0,0,0,6475,6276,-199,0,-2
1608.702,8914169,3,1,-34.0,0,0,6475,6276,-199,0,-2
1608.802,8914269,3,1,-34.0,0,0,6475,6276,-199,0,-2
1608.902,8914369,3,1,-34.0,0,0,6475,6276,-199,0,-2
1609.014,8914481,3,1,-34.0,0,0,6475,6276,-199,0,-2
1609.101,8914569,3,1,-34.0,0,0,6475,6276,-199,0,-2
1609.202,8914669,3,1,-34.0,0,0,6475,6276,-199,0,-2
1609.302,8914769,3,1,-34.0,0,0,6475,6276,-199,0,-2
1609.402,8914869,3,1,-34.0,0,0,6475,6276,-199,0,-2
1609.503,8914969,3,1,-34.0,0,0,6475,6276,-199,0,-2
1609.601,8915069,3,1,-34.0,0,0,6475,6276,-199,0,-2
1609.702,8915169,3,1,-34.0,0,0,6475,6276,-199,0,-2
1609.802,8915269,3,1,-34.0,0,0,6475,6276,-199,0,-2
1609.902,8915369,3,1,-34.0,0,0,6475,6276,-199,0,-2
1610.001,8915469,3,1,-34.0,0,0,6474,6276,-198,0,-2
1610.101,8915569,3,1,-34.0,0,0,6475,6276,-199,0,-2
1610.202,8915669,3,1,-34.0,0,0,6475,6276,-199,0,-2
1610.302,8915769,3,1,-34.0,0,0,6475,6276,-199,0,-2
1610.402,8915869,3,1,-34.1,0,0,6472,6276,-196,0,-2
1610.502,8915969,3,1,-34.1,0,0,6472,6276,-196,0,-2
1610.602,8916069,3,1,-34.1,0,0,6472,6276,-196,0,-2
1610.701,8916169,3,1,-34.1,0,0,6472,6276,-196,0,-2
1610.802,8916269,3,1,-34.1,0,0,6472,6276,-196,0,-2
1610.902,8916369,3,1,-34.1,0,0,6472,6276,-196,0,-2
1611.014,8916481,3,1,-34.1,0,0,6472,6276,-196,0,-2
1611.102,8916569,3,1,-34.1,0,0,6472,6276,-196,0,-2
1611.202,8916669,3,1,-34.1,0,0,6472,6276,-196,0,-2
1611.302,8916769,3,1,-34.1,0,0,6472,6276,-196,0,-2
1611.402,8916869,3,1,-34.1,0,0,6472,6276,-196,0,-2
1611.502,8916969,3,1,-34.1,0,0,6472,6276,-196,0,-2
1611.602,8917069,3,1,-34.1,0,0,6472,6276,-196,0,-2
1611.702,8917169,3,1,-34.1,0,0,6471,6276,-195,0,-2
1611.804,8917269,3,1,-34.1,0,0,6471,6276,-195,0,-2
1611.902,8917369,3,1,-34.1,0,0,6471,6276,-195,0,-2
1612.001,8917469,3,1,-34.1,0,0,6471,6276,-195,0,-2
1612.102,8917569,3,1,-34.1,0,0,6471,6276,-195,0,-2
1612.202,8917669,3,1,-34.1,0,0,6471,6276,-195,0,-2
1612.302,8917769,3,1,-34.1,0,0,6471,6276,-195,0,-2
1612.401,8917869,3,1,-34.1,0,0,6471,6276,-195,0,-2
1612.502,8917969,3,1,-34.1,0,0,6471,6276,-195,0,-2
1612.602,8918069,3,1,-34.1,0,0,6471,6276,-195,0,-2
1612.702,8918169,3,1,-34.1,0,0,6471,6276,-195,0,-2
1612.802,8918269,3,1,-34.1,0,0,6471,6276,-195,0,-2
1612.901,8918369,3,1,-34.1,0,0,6471,6276,-195,0,-2
1613.014,8918481,3,1,-34.1,0,0,6471,6276,-195,0,-2
1613.101,8918569,3,1,-34.1,0,0,6471,6276,-195,0,-2
1613.201,8918669,3,1,-34.1,0,0,6471,6276,-195,0,-2
1613.301,8918769,3,1,-34.1,0,0,6471,6276,-195,0,-2
1613.402,8918869,3,1,-34.1,0,0,6471,6276,-195,0,-2
1613.505,8918969,3,1,-34.1,0,0,6471,6276,-195,0,-2
1613.601,8919069,3,1,-34.1,0,0,6471,6276,-195,0,-2
1613.702,8919169,3,1,-34.1,0,0,6471,6276,-195,0,-2
1613.802,8919269,3,1,-34.1,0,0,6471,6276,-195,0,-2
1613.902,8919369,3,1,-34.1,0,0,6471,6276,-195,0,-2
1614.001,8919469,3,1,-34.1,0,0,6471,6276,-195,0,-2
1614.102,8919569,3,1,-34.1,0,0,6471,6276,-195,0,-2
1614.201,8919669,3,1,-34.1,0,0,6471,6276,-195,0,-2
1614.303,8919769,3,1,-34.1,0,0,6471,6276,-195,0,-2
1614.401,8919869,3,1,-34.1,0,0,6471,6276,-195,0,-2
1614.502,8919969,3,1,-34.1,0,0,6471,6276,-195,0,-2
1614.603,8920069,3,1,-34.1,0,0,6471,6276,-195,0,-2
1614.701,8920169,3,1,-34.1,0,0,6471,6276,-195,0,-2
1614.806,8920269,3,1,-34.1,0,0,6471,6276,-195,0,-2
1614.902,8920369,3,1,-34.1,0,0,6471,6276,-195,0,-2
1615.014,8920481,3,1,-34.1,0,0,6471,6276,-195,0,-2
1615.101,8920569,3,1,-34.1,0,0,6471,6276,-195,0,-2
1615.201,8920669,3,1,-34.1,0,0,6471,6276,-195,0,-2
1615.301,8920769,3,1,-34.1,0,0,6471,6276,-195,0,-2
1615.401,8920869,3,1,-34.1,0,0,6471,6276,-195,0,-2
1615.501,8920969,3,1,-34.1,0,0,6471,6276,-195,0,-2
1615.601,8921069,3,1,-34.1,0,0,6471,6276,-195,0,-2
1615.702,8921169,3,1,-34.1,0,0,6471,6276,-195,0,-2
1615.802,8921269,3,1,-34.1,0,0,6471,6276,-195,0,-2
1615.901,8921369,3,1,-34.1,0,0,6471,6276,-195,0,-2
1616.001,8921469,3,1,-34.1,0,0,6471,6276,-195,0,-2
1616.101,8921569,3,1,-34.1,0,0,6471,6276,-195,0,-2
1616.202,8921669,3,1,-34.1,0,0,6471,6276,-195,0,-2
1616.301,8921769,3,1,-34.1,0,0,6471,6276,-195,0,-2
1616.401,8921869,3,1,-34.1,0,0,6471,6276,-195,0,-2
1616.511,8921969,3,1,-34.1,0,0,6471,6276,-195,0,-2
1616.601,8922069,3,1,-34.1,0,0,6471,6276,-195,0,-2
1616.702,8922169,3,1,-34.1,0,0,6471,6276,-195,0,-2
1616.802,8922269,3,1,-34.1,0,0,6471,6276,-195,0,-2
1616.902,8922369,3,1,-34.1,0,0,6471,6276,-195,0,-2
1617.014,8922481,3,1,-34.1,0,0,6471,6276,-195,0,-2
1617.101,8922569,3,1,-34.1,0,0,6471,6276,-195,0,-2
1617.201,8922669,3,1,-34.1,0,0,6471,6276,-195,0,-2
1617.301,8922769,3,1,-34.1,0,0,6471,6276,-195,0,-2
1617.401,8922869,3,1,-34.1,0,0,6471,6276,-195,0,-2
1617.502,8922969,3,1,-34.1,0,0,6471,6276,-195,0,-2
1617.601,8923069,3,1,-34.1,0,0,6471,6276,-195,0,-2
1617.702,8923169,3,1,-34.1,0,0,6471,6276,-195,0,-2
1617.801,8923269,3,1,-34.1,0,0,6471,6276,-195,0,-2
1617.901,8923369,3,1,-34.1,0,0,6471,6276,-195,0,-2
1618.001,8923469,3,1,-34.1,0,0,6471,6276,-195,0,-2
1618.101,8923569,3,1,-34.1,0,0,6471,6276,-195,0,-2
1618.201,8923669,3,1,-34.1,0,0,6471,6276,-195,0,-2
1618.302,8923769,3,1,-34.1,0,0,6471,6276,-195,0,-2
1618.401,8923869,3,1,-34.1,0,0,6471,6276,-195,0,-2
1618.502,8923969,3,1,-34.1,0,0,6471,6276,-195,0,-2
1618.602,8924069,3,1,-34.1,0,0,6471,6276,-195,0,-2
1618.702,8924169,3,1,-34.1,0,0,6471,6276,-195,0,-2
1618.812,8924269,3,1,-34.1,0,0,6471,6276,-195,0,-2
1618.902,8924369,3,1,-34.1,0,0,6471,6276,-195,0,-2
1619.013,8924481,3,1,-34.1,0,0,6471,6276,-195,0,-2
1619.101,8924569,3,1,-34.1,0,0,6471,6276,-195,0,-2
1619.201,8924669,3,1,-34.1,0,0,6471,6276,-195,0,-2
1619.301,8924769,3,1,-34.1,0,0,6471,6276,-195,0,-2
1619.401,8924869,3,1,-34.1,0,0,6471,6276,-195,0,-2
1619.501,8924969,3,1,-34.1,0,0,6471,6276,-195,0,-2
1619.601,8925069,3,1,-34.1,0,0,6471,6276,-195,0,-2
1619.703,8925169,3,1,-34.1,0,0,6471,6276,-195,0,-2
1619.801,8925269,3,1,-34.1,0,0,6471,6276,-195,0,-2
1619.902,8925369,3,1,-34.1,0,0,6471,6276,-195,0,-2
1620.001,8925469,3,1,-34.1,0,0,6471,6276,-195,0,-2
1620.101,8925569,3,1,-34.1,0,0,6471,6276,-195,0,-2
1620.201,8925669,3,1,-34.1,0,0,6471,6276,-195,0,-2
1620.301,8925769,3,1,-34.1,0,0,6471,6276,-195,0,-2
1620.401,8925869,3,1,-34.1,0,0,6471,6276,-195,0,-2
1620.501,8925969,3,1,-34.1,0,0,6471,6276,-195,0,-2
1620.602,8926069,3,1,-34.1,0,0,6471,6276,-195,0,-2
1620.701,8926169,3,1,-34.1,0,0,6471,6276,-195,0,-2
1620.801,8926269,3,1,-34.1,0,0,6471,6276,-195,0,-2
1620.901,8926369,3,1,-34.1,0,0,6471,6276,-195,0,-2
1621.014,8926481,3,1,-34.1,0,0,6471,6276,-195,0,-2
1621.101,8926569,3,1,-34.1,0,0,6471,6276,-195,0,-2
1621.201,8926669,3,1,-34.1,0,0,6471,6276,-195,0,-2
1621.301,8926769,3,1,-34.1,0,0,6471,6276,-195,0,-2
1621.400,8926869,3,1,-34.1,0,0,6471,6276,-195,0,-2
1621.502,8926969,3,1,-34.1,0,0,6471,6276,-195,0,-2
1621.602,8927069,3,1,-34.1,0,0,6471,6276,-195,0,-2
1621.702,8927169,3,1,-34.1,0,0,6471,6276,-195,0,-2
1621.801,8927269,3,1,-34.1,0,0,6471,6276,-195,0,-2
1621.901,8927369,3,1,-34.1,0,0,6471,6276,-195,0,-2
1622.001,8927469,3,1,-34.1,0,0,6471,6276,-195,0,-2
1622.100,8927569,3,1,-34.1,0,0,6471,6276,-195,0,-2
1622.201,8927669,3,1,-34.1,0,0,6471,6276,-195,0,-2
1622.301,8927769,3,1,-34.1,0,0,6471,6276,-195,0,-2
1622.400,8927869,3,1,-34.1,0,0,6471,6276,-195,0,-2
1622.501,8927969,3,1,-34.1,0,0,6471,6276,-195,0,-2
1622.601,8928069,3,1,-34.1,0,0,6471,6276,-195,0,-2
1622.701,8928169,3,1,-34.1,0,0,6471,6276,-195,0,-2
1622.803,8928269,3,1,-34.1,0,0,6471,6276,-195,0,-2
1622.901,8928369,3,1,-34.1,0,0,6471,6276,-195,0,-2
1623.014,8928481,3,1,-34.1,0,0,6471,6276,-195,0,-2
1623.101,8928569,3,1,-34.1,0,0,6471,6276,-195,0,-2
1623.200,8928669,3,1,-34.1,0,0,6471,6276,-195,0,-2
1623.301,8928769,3,1,-34.1,0,0,6471,6276,-195,0,-2
1623.401,8928869,3,1,-34.1,0,0,6471,6276,-195,0,-2
1623.500,8928969,3,1,-34.1,0,0,6471,6276,-195,0,-2
1623.601,8929069,3,1,-34.1,0,0,6471,6276,-195,0,-2
1623.701,8929169,3,1,-34.1,0,0,6471,6276,-195,0,-2
1623.801,8929269,3,1,-34.1,0,0,6471,6276,-195,0,-2
1623.901,8929369,3,1,-34.1,0,0,6471,6276,-195,0,-2
1624.001,8929469,3,1,-34.1,0,0,6471,6276,-195,0,-2
1624.101,8929569,3,1,-34.1,0,0,6471,6276,-195,0,-2
1624.200,8929669,3,1,-34.1,0,0,6471,6276,-195,0,-2
1624.301,8929769,3,1,-34.1,0,0,6471,6276,-195,0,-2
1624.401,8929869,3,1,-34.1,0,0,6471,6276,-195,0,-2
1624.501,8929969,3,1,-34.1,0,0,6471,6276,-195,0,-2
1624.602,8930069,3,1,-34.1,0,0,6471,6276,-195,0,-2
1624.702,8930169,3,1,-34.1,0,0,6471,6276,-195,0,-2
1624.800,8930269,3,1,-34.1,0,0,6471,6276,-195,0,-2
1624.901,8930369,3,1,-34.1,0,0,6471,6276,-195,0,-2
1625.014,8930481,3,1,-34.1,0,0,6471,6276,-195,0,-2
1625.100,8930569,3,1,-34.1,0,0,6471,6276,-195,0,-2
1625.201,8930669,3,1,-34.1,0,0,6471,6276,-195,0,-2
1625.302,8930769,3,1,-34.1,0,0,6471,6276,-195,0,-2
1625.401,8930869,3,1,-34.1,0,0,6471,6276,-195,0,-2
1625.504,8930969,3,1,-34.1,0,0,6471,6276,-195,0,-2
1625.601,8931069,3,1,-34.1,0,0,6471,6276,-195,0,-2
1625.701,8931169,3,1,-34.1,0,0,6471,6276,-195,0,-2
1625.801,8931269,3,1,-34.1,0,0,6471,6276,-195,0,-2
1625.901,8931369,3,1,-34.1,0,0,6471,6276,-195,0,-2
1626.001,8931469,3,1,-34.1,0,0,6471,6276,-195,0,-2
1626.101,8931569,3,1,-34.1,0,0,6471,6276,-195,0,-2
1626.201,8931669,3,1,-34.1,0,0,6471,6276,-195,0,-2
1626.301,8931769,3,1,-34.1,0,0,6471,6276,-195,0,-2
1626.400,8931869,3,1,-34.1,0,0,6471,6276,-195,0,-2
1626.501,8931969,3,1,-34.1,0,0,6471,6276,-195,0,-2
1626.601,8932069,3,1,-34.1,0,0,6471,6276,-195,0,-2
1626.702,8932169,3,1,-34.1,0,0,6471,6276,-195,0,-2
1626.800,8932269,3,1,-34.1,0,0,6471,6276,-195,0,-2
1626.902,8932369,3,1,-34.1,0,0,6471,6276,-195,0,-2
1627.013,8932481,3,1,-34.1,0,0,6471,6276,-195,0,-2
1627.100,8932569,3,1,-34.1,0,0,6471,6276,-195,0,-2
1627.200,8932669,3,1,-34.1,0,0,6471,6276,-195,0,-2
1627.301,8932769,3,1,-34.1,0,0,6471,6276,-195,0,-2
1627.400,8932869,3,1,-34.1,0,0,6471,6276,-195,0,-2
1627.501,8932969,3,1,-34.1,0,0,6471,6276,-195,0,-2
1627.600,8933069,3,1,-34.1,0,0,6471,6276,-195,0,-2
1627.702,8933169,3,1,-34.1,0,0,6471,6276,-195,0,-2
1627.801,8933269,3,1,-34.1,0,0,6471,6276,-195,0,-2
1627.902,8933369,3,1,-34.1,0,0,6471,6276,-195,0,-2
1628.000,8933469,3,1,-34.1,0,0,6471,6276,-195,0,-2
1628.100,8933569,3,1,-34.1,0,0,6471,6276,-195,0,-2
1628.201,8933669,3,1,-34.1,0,0,6471,6276,-195,0,-2
1628.301,8933769,3,1,-34.1,0,0,6471,6276,-195,0,-2
1628.401,8933869,3,1,-34.1,0,0,6471,6276,-195,0,-2
1628.501,8933969,3,1,-34.1,0,0,6471,6276,-195,0,-2
1628.601,8934069,3,1,-34.1,0,0,6471,6276,-195,0,-2
1628.701,8934169,3,1,-34.1,0,0,6471,6276,-195,0,-2
1628.800,8934269,3,1,-34.1,0,0,6471,6276,-195,0,-2
1628.901,8934369,3,1,-34.1,0,0,6471,6276,-195,0,-2
1629.014,8934481,3,1,-34.1,0,0,6471,6276,-195,0,-2
1629.100,8934569,3,1,-34.1,0,0,6471,6276,-195,0,-2
1629.200,8934669,3,1,-34.1,0,0,6471,6276,-195,0,-2
1629.301,8934769,3,1,-34.1,0,0,6471,6276,-195,0,-2
1629.401,8934869,3,1,-34.1,0,0,6471,6276,-195,0,-2
1629.500,8934969,3,1,-34.1,0,0,6471,6276,-195,0,-2
1629.600,8935069,3,1,-34.1,0,0,6471,6276,-195,0,-2
1629.700,8935169,3,1,-34.1,0,0,6471,6276,-195,0,-2
1629.801,8935269,3,1,-34.1,0,0,6471,6276,-195,0,-2
1629.901,8935369,3,1,-34.1,0,0,6471,6276,-195,0,-2
1630.001,8935469,3,1,-34.1,0,0,6471,6276,-195,0,-2
1630.101,8935569,3,1,-34.1,0,0,6471,6276,-195,0,-2
1630.200,8935669,3,1,-34.1,0,0,6471,6276,-195,0,-2
1630.300,8935769,3,1,-34.1,0,0,6471,6276,-195,0,-2
1630.400,8935869,3,1,-34.1,0,0,6471,6276,-195,0,-2
1630.500,8935969,3,1,-34.1,0,0,6471,6276,-195,0,-2
1630.601,8936069,3,1,-34.1,0,0,6471,6276,-195,0,-2
1630.700,8936169,3,1,-34.1,0,0,6471,6276,-195,0,-2
1630.800,8936269,3,1,-34.1,0,0,6471,6276,-195,0,-2
1630.900,8936369,3,1,-34.1,0,0,6471,6276,-195,0,-2
1631.013,8936481,3,1,-34.1,0,0,6471,6276,-195,0,-2
1631.101,8936569,3,1,-34.1,0,0,6471,6276,-195,0,-2
1631.200,8936669,3,1,-34.1,0,0,6471,6276,-195,0,-2
1631.300,8936769,3,1,-34.1,0,0,6471,6276,-195,0,-2
1631.400,8936869,3,1,-34.1,0,0,6471,6276,-195,0,-2
1631.500,8936969,3,1,-34.1,0,0,6471,6276,-195,0,-2
1631.602,8937069,3,1,-34.1,0,0,6471,6276,-195,0,-2
1631.701,8937169,3,1,-34.1,0,0,6471,6276,-195,0,-2
1631.801,8937269,3,1,-34.1,0,0,6471,6276,-195,0,-2
1631.900,8937369,3,1,-34.1,0,0,6471,6276,-195,0,-2
1632.000,8937469,3,1,-34.1,0,0,6471,6276,-195,0,-2
1632.100,8937569,3,1,-34.1,0,0,6471,6276,-195,0,-2
1632.201,8937669,3,1,-34.1,0,0,6471,6276,-195,0,-2
1632.301,8937769,3,1,-34.1,0,0,6471,6276,-195,0,-2
1632.400,8937869,3,1,-34.1,0,0,6471,6276,-195,0,-2
1632.500,8937969,3,1,-34.1,0,0,6471,6276,-195,0,-2
1632.601,8938069,3,1,-34.1,0,0,6471,6276,-195,0,-2
1632.702,8938169,3,1,-34.1,0,0,6471,6276,-195,0,-2
1632.800,8938269,3,1,-34.1,0,0,6471,6276,-195,0,-2
1632.901,8938369,3,1,-34.1,0,0,6471,6276,-195,0,-2
1633.013,8938481,3,1,-34.1,0,0,6471,6276,-195,0,-2
1633.100,8938569,3,1,-34.1,0,0,6471,6276,-195,0,-2
1633.200,8938669,3,1,-34.1,0,0,6471,6276,-195,0,-2
1633.300,8938769,3,1,-34.1,0,0,6471,6276,-195,0,-2
1633.400,8938869,3,1,-34.1,0,0,6471,6276,-195,0,-2
1633.500,8938969,3,1,-34.1,0,0,6471,6276,-195,0,-2
1633.600,8939069,3,1,-34.1,0,0,6471,6276,-195,0,-2
1633.700,8939169,3,1,-34.1,0,0,6471,6276,-195,0,-2
1633.804,8939269,3,1,-34.1,0,0,6471,6276,-195,0,-2
1633.900,8939369,3,1,-34.1,0,0,6471,6276,-195,0,-2
1634.000,8939469,3,1,-34.1,0,0,6471,6276,-195,0,-2
1634.100,8939569,3,1,-34.1,0,0,6471,6276,-195,0,-2
1634.201,8939669,3,1,-34.1,0,0,6471,6276,-195,0,-2
1634.300,8939769,3,1,-34.1,0,0,6471,6276,-195,0,-2
1634.400,8939869,3,1,-34.1,0,0,6471,6276,-195,0,-2
1634.500,8939969,3,1,-34.1,0,0,6471,6276,-195,0,-2
1634.600,8940069,3,1,-34.1,0,0,6471,6276,-195,0,-2
1634.701,8940169,3,1,-34.1,0,0,6471,6276,-195,0,-2
1634.800,8940269,3,1,-34.1,0,0,6471,6276,-195,0,-2
1634.900,8940369,3,1,-34.1,0,0,6471,6276,-195,0,-2
1635.013,8940481,3,1,-34.1,0,0,6471,6276,-195,0,-2
1635.101,8940569,3,1,-34.1,0,0,6471,6276,-195,0,-2
1635.200,8940669,3,1,-34.1,0,0,6471,6276,-195,0,-2
1635.300,8940769,3,1,-34.1,0,0,6471,6276,-195,0,-2
1635.400,8940869,3,1,-34.1,0,0,6471,6276,-195,0,-2
1635.500,8940969,3,1,-34.1,0,0,6471,6276,-195,0,-2
1635.601,8941069,3,1,-34.1,0,0,6471,6276,-195,0,-2
1635.700,8941169,3,1,-34.1,0,0,6471,6276,-195,0,-2
1635.801,8941269,3,1,-34.1,0,0,6471,6276,-195,0,-2
1635.900,8941369,3,1,-34.1,0,0,6471,6276,-195,0,-2
1636.001,8941469,3,1,-34.1,0,0,6471,6276,-195,0,-2
1636.100,8941569,3,1,-34.1,0,0,6471,6276,-195,0,-2
1636.200,8941669,3,1,-34.1,0,0,6471,6276,-195,0,-2
1636.300,8941769,3,1,-34.1,0,0,6471,6276,-195,0,-2
1636.400,8941869,3,1,-34.1,0,0,6471,6276,-195,0,-2
1636.500,8941969,3,1,-34.1,0,0,6471,6276,-195,0,-2
1636.600,8942069,3,1,-34.1,0,0,6471,6276,-195,0,-2
1636.700,8942169,3,1,-34.1,0,0,6471,6276,-195,0,-2
1636.800,8942269,3,1,-34.1,0,0,6471,6276,-195,0,-2
1636.900,8942369,3,1,-34.1,0,0,6471,6276,-195,0,-2
1637.013,8942481,3,1,-34.1,0,0,6471,6276,-195,0,-2
1637.100,8942569,3,1,-34.1,0,0,6471,6276,-195,0,-2
1637.200,8942669,3,1,-34.1,0,0,6471,6276,-195,0,-2
1637.300,8942769,3,1,-34.1,0,0,6471,6276,-195,0,-2
1637.400,8942869,3,1,-34.1,0,0,6471,6276,-195,0,-2
1637.500,8942969,3,1,-34.1,0,0,6471,6276,-195,0,-2
1637.600,8943069,3,1,-34.1,0,0,6471,6276,-195,0,-2
1637.701,8943169,3,1,-34.1,0,0,6471,6276,-195,0,-2
1637.800,8943269,3,1,-34.1,0,0,6471,6276,-195,0,-2
1637.900,8943369,3,1,-34.1,0,0,6471,6276,-195,0,-2
1638.001,8943469,3,1,-34.1,0,0,6471,6276,-195,0,-2
1638.100,8943569,3,1,-34.1,0,0,6471,6276,-195,0,-2
1638.200,8943669,3,1,-34.1,0,0,6471,6276,-195,0,-2
1638.301,8943769,3,1,-34.1,0,0,6471,6276,-195,0,-2
1638.400,8943869,3,1,-34.1,0,0,6471,6276,-195,0,-2
1638.500,8943969,3,1,-34.1,0,0,6471,6276,-195,0,-2
1638.600,8944069,3,1,-34.1,0,0,6471,6276,-195,0,-2
1638.700,8944169,3,1,-34.1,0,0,6471,6276,-195,0,-2
1638.800,8944269,3,1,-34.1,0,0,6471,6276,-195,0,-2
1638.900,8944369,3,1,-34.1,0,0,6471,6276,-195,0,-2
1639.012,8944481,3,1,-34.1,0,0,6471,6276,-195,0,-2
1639.100,8944569,3,1,-34.1,0,0,6471,6276,-195,0,-2
1639.200,8944669,3,1,-34.1,0,0,6471,6276,-195,0,-2
1639.300,8944769,3,1,-34.1,0,0,6471,6276,-195,0,-2
1639.400,8944869,3,1,-34.1,0,0,6471,6276,-195,0,-2
1639.501,8944969,3,1,-34.1,0,0,6471,6276,-195,0,-2
1639.600,8945069,3,1,-34.1,0,0,6471,6276,-195,0,-2
1639.699,8945169,3,1,-34.1,0,0,6471,6276,-195,0,-2
1639.802,8945269,3,1,-34.1,0,0,6471,6276,-195,0,-2
1639.900,8945369,3,1,-34.1,0,0,6471,6276,-195,0,-2
1640.000,8945469,3,1,-34.1,0,0,6471,6276,-195,0,-2
1640.100,8945569,3,1,-34.1,0,0,6471,6276,-195,0,-2
1640.201,8945669,3,1,-34.1,0,0,6471,6276,-195,0,-2
1640.303,8945769,3,1,-34.1,0,0,6471,6276,-195,0,-2
1640.402,8945869,3,1,-34.1,0,0,6471,6276,-195,0,-2
1640.500,8945969,3,1,-34.1,0,0,6471,6276,-195,0,-2
1640.600,8946069,3,1,-34.1,0,0,6471,6276,-195,0,-2
1640.700,8946169,3,1,-34.1,0,0,6471,6276,-195,0,-2
1640.800,8946269,3,1,-34.1,0,0,6471,6276,-195,0,-2
1640.900,8946369,3,1,-34.1,0,0,6471,6276,-195,0,-2
1641.012,8946481,3,1,-34.1,0,0,6471,6276,-195,0,-2
1641.099,8946569,3,1,-34.1,0,0,6471,6276,-195,0,-2
1641.199,8946669,3,1,-34.1,0,0,6471,6276,-195,0,-2
1641.299,8946769,3,1,-34.1,0,0,6471,6276,-195,0,-2
1641.399,8946869,3,1,-34.1,0,0,6471,6276,-195,0,-2
1641.499,8946969,3,1,-34.1,0,0,6471,6276,-195,0,-2
1641.599,8947069,3,1,-34.1,0,0,6471,6276,-195,0,-2
1641.705,8947169,3,1,-34.1,0,0,6471,6276,-195,0,-2
1641.799,8947269,3,1,-34.1,0,0,6471,6276,-195,0,-2
1641.899,8947369,3,1,-34.1,0,0,6471,6276,-195,0,-2
1641.999,8947469,3,1,-34.1,0,0,6471,6276,-195,0,-2
1642.100,8947569,3,1,-34.1,0,0,6471,6276,-195,0,-2
1642.199,8947669,3,1,-34.1,0,0,6471,6276,-195,0,-2
1642.300,8947769,3,1,-34.1,0,0,6471,6276,-195,0,-2
1642.399,8947869,3,1,-34.1,0,0,6471,6276,-195,0,-2
1642.499,8947969,3,1,-34.1,0,0,6471,6276,-195,0,-2
1642.600,8948069,3,1,-34.1,0,0,6471,6276,-195,0,-2
1642.701,8948169,3,1,-34.1,0,0,6471,6276,-195,0,-2
1642.799,8948269,3,1,-34.1,0,0,6471,6276,-195,0,-2
1642.900,8948369,3,1,-34.1,0,0,6471,6276,-195,0,-2
1643.013,8948481,3,1,-34.1,0,0,6471,6276,-195,0,-2
1643.100,8948569,3,1,-34.1,0,0,6471,6276,-195,0,-2
1643.199,8948669,3,1,-34.1,0,0,6471,6276,-195,0,-2
1643.299,8948769,3,1,-34.1,0,0,6471,6276,-195,0,-2
1643.400,8948869,3,1,-34.1,0,0,6471,6276,-195,0,-2
1643.500,8948969,3,1,-34.1,0,0,6471,6276,-195,0,-2
1643.599,8949069,3,1,-34.1,0,0,6471,6276,-195,0,-2
1643.699,8949169,3,1,-34.1,0,0,6471,6276,-195,0,-2
1643.802,8949269,3,1,-34.1,0,0,6471,6276,-195,0,-2
1643.900,8949369,3,1,-34.1,0,0,6471,6276,-195,0,-2
1644.000,8949469,3,1,-34.1,0,0,6471,6276,-195,0,-2
1644.100,8949569,3,1,-34.1,0,0,6471,6276,-195,0,-2
1644.199,8949669,3,1,-34.1,0,0,6471,6276,-195,0,-2
1644.300,8949769,3,1,-34.1,0,0,6471,6276,-195,0,-2
1644.399,8949869,3,1,-34.1,0,0,6471,6276,-195,0,-2
1644.499,8949969,3,1,-34.1,0,0,6471,6276,-195,0,-2
1644.601,8950069,3,1,-34.1,0,0,6471,6276,-195,0,-2
1644.699,8950169,3,1,-34.1,0,0,6471,6276,-195,0,-2
1644.799,8950269,3,1,-34.1,0,0,6471,6276,-195,0,-2
1644.899,8950369,3,1,-34.1,0,0,6471,6276,-195,0,-2
1645.012,8950481,3,1,-34.1,0,0,6471,6276,-195,0,-2
1645.099,8950569,3,1,-34.1,0,0,6471,6276,-195,0,-2
1645.200,8950669,3,1,-34.1,0,0,6471,6276,-195,0,-2
1645.299,8950769,3,1,-34.1,0,0,6471,6276,-195,0,-2
1645.399,8950869,3,1,-34.1,0,0,6471,6276,-195,0,-2
1645.499,8950969,3,1,-34.1,0,0,6471,6276,-195,0,-2
1645.599,8951069,3,1,-34.1,0,0,6471,6276,-195,0,-2
1645.699,8951169,3,1,-34.1,0,0,6471,6276,-195,0,-2
1645.800,8951269,3,1,-34.1,0,0,6471,6276,-195,0,-2
1645.900,8951369,3,1,-34.1,0,0,6471,6276,-195,0,-2
1645.999,8951469,3,1,-34.1,0,0,6471,6276,-195,0,-2
1646.099,8951569,3,1,-34.1,0,0,6471,6276,-195,0,-2
1646.199,8951669,3,1,-34.1,0,0,6471,6276,-195,0,-2
1646.299,8951769,3,1,-34.1,0,0,6471,6276,-195,0,-2
1646.399,8951869,3,1,-34.1,0,0,6471,6276,-195,0,-2
1646.499,8951969,3,1,-34.1,0,0,6471,6276,-195,0,-2
1646.600,8952069,3,1,-34.1,0,0,6471,6276,-195,0,-2
1646.699,8952169,3,1,-34.1,0,0,6471,6276,-195,0,-2
1646.800,8952269,3,1,-34.1,0,0,6471,6276,-195,0,-2
1646.899,8952369,3,1,-34.1,0,0,6471,6276,-195,0,-2
1647.012,8952481,3,1,-34.1,0,0,6471,6276,-195,0,-2
1647.099,8952569,3,1,-34.1,0,0,6471,6276,-195,0,-2
1647.199,8952669,3,1,-34.1,0,0,6471,6276,-195,0,-2
1647.299,8952769,3,1,-34.1,0,0,6471,6276,-195,0,-2
1647.399,8952869,3,1,-34.1,0,0,6471,6276,-195,0,-2
1647.499,8952969,3,1,-34.1,0,0,6471,6276,-195,0,-2
1647.603,8953069,3,1,-34.1,0,0,6471,6276,-195,0,-2
1647.699,8953169,3,1,-34.1,0,0,6471,6276,-195,0,-2
1647.803,8953269,3,1,-34.1,0,0,6471,6276,-195,0,-2
1647.901,8953369,3,1,-34.1,0,0,6471,6276,-195,0,-2
1647.999,8953469,3,1,-34.1,0,0,6471,6276,-195,0,-2
1648.104,8953569,3,1,-34.1,0,0,6471,6276,-195,0,-2
1648.199,8953669,3,1,-34.1,0,0,6471,6276,-195,0,-2
1648.299,8953769,3,1,-34.1,0,0,6471,6276,-195,0,-2
1648.399,8953869,3,1,-34.1,0,0,6471,6276,-195,0,-2
1648.499,8953969,3,1,-34.1,0,0,6471,6276,-195,0,-2
1648.599,8954069,3,1,-34.1,0,0,6471,6276,-195,0,-2
1648.699,8954169,3,1,-34.1,0,0,6471,6276,-195,0,-2
1648.803,8954269,3,1,-34.1,0,0,6471,6276,-195,0,-2
1648.900,8954369,3,1,-34.1,0,0,6471,6276,-195,0,-2
1649.012,8954481,3,1,-34.1,0,0,6471,6276,-195,0,-2
1649.099,8954569,3,1,-34.1,0,0,6471,6276,-195,0,-2
1649.199,8954669,3,1,-34.1,0,0,6471,6276,-195,0,-2
1649.299,8954769,3,1,-34.1,0,0,6471,6276,-195,0,-2
1649.399,8954869,3,1,-34.1,0,0,6471,6276,-195,0,-2
1649.500,8954969,3,1,-34.1,0,0,6471,6276,-195,0,-2
1649.599,8955069,3,1,-34.1,0,0,6471,6276,-195,0,-2
1649.699,8955169,3,1,-34.1,0,0,6471,6276,-195,0,-2
1649.799,8955269,3,1,-34.1,0,0,6471,6276,-195,0,-2
1649.900,8955369,3,1,-34.1,0,0,6471,6276,-195,0,-2
1649.999,8955469,3,1,-34.1,0,0,6471,6276,-195,0,-2
1650.099,8955569,3,1,-34.1,0,0,6471,6276,-195,0,-2
1650.199,8955669,3,1,-34.1,0,0,6471,6276,-195,0,-2
1650.299,8955769,3,1,-34.1,0,0,6471,6276,-195,0,-2
1650.399,8955869,3,1,-34.1,0,0,6471,6276,-195,0,-2
1650.499,8955969,3,1,-34.1,0,0,6471,6276,-195,0,-2
1650.599,8956069,3,1,-34.1,0,0,6471,6276,-195,0,-2
1650.699,8956169,3,1,-34.1,0,0,6471,6276,-195,0,-2
1650.799,8956269,3,1,-34.1,0,0,6471,6276,-195,0,-2
1650.900,8956369,3,1,-34.1,0,0,6471,6276,-195,0,-2
1651.012,8956481,3,1,-34.1,0,0,6471,6276,-195,0,-2
1651.099,8956569,3,1,-34.1,0,0,6471,6276,-195,0,-2
1651.199,8956669,3,1,-34.1,0,0,6471,6276,-195,0,-2
1651.299,8956769,3,1,-34.1,0,0,6471,6276,-195,0,-2
1651.399,8956869,3,1,-34.1,0,0,6471,6276,-195,0,-2
1651.499,8956969,3,1,-34.1,0,0,6471,6276,-195,0,-2
1651.599,8957069,3,1,-34.1,0,0,6471,6276,-195,0,-2
1651.699,8957169,3,1,-34.1,0,0,6471,6276,-195,0,-2
1651.799,8957269,3,1,-34.1,0,0,6471,6276,-195,0,-2
1651.899,8957369,3,1,-34.1,0,0,6471,6276,-195,0,-2
1651.999,8957469,3,1,-34.1,0,0,6471,6276,-195,0,-2
1652.099,8957569,3,1,-34.1,0,0,6471,6276,-195,0,-2
1652.201,8957669,3,1,-34.1,0,0,6471,6276,-195,0,-2
1652.299,8957769,3,1,-34.1,0,0,6471,6276,-195,0,-2
1652.399,8957869,3,1,-34.1,0,0,6471,6276,-195,0,-2
1652.499,8957969,3,1,-34.1,0,0,6471,6276,-195,0,-2
1652.599,8958069,3,1,-34.1,0,0,6471,6276,-195,0,-2
1652.699,8958169,3,1,-34.1,0,0,6471,6276,-195,0,-2
1652.800,8958269,3,1,-34.1,0,0,6471,6276,-195,0,-2
1652.899,8958369,3,1,-34.1,0,0,6471,6276,-195,0,-2
1653.012,8958481,3,1,-34.1,0,0,6471,6276,-195,0,-2
1653.100,8958569,3,1,-34.1,0,0,6471,6276,-195,0,-2
1653.199,8958669,3,1,-34.1,0,0,6471,6276,-195,0,-2
1653.298,8958769,3,1,-34.1,0,0,6471,6276,-195,0,-2
1653.399,8958869,3,1,-34.1,0,0,6471,6276,-195,0,-2
1653.499,8958969,3,1,-34.1,0,0,6471,6276,-195,0,-2
1653.599,8959069,3,1,-34.1,0,0,6471,6276,-195,0,-2
1653.699,8959169,3,1,-34.1,0,0,6471,6276,-195,0,-2
1653.799,8959269,3,1,-34.1,0,0,6471,6276,-195,0,-2
1653.899,8959369,3,1,-34.1,0,0,6471,6276,-195,0,-2
1653.999,8959469,3,1,-34.1,0,0,6471,6276,-195,0,-2
1654.099,8959569,3,1,-34.1,0,0,6471,6276,-195,0,-2
1654.198,8959669,3,1,-34.1,0,0,6471,6276,-195,0,-2
1654.300,8959769,3,1,-34.1,0,0,6471,6276,-195,0,-2
1654.399,8959869,3,1,-34.1,0,0,6471,6276,-195,0,-2
1654.499,8959969,3,1,-34.1,0,0,6471,6276,-195,0,-2
1654.600,8960069,3,1,-34.1,0,0,6471,6276,-195,0,-2
1654.700,8960169,3,1,-34.1,0,0,6471,6276,-195,0,-2
1654.799,8960269,3,1,-34.1,0,0,6471,6276,-195,0,-2
1654.899,8960369,3,1,-34.1,0,0,6471,6276,-195,0,-2
1655.012,8960481,3,1,-34.1,0,0,6471,6276,-195,0,-2
1655.099,8960569,3,1,-34.1,0,0,6471,6276,-195,0,-2
1655.199,8960669,3,1,-34.1,0,0,6471,6276,-195,0,-2
1655.299,8960769,3,1,-34.1,0,0,6471,6276,-195,0,-2
1655.399,8960869,3,1,-34.1,0,0,6471,6276,-195,0,-2
1655.499,8960969,3,1,-34.1,0,0,6471,6276,-195,0,-2
1655.599,8961069,3,1,-34.1,0,0,6471,6276,-195,0,-2
1655.699,8961169,3,1,-34.1,0,0,6471,6276,-195,0,-2
1655.799,8961269,3,1,-34.1,0,0,6471,6276,-195,0,-2
1655.899,8961369,3,1,-34.1,0,0,6471,6276,-195,0,-2
1655.999,8961469,3,1,-34.1,0,0,6471,6276,-195,0,-2
1656.099,8961569,3,1,-34.1,0,0,6471,6276,-195,0,-2
1656.199,8961669,3,1,-34.1,0,0,6471,6276,-195,0,-2
1656.298,8961769,3,1,-34.1,0,0,6471,6276,-195,0,-2
1656.399,8961869,3,1,-34.1,0,0,6471,6276,-195,0,-2
1656.498,8961969,3,1,-34.1,0,0,6471,6276,-195,0,-2
1656.601,8962069,3,1,-34.1,0,0,6471,6276,-195,0,-2
1656.699,8962169,3,1,-34.1,0,0,6471,6276,-195,0,-2
1656.800,8962269,3,1,-34.1,0,0,6471,6276,-195,0,-2
1656.899,8962369,3,1,-34.1,0,0,6471,6276,-195,0,-2
1657.011,8962481,3,1,-34.1,0,0,6471,6276,-195,0,-2
1657.099,8962569,3,1,-34.1,0,0,6471,6276,-195,0,-2
1657.199,8962669,3,1,-34.1,0,0,6471,6276,-195,0,-2
1657.299,8962769,3,1,-34.1,0,0,6471,6276,-195,0,-2
1657.399,8962869,3,1,-34.1,0,0,6471,6276,-195,0,-2
1657.499,8962969,3,1,-34.1,0,0,6471,6276,-195,0,-2
1657.599,8963069,3,1,-34.1,0,0,6471,6276,-195,0,-2
1657.699,8963169,3,1,-34.1,0,0,6471,6276,-195,0,-2
1657.799,8963269,3,1,-34.1,0,0,6471,6276,-195,0,-2
1657.899,8963369,3,1,-34.1,0,0,6471,6276,-195,0,-2
1658.003,8963469,3,1,-34.1,0,0,6471,6276,-195,0,-2
1658.099,8963569,3,1,-34.1,0,0,6471,6276,-195,0,-2
1658.199,8963669,3,1,-34.1,0,0,6471,6276,-195,0,-2
1658.299,8963769,3,1,-34.1,0,0,6471,6276,-195,0,-2
1658.398,8963869,3,1,-34.1,0,0,6471,6276,-195,0,-2
1658.499,8963969,3,1,-34.1,0,0,6471,6276,-195,0,-2
1658.598,8964069,3,1,-34.1,0,0,6471,6276,-195,0,-2
1658.699,8964169,3,1,-34.1,0,0,6471,6276,-195,0,-2
1658.798,8964269,3,1,-34.1,0,0,6471,6276,-195,0,-2
1658.899,8964369,3,1,-34.1,0,0,6471,6276,-195,0,-2
1659.011,8964481,3,1,-34.1,0,0,6471,6276,-195,0,-2
1659.100,8964569,3,1,-34.1,0,0,6471,6276,-195,0,-2
1659.198,8964669,3,1,-34.1,0,0,6471,6276,-195,0,-2
1659.298,8964769,3,1,-34.1,0,0,6471,6276,-195,0,-2
1659.398,8964869,3,1,-34.1,0,0,6471,6276,-195,0,-2
1659.498,8964969,3,1,-34.1,0,0,6471,6276,-195,0,-2
1659.598,8965069,3,1,-34.1,0,0,6471,6276,-195,0,-2
1659.699,8965169,3,1,-34.1,0,0,6471,6276,-195,0,-2
1659.799,8965269,3,1,-34.1,0,0,6471,6276,-195,0,-2
1659.899,8965369,3,1,-34.1,0,0,6471,6276,-195,0,-2
1659.998,8965469,3,1,-34.1,0,0,6471,6276,-195,0,-2
1660.099,8965569,3,1,-34.1,0,0,6471,6276,-195,0,-2
1660.200,8965669,3,1,-34.1,0,0,6471,6276,-195,0,-2
1660.298,8965769,3,1,-34.1,0,0,6471,6276,-195,0,-2
1660.398,8965869,3,1,-34.1,0,0,6471,6276,-195,0,-2
1660.498,8965969,3,1,-34.1,0,0,6471,6276,-195,0,-2
1660.598,8966069,3,1,-34.1,0,0,6471,6276,-195,0,-2
1660.699,8966169,3,1,-34.1,0,0,6471,6276,-195,0,-2
1660.799,8966269,3,1,-34.1,0,0,6471,6276,-195,0,-2
1660.898,8966369,3,1,-34.1,0,0,6471,6276,-195,0,-2
1661.011,8966481,3,1,-34.1,0,0,6471,6276,-195,0,-2
1661.098,8966569,3,1,-34.1,0,0,6471,6276,-195,0,-2
1661.198,8966669,3,1,-34.1,0,0,6471,6276,-195,0,-2
1661.298,8966769,3,1,-34.1,0,0,6471,6276,-195,0,-2
1661.398,8966869,3,1,-34.1,0,0,6471,6276,-195,0,-2
1661.498,8966969,3,1,-34.1,0,0,6471,6276,-195,0,-2
1661.598,8967069,3,1,-34.1,0,0,6471,6276,-195,0,-2
1661.698,8967169,3,1,-34.1,0,0,6471,6276,-195,0,-2
1661.798,8967269,3,1,-34.1,0,0,6471,6276,-195,0,-2
1661.899,8967369,3,1,-34.1,0,0,6471,6276,-195,0,-2
1661.998,8967469,3,1,-34.1,0,0,6471,6276,-195,0,-2
1662.098,8967569,3,1,-34.1,0,0,6471,6276,-195,0,-2
1662.199,8967669,3,1,-34.1,0,0,6471,6276,-195,0,-2
1662.298,8967769,3,1,-34.1,0,0,6471,6276,-195,0,-2
1662.398,8967869,3,1,-34.1,0,0,6471,6276,-195,0,-2
1662.498,8967969,3,1,-34.1,0,0,6471,6276,-195,0,-2
1662.599,8968069,3,1,-34.1,0,0,6471,6276,-195,0,-2
1662.698,8968169,3,1,-34.1,0,0,6471,6276,-195,0,-2
1662.798,8968269,3,1,-34.1,0,0,6471,6276,-195,0,-2
1662.898,8968369,3,1,-34.1,0,0,6471,6276,-195,0,-2
1663.011,8968481,3,1,-34.1,0,0,6471,6276,-195,0,-2
1663.098,8968569,3,1,-34.1,0,0,6471,6276,-195,0,-2
1663.198,8968669,3,1,-34.1,0,0,6471,6276,-195,0,-2
1663.298,8968769,3,1,-34.1,0,0,6471,6276,-195,0,-2
1663.400,8968869,3,1,-34.1,0,0,6471,6276,-195,0,-2
1663.498,8968969,3,1,-34.1,0,0,6471,6276,-195,0,-2
1663.598,8969069,3,1,-34.1,0,0,6471,6276,-195,0,-2
1663.698,8969169,3,1,-34.1,0,0,6471,6276,-195,0,-2
1663.798,8969269,3,1,-34.1,0,0,6471,6276,-195,0,-2
1663.898,8969369,3,1,-34.1,0,0,6471,6276,-195,0,-2
1663.998,8969469,3,1,-34.1,0,0,6471,6276,-195,0,-2
1664.098,8969569,3,1,-34.1,0,0,6471,6276,-195,0,-2
1664.199,8969669,3,1,-34.1,0,0,6471,6276,-195,0,-2
1664.299,8969769,3,1,-34.1,0,0,6471,6276,-195,0,-2
1664.398,8969869,3,1,-34.1,0,0,6471,6276,-195,0,-2
1664.498,8969969,3,1,-34.1,0,0,6471,6276,-195,0,-2
1664.598,8970069,3,1,-34.1,0,0,6471,6276,-195,0,-2
1664.698,8970169,3,1,-34.1,0,0,6471,6276,-195,0,-2
1664.798,8970269,3,1,-34.1,0,0,6471,6276,-195,0,-2
1664.898,8970369,3,1,-34.1,0,0,6471,6276,-195,0,-2
1665.011,8970481,3,1,-34.1,0,0,6471,6276,-195,0,-2
1665.098,8970569,3,1,-34.1,0,0,6471,6276,-195,0,-2
1665.202,8970669,3,1,-34.1,0,0,6471,6276,-195,0,-2
1665.299,8970769,3,1,-34.1,0,0,6471,6276,-195,0,-2
1665.398,8970869,3,1,-34.1,0,0,6471,6276,-195,0,-2
1665.498,8970969,3,1,-34.1,0,0,6471,6276,-195,0,-2
1665.598,8971069,3,1,-34.1,0,0,6471,6276,-195,0,-2
1665.698,8971169,3,1,-34.1,0,0,6471,6276,-195,0,-2
1665.798,8971269,3,1,-34.1,0,0,6471,6276,-195,0,-2
1665.899,8971369,3,1,-34.1,0,0,6471,6276,-195,0,-2
1665.998,8971469,3,1,-34.1,0,0,6471,6276,-195,0,-2
1666.099,8971569,3,1,-34.1,0,0,6471,6276,-195,0,-2
1666.198,8971669,3,1,-34.1,0,0,6471,6276,-195,0,-2
1666.298,8971769,3,1,-34.1,0,0,6471,6276,-195,0,-2
1666.398,8971869,3,1,-34.1,0,0,6471,6276,-195,0,-2
1666.498,8971969,3,1,-34.1,0,0,6471,6276,-195,0,-2
1666.598,8972069,3,1,-34.1,0,0,6471,6276,-195,0,-2
1666.699,8972169,3,1,-34.1,0,0,6471,6276,-195,0,-2
1666.798,8972269,3,1,-34.1,0,0,6471,6276,-195,0,-2
1666.901,8972369,3,1,-34.1,0,0,6471,6276,-195,0,-2
1667.011,8972481,3,1,-34.1,0,0,6471,6276,-195,0,-2
1667.098,8972569,3,1,-34.1,0,0,6471,6276,-195,0,-2
1667.199,8972669,3,1,-34.1,0,0,6471,6276,-195,0,-2
1667.298,8972769,3,1,-34.1,0,0,6471,6276,-195,0,-2
1667.398,8972869,3,1,-34.1,0,0,6471,6276,-195,0,-2
1667.498,8972969,3,1,-34.1,0,0,6471,6276,-195,0,-2
1667.599,8973069,3,1,-34.1,0,0,6471,6276,-195,0,-2
1667.698,8973169,3,1,-34.1,0,0,6471,6276,-195,0,-2
1667.798,8973269,3,1,-34.1,0,0,6471,6276,-195,0,-2
1667.898,8973369,3,1,-34.1,0,0,6471,6276,-195,0,-2
1667.999,8973469,3,1,-34.1,0,0,6471,6276,-195,0,-2
1668.098,8973569,3,1,-34.1,0,0,6471,6276,-195,0,-2
1668.198,8973669,3,1,-34.1,0,0,6471,6276,-195,0,-2
1668.299,8973769,3,1,-34.1,0,0,6471,6276,-195,0,-2
1668.398,8973869,3,1,-34.1,0,0,6471,6276,-195,0,-2
1668.499,8973969,3,1,-34.1,0,0,6471,6276,-195,0,-2
1668.599,8974069,3,1,-34.1,0,0,6471,6276,-195,0,-2
1668.699,8974169,3,1,-34.1,0,0,6471,6276,-195,0,-2
1668.798,8974269,3,1,-34.1,0,0,6471,6276,-195,0,-2
1668.898,8974369,3,1,-34.1,0,0,6471,6276,-195,0,-2
1669.011,8974481,3,1,-34.1,0,0,6471,6276,-195,0,-2
1669.098,8974569,3,1,-34.1,0,0,6471,6276,-195,0,-2
1669.198,8974669,3,1,-34.1,0,0,6471,6276,-195,0,-2
1669.299,8974769,3,1,-34.1,0,0,6471,6276,-195,0,-2
1669.398,8974869,3,1,-34.1,0,0,6471,6276,-195,0,-2
1669.498,8974969,3,1,-34.1,0,0,6471,6276,-195,0,-2
1669.598,8975069,3,1,-34.1,0,0,6471,6276,-195,0,-2
1669.698,8975169,3,1,-34.1,0,0,6471,6276,-195,0,-2
1669.798,8975269,3,1,-34.1,0,0,6471,6276,-195,0,-2
1669.898,8975369,3,1,-34.1,0,0,6471,6276,-195,0,-2
1669.998,8975469,3,1,-34.1,0,0,6471,6276,-195,0,-2
1670.098,8975569,3,1,-34.1,0,0,6471,6276,-195,0,-2
1670.198,8975669,3,1,-34.1,0,0,6471,6276,-195,0,-2
1670.299,8975769,3,1,-34.1,0,0,6471,6276,-195,0,-2
1670.398,8975869,3,1,-34.1,0,0,6471,6276,-195,0,-2
1670.498,8975969,3,1,-34.1,0,0,6471,6276,-195,0,-2
1670.598,8976069,3,1,-34.1,0,0,6471,6276,-195,0,-2
1670.698,8976169,3,1,-34.1,0,0,6471,6276,-195,0,-2
1670.799,8976269,3,1,-34.1,0,0,6471,6276,-195,0,-2
1670.899,8976369,3,1,-34.1,0,0,6471,6276,-195,0,-2
1671.011,8976481,3,1,-34.1,0,0,6471,6276,-195,0,-2
1671.098,8976569,3,1,-34.1,0,0,6471,6276,-195,0,-2
1671.198,8976669,3,1,-34.1,0,0,6471,6276,-195,0,-2
1671.298,8976769,3,1,-34.1,0,0,6471,6276,-195,0,-2
1671.398,8976869,3,1,-34.1,0,0,6471,6276,-195,0,-2
1671.498,8976969,3,1,-34.1,0,0,6471,6276,-195,0,-2
1671.598,8977069,3,1,-34.1,0,0,6471,6276,-195,0,-2
1671.697,8977169,3,1,-34.1,0,0,6471,6276,-195,0,-2
1671.798,8977269,3,1,-34.1,0,0,6471,6276,-195,0,-2
1671.897,8977369,3,1,-34.1,0,0,6471,6276,-195,0,-2
1671.998,8977469,3,1,-34.1,0,0,6471,6276,-195,0,-2
1672.097,8977569,3,1,-34.1,0,0,6471,6276,-195,0,-2
1672.198,8977669,3,1,-34.1,0,0,6471,6276,-195,0,-2
1672.298,8977769,3,1,-34.1,0,0,6471,6276,-195,0,-2
1672.398,8977869,3,1,-34.1,0,0,6471,6276,-195,0,-2
1672.498,8977969,3,1,-34.1,0,0,6471,6276,-195,0,-2
1672.597,8978069,3,1,-34.1,0,0,6471,6276,-195,0,-2
1672.698,8978169,3,1,-34.1,0,0,6471,6276,-195,0,-2
1672.799,8978269,3,1,-34.1,0,0,6471,6276,-195,0,-2
1672.898,8978369,3,1,-34.1,0,0,6471,6276,-195,0,-2
1673.011,8978481,3,1,-34.1,0,0,6471,6276,-195,0,-2
1673.098,8978569,3,1,-34.1,0,0,6471,6276,-195,0,-2
1673.198,8978669,3,1,-34.1,0,0,6471,6276,-195,0,-2
1673.298,8978769,3,1,-34.1,0,0,6471,6276,-195,0,-2
1673.398,8978869,3,1,-34.1,0,0,6471,6276,-195,0,-2
1673.498,8978969,3,1,-34.1,0,0,6471,6276,-195,0,-2
1673.598,8979069,3,1,-34.1,0,0,6471,6276,-195,0,-2
1673.698,8979169,3,1,-34.1,0,0,6471,6276,-195,0,-2
1673.798,8979269,3,1,-34.1,0,0,6471,6276,-195,0,-2
1673.897,8979369,3,1,-34.1,0,0,6471,6276,-195,0,-2
1673.999,8979469,3,1,-34.1,0,0,6471,6276,-195,0,-2
1674.098,8979569,3,1,-34.1,0,0,6471,6276,-195,0,-2
1674.197,8979669,3,1,-34.1,0,0,6471,6276,-195,0,-2
1674.298,8979769,3,1,-34.1,0,0,6471,6276,-195,0,-2
1674.400,8979869,3,1,-34.1,0,0,6471,6276,-195,0,-2
1674.498,8979969,3,1,-34.1,0,0,6471,6276,-195,0,-2
1674.598,8980069,3,1,-34.1,0,0,6471,6276,-195,0,-2
1674.699,8980169,3,1,-34.1,0,0,6471,6276,-195,0,-2
1674.798,8980269,3,1,-34.1,0,0,6471,6276,-195,0,-2
1674.901,8980369,3,1,-34.1,0,0,6471,6276,-195,0,-2
1675.010,8980481,3,1,-34.1,0,0,6471,6276,-195,0,-2
1675.098,8980569,3,1,-34.1,0,0,6471,6276,-195,0,-2
1675.198,8980669,3,1,-34.1,0,0,6471,6276,-195,0,-2
1675.298,8980769,3,1,-34.1,0,0,6471,6276,-195,0,-2
1675.398,8980869,3,1,-34.1,0,0,6471,6276,-195,0,-2
1675.498,8980969,3,1,-34.1,0,0,6471,6276,-195,0,-2
1675.598,8981069,3,1,-34.1,0,0,6471,6276,-195,0,-2
1675.699,8981169,3,1,-34.1,0,0,6471,6276,-195,0,-2
1675.797,8981269,3,1,-34.1,0,0,6471,6276,-195,0,-2
1675.899,8981369,3,1,-34.1,0,0,6471,6276,-195,0,-2
1675.997,8981469,3,1,-34.1,0,0,6471,6276,-195,0,-2
1676.097,8981569,3,1,-34.1,0,0,6471,6276,-195,0,-2
1676.198,8981669,3,1,-34.1,0,0,6471,6276,-195,0,-2
1676.298,8981769,3,1,-34.1,0,0,6471,6276,-195,0,-2
1676.397,8981869,3,1,-34.1,0,0,6471,6276,-195,0,-2
1676.497,8981969,3,1,-34.1,0,0,6471,6276,-195,0,-2
1676.599,8982069,3,1,-34.1,0,0,6471,6276,-195,0,-2
1676.699,8982169,3,1,-34.1,0,0,6471,6276,-195,0,-2
1676.798,8982269,3,1,-34.1,0,0,6471,6276,-195,0,-2
1676.898,8982369,3,1,-34.1,0,0,6471,6276,-195,0,-2
1677.010,8982481,3,1,-34.1,0,0,6471,6276,-195,0,-2
1677.098,8982569,3,1,-34.1,0,0,6471,6276,-195,0,-2
1677.199,8982669,3,1,-34.1,0,0,6471,6276,-195,0,-2
1677.297,8982769,3,1,-34.1,0,0,6471,6276,-195,0,-2
1677.398,8982869,3,1,-34.1,0,0,6471,6276,-195,0,-2
1677.497,8982969,3,1,-34.1,0,0,6471,6276,-195,0,-2
1677.598,8983069,3,1,-34.1,0,0,6471,6276,-195,0,-2
1677.698,8983169,3,1,-34.1,0,0,6471,6276,-195,0,-2
1677.797,8983269,3,1,-34.1,0,0,6471,6276,-195,0,-2
1677.898,8983369,3,1,-34.1,0,0,6471,6276,-195,0,-2
1677.998,8983469,3,1,-34.1,0,0,6471,6276,-195,0,-2
1678.099,8983569,3,1,-34.1,0,0,6471,6276,-195,0,-2
1678.198,8983669,3,1,-34.1,0,0,6471,6276,-195,0,-2
1678.297,8983769,3,1,-34.1,0,0,6471,6276,-195,0,-2
1678.398,8983869,3,1,-34.1,0,0,6471,6276,-195,0,-2
1678.497,8983969,3,1,-34.1,0,0,6471,6276,-195,0,-2
1678.598,8984069,3,1,-34.1,0,0,6471,6276,-195,0,-2
1678.698,8984169,3,1,-34.1,0,0,6471,6276,-195,0,-2
1678.798,8984269,3,1,-34.1,0,0,6471,6276,-195,0,-2
1678.898,8984369,3,1,-34.1,0,0,6471,6276,-195,0,-2
1679.010,8984481,3,1,-34.1,0,0,6471,6276,-195,0,-2
1679.098,8984569,3,1,-34.1,0,0,6471,6276,-195,0,-2
1679.198,8984669,3,1,-34.1,0,0,6471,6276,-195,0,-2
1679.297,8984769,3,1,-34.1,0,0,6471,6276,-195,0,-2
1679.398,8984869,3,1,-34.1,0,0,6471,6276,-195,0,-2
1679.497,8984969,3,1,-34.1,0,0,6471,6276,-195,0,-2
1679.598,8985069,3,1,-34.1,0,0,6471,6276,-195,0,-2
1679.698,8985169,3,1,-34.1,0,0,6471,6276,-195,0,-2
1679.797,8985269,3,1,-34.1,0,0,6471,6276,-195,0,-2
1679.899,8985369,3,1,-34.1,0,0,6471,6276,-195,0,-2
1680.000,8985469,3,1,-34.1,0,0,6471,6276,-195,0,-2
1680.097,8985569,3,1,-34.1,0,0,6471,6276,-195,0,-2
1680.198,8985669,3,1,-34.1,0,0,6471,6276,-195,0,-2
1680.298,8985769,3,1,-34.1,0,0,6471,6276,-195,0,-2
1680.497,8985969,3,1,-34.1,0,0,6471,6276,-195,0,-2
1680.598,8986069,3,1,-34.1,0,0,6471,6276,-195,0,-2
1680.697,8986169,3,1,-34.1,0,0,6471,6276,-195,0,-2
1680.798,8986269,3,1,-34.1,0,0,6471,6276,-195,0,-2
1680.898,8986369,3,1,-34.1,0,0,6471,6276,-195,0,-2
1681.010,8986481,3,1,-34.1,0,0,6471,6276,-195,0,-2
1681.097,8986569,3,1,-34.1,0,0,6471,6276,-195,0,-2
1681.197,8986669,3,1,-34.1,0,0,6471,6276,-195,0,-2
1681.298,8986769,3,1,-34.1,0,0,6471,6276,-195,0,-2
1681.397,8986869,3,1,-34.1,0,0,6471,6276,-195,0,-2
1681.498,8986969,3,1,-34.1,0,0,6471,6276,-195,0,-2
1681.598,8987069,3,1,-34.1,0,0,6471,6276,-195,0,-2
1681.698,8987169,3,1,-34.1,0,0,6471,6276,-195,0,-2
1681.799,8987269,3,1,-34.1,0,0,6471,6276,-195,0,-2
1681.898,8987369,3,1,-34.1,0,0,6471,6276,-195,0,-2
1681.997,8987469,3,1,-34.1,0,0,6471,6276,-195,0,-2
1682.098,8987569,3,1,-34.1,0,0,6471,6276,-195,0,-2
1682.198,8987669,3,1,-34.1,0,0,6471,6276,-195,0,-2
1682.297,8987769,3,1,-34.1,0,0,6471,6276,-195,0,-2
1682.397,8987869,3,1,-34.1,0,0,6471,6276,-195,0,-2
1682.500,8987969,3,1,-34.1,0,0,6471,6276,-195,0,-2
1682.604,8988069,3,1,-34.1,0,0,6471,6276,-195,0,-2
1682.698,8988169,3,1,-34.1,0,0,6471,6276,-195,0,-2
1682.797,8988269,3,1,-34.1,0,0,6471,6276,-195,0,-2
1682.898,8988369,3,1,-34.1,0,0,6471,6276,-195,0,-2
1683.010,8988481,3,1,-34.1,0,0,6471,6276,-195,0,-2
1683.097,8988569,3,1,-34.1,0,0,6471,6276,-195,0,-2
1683.200,8988669,3,1,-34.1,0,0,6471,6276,-195,0,-2
1683.297,8988769,3,1,-34.1,0,0,6471,6276,-195,0,-2
1683.397,8988869,3,1,-34.1,0,0,6471,6276,-195,0,-2
1683.497,8988969,3,1,-34.1,0,0,6471,6276,-195,0,-2
1683.598,8989069,3,1,-34.1,0,0,6471,6276,-195,0,-2
1683.698,8989169,3,1,-34.1,0,0,6471,6276,-195,0,-2
1683.797,8989269,3,1,-34.1,0,0,6471,6276,-195,0,-2
1683.905,8989369,3,1,-34.1,0,0,6471,6276,-195,0,-2
1683.997,8989469,3,1,-34.1,0,0,6471,6276,-195,0,-2
1684.097,8989569,3,1,-34.1,0,0,6471,6276,-195,0,-2
1684.201,8989669,3,1,-34.1,0,0,6471,6276,-195,0,-2
1684.297,8989769,3,1,-34.1,0,0,6471,6276,-195,0,-2
1684.397,8989869,3,1,-34.1,0,0,6471,6276,-195,0,-2
1684.497,8989969,3,1,-34.1,0,0,6471,6276,-195,0,-2
1684.597,8990069,3,1,-34.1,0,0,6471,6276,-195,0,-2
1684.699,8990169,3,1,-34.1,0,0,6471,6276,-195,0,-2
1684.798,8990269,3,1,-34.1,0,0,6471,6276,-195,0,-2
1684.897,8990369,3,1,-34.1,0,0,6471,6276,-195,0,-2
1685.010,8990481,3,1,-34.1,0,0,6471,6276,-195,0,-2
1685.098,8990569,3,1,-34.1,0,0,6471,6276,-195,0,-2
1685.198,8990669,3,1,-34.1,0,0,6471,6276,-195,0,-2
1685.297,8990769,3,1,-34.1,0,0,6471,6276,-195,0,-2
1685.397,8990869,3,1,-34.1,0,0,6471,6276,-195,0,-2
1685.497,8990969,3,1,-34.1,0,0,6471,6276,-195,0,-2
1685.597,8991069,3,1,-34.1,0,0,6471,6276,-195,0,-2
1685.697,8991169,3,1,-34.1,0,0,6471,6276,-195,0,-2
1685.801,8991269,3,1,-34.1,0,0,6471,6276,-195,0,-2
1685.898,8991369,3,1,-34.1,0,0,6471,6276,-195,0,-2
1685.998,8991469,3,1,-34.1,0,0,6471,6276,-195,0,-2
1686.097,8991569,3,1,-34.1,0,0,6471,6276,-195,0,-2
1686.198,8991669,3,1,-34.1,0,0,6471,6276,-195,0,-2
1686.297,8991769,3,1,-34.1,0,0,6471,6276,-195,0,-2
1686.397,8991869,3,1,-34.1,0,0,6471,6276,-195,0,-2
1686.497,8991969,3,1,-34.1,0,0,6471,6276,-195,0,-2
1686.597,8992069,3,1,-34.1,0,0,6471,6276,-195,0,-2
1686.697,8992169,3,1,-34.1,0,0,6471,6276,-195,0,-2
1686.799,8992269,3,1,-34.1,0,0,6471,6276,-195,0,-2
1686.898,8992369,3,1,-34.1,0,0,6471,6276,-195,0,-2
1687.010,8992481,3,1,-34.1,0,0,6471,6276,-195,0,-2
1687.097,8992569,3,1,-34.1,0,0,6471,6276,-195,0,-2
1687.198,8992669,3,1,-34.1,0,0,6471,6276,-195,0,-2
1687.298,8992769,3,1,-34.1,0,0,6471,6276,-195,0,-2
1687.396,8992869,3,1,-34.1,0,0,6471,6276,-195,0,-2
1687.497,8992969,3,1,-34.1,0,0,6471,6276,-195,0,-2
1687.597,8993069,3,1,-34.1,0,0,6471,6276,-195,0,-2
1687.698,8993169,3,1,-34.1,0,0,6471,6276,-195,0,-2
1687.797,8993269,3,1,-34.1,0,0,6471,6276,-195,0,-2
1687.898,8993369,3,1,-34.1,0,0,6471,6276,-195,0,-2
1687.999,8993469,3,1,-34.1,0,0,6471,6276,-195,0,-2
1688.097,8993569,3,1,-34.1,0,0,6471,6276,-195,0,-2
1688.201,8993669,3,1,-34.1,0,0,6471,6276,-195,0,-2
1688.297,8993769,3,1,-34.1,0,0,6471,6276,-195,0,-2
1688.396,8993869,3,1,-34.1,0,0,6471,6276,-195,0,-2
1688.497,8993969,3,1,-34.1,0,0,6471,6276,-195,0,-2
1688.597,8994069,3,1,-34.1,0,0,6471,6276,-195,0,-2
1688.697,8994169,3,1,-34.1,0,0,6471,6276,-195,0,-2
1688.797,8994269,3,1,-34.1,0,0,6471,6276,-195,0,-2
1688.898,8994369,3,1,-34.1,0,0,6471,6276,-195,0,-2
1689.009,8994481,3,1,-34.1,0,0,6471,6276,-195,0,-2
1689.097,8994569,3,1,-34.1,0,0,6471,6276,-195,0,-2
1689.197,8994669,3,1,-34.1,0,0,6471,6276,-195,0,-2
1689.297,8994769,3,1,-34.1,0,0,6471,6276,-195,0,-2
1689.397,8994869,3,1,-34.1,0,0,6471,6276,-195,0,-2
1689.497,8994969,3,1,-34.1,0,0,6471,6276,-195,0,-2
1689.596,8995069,3,1,-34.1,0,0,6471,6276,-195,0,-2
1689.697,8995169,3,1,-34.1,0,0,6471,6276,-195,0,-2
1689.799,8995269,3,1,-34.1,0,0,6471,6276,-195,0,-2
1689.897,8995369,3,1,-34.1,0,0,6471,6276,-195,0,-2
1689.999,8995469,3,1,-34.1,0,0,6471,6276,-195,0,-2
1690.097,8995569,3,1,-34.1,0,0,6471,6276,-195,0,-2
1690.198,8995669,3,1,-34.1,0,0,6471,6276,-195,0,-2
1690.297,8995769,3,1,-34.1,0,0,6471,6276,-195,0,-2
1690.397,8995869,3,1,-34.1,0,0,6471,6276,-195,0,-2
1690.497,8995969,3,1,-34.1,0,0,6471,6276,-195,0,-2
1690.597,8996069,3,1,-34.1,0,0,6471,6276,-195,0,-2
1690.708,8996169,3,1,-34.1,0,0,6471,6276,-195,0,-2
1690.797,8996269,3,1,-34.1,0,0,6471,6276,-195,0,-2
1690.897,8996369,3,1,-34.1,0,0,6471,6276,-195,0,-2
1691.009,8996481,3,1,-34.1,0,0,6471,6276,-195,0,-2
1691.097,8996569,3,1,-34.1,0,0,6471,6276,-195,0,-2
1691.197,8996669,3,1,-34.1,0,0,6471,6276,-195,0,-2
1691.299,8996769,3,1,-34.1,0,0,6471,6276,-195,0,-2
1691.397,8996869,3,1,-34.1,0,0,6471,6276,-195,0,-2
1691.496,8996969,3,1,-34.1,0,0,6471,6276,-195,0,-2
1691.597,8997069,3,1,-34.1,0,0,6471,6276,-195,0,-2
1691.697,8997169,3,1,-34.1,0,0,6471,6276,-195,0,-2
1691.799,8997269,3,1,-34.1,0,0,6471,6276,-195,0,-2
1691.897,8997369,3,1,-34.1,0,0,6471,6276,-195,0,-2
1691.997,8997469,3,1,-34.1,0,0,6471,6276,-195,0,-2
1692.097,8997569,3,1,-34.1,0,0,6471,6276,-195,0,-2
1692.197,8997669,3,1,-34.1,0,0,6471,6276,-195,0,-2
1692.297,8997769,3,1,-34.1,0,0,6471,6276,-195,0,-2
1692.397,8997869,3,1,-34.1,0,0,6471,6276,-195,0,-2
1692.497,8997969,3,1,-34.1,0,0,6471,6276,-195,0,-2
1692.597,8998069,3,1,-34.1,0,0,6471,6276,-195,0,-2
1692.696,8998169,3,1,-34.1,0,0,6471,6276,-195,0,-2
1692.796,8998269,3,1,-34.1,0,0,6471,6276,-195,0,-2
1692.897,8998369,3,1,-34.1,0,0,6471,6276,-195,0,-2
1693.012,8998481,3,1,-34.1,0,0,6471,6276,-195,0,-2
1693.098,8998569,3,1,-34.1,0,0,6471,6276,-195,0,-2
1693.198,8998669,3,1,-34.1,0,0,6471,6276,-195,0,-2
1693.298,8998769,3,1,-34.1,0,0,6471,6276,-195,0,-2
1693.397,8998869,3,1,-34.1,0,0,6471,6276,-195,0,-2
1693.496,8998969,3,1,-34.1,0,0,6471,6276,-195,0,-2
1693.597,8999069,3,1,-34.1,0,0,6471,6276,-195,0,-2
1693.696,8999169,3,1,-34.1,0,0,6471,6276,-195,0,-2
1693.798,8999269,3,1,-34.1,0,0,6471,6276,-195,0,-2
1693.897,8999369,3,1,-34.1,0,0,6471,6276,-195,0,-2
1693.997,8999469,3,1,-34.1,0,0,6471,6276,-195,0,-2
1694.097,8999569,3,1,-34.1,0,0,6471,6276,-195,0,-2
1694.197,8999669,3,1,-34.1,0,0,6471,6276,-195,0,-2
1694.296,8999769,3,1,-34.1,0,0,6471,6276,-195,0,-2
1694.396,8999869,3,1,-34.1,0,0,6471,6276,-195,0,-2
1694.497,8999969,3,1,-34.1,0,0,6471,6276,-195,0,-2
1694.596,9000069,3,1,-34.1,0,0,6471,6276,-195,0,-2
1694.696,9000169,3,1,-34.1,0,0,6471,6276,-195,0,-2
1694.796,9000269,3,1,-34.1,0,0,6471,6276,-195,0,-2
1694.896,9000369,3,1,-34.1,0,0,6471,6276,-195,0,-2
1695.009,9000481,3,1,-34.1,0,0,6471,6276,-195,0,-2
1695.096,9000569,3,1,-34.1,0,0,6471,6276,-195,0,-2
1695.197,9000669,3,1,-34.1,0,0,6471,6276,-195,0,-2
1695.297,9000769,3,1,-34.1,0,0,6471,6276,-195,0,-2
1695.396,9000869,3,1,-34.1,0,0,6471,6276,-195,0,-2
1695.497,9000969,3,1,-34.1,0,0,6471,6276,-195,0,-2
1695.596,9001069,3,1,-34.1,0,0,6471,6276,-195,0,-2
1695.697,9001169,3,1,-34.1,0,0,6471,6276,-195,0,-2
1695.796,9001269,3,1,-34.1,0,0,6471,6276,-195,0,-2
1695.896,9001369,3,1,-34.1,0,0,6471,6276,-195,0,-2
1695.996,9001469,3,1,-34.1,0,0,6471,6276,-195,0,-2
1696.107,9001569,3,1,-34.1,0,0,6471,6276,-195,0,-2
1696.196,9001669,3,1,-34.1,0,0,6471,6276,-195,0,-2
1696.298,9001769,3,1,-34.1,0,0,6471,6276,-195,0,-2
1696.396,9001869,3,1,-34.1,0,0,6471,6276,-195,0,-2
1696.497,9001969,3,1,-34.1,0,0,6471,6276,-195,0,-2
1696.597,9002069,3,1,-34.1,0,0,6471,6276,-195,0,-2
1696.701,9002169,3,1,-34.1,0,0,6471,6276,-195,0,-2
1696.796,9002269,3,1,-34.1,0,0,6471,6276,-195,0,-2
1696.896,9002369,3,1,-34.1,0,0,6471,6276,-195,0,-2
1697.009,9002481,3,1,-34.1,0,0,6471,6276,-195,0,-2
1697.097,9002569,3,1,-34.1,0,0,6471,6276,-195,0,-2
1697.196,9002669,3,1,-34.1,0,0,6471,6276,-195,0,-2
1697.298,9002769,3,1,-34.1,0,0,6471,6276,-195,0,-2
1697.396,9002869,3,1,-34.1,0,0,6471,6276,-195,0,-2
1697.496,9002969,3,1,-34.1,0,0,6471,6276,-195,0,-2
1697.596,9003069,3,1,-34.1,0,0,6471,6276,-195,0,-2
1697.698,9003169,3,1,-34.1,0,0,6471,6276,-195,0,-2
1697.796,9003269,3,1,-34.1,0,0,6471,6276,-195,0,-2
1697.931,9003369,3,1,-34.1,0,0,6471,6276,-195,0,-2
1697.996,9003469,3,1,-34.1,0,0,6471,6276,-195,0,-2
1698.100,9003569,3,1,-34.1,0,0,6471,6276,-195,0,-2
1698.196,9003669,3,1,-34.1,0,0,6471,6276,-195,0,-2
1698.296,9003769,3,1,-34.1,0,0,6471,6276,-195,0,-2
1698.396,9003869,3,1,-34.1,0,0,6471,6276,-195,0,-2
1698.496,9003969,3,1,-34.1,0,0,6471,6276,-195,0,-2
1698.596,9004069,3,1,-34.1,0,0,6471,6276,-195,0,-2
1698.696,9004169,3,1,-34.1,0,0,6471,6276,-195,0,-2
1698.796,9004269,3,1,-34.1,0,0,6471,6276,-195,0,-2
1698.896,9004369,3,1,-34.1,0,0,6471,6276,-195,0,-2
1699.009,9004481,3,1,-34.1,0,0,6471,6276,-195,0,-2
1699.101,9004569,3,1,-34.1,0,0,6471,6276,-195,0,-2
1699.197,9004669,3,1,-34.1,0,0,6471,6276,-195,0,-2
1699.297,9004769,3,1,-34.1,0,0,6471,6276,-195,0,-2
1699.396,9004869,3,1,-34.1,0,0,6471,6276,-195,0,-2
1699.496,9004969,3,1,-34.1,0,0,6471,6276,-195,0,-2
1699.596,9005069,3,1,-34.1,0,0,6471,6276,-195,0,-2
1699.696,9005169,3,1,-34.1,0,0,6471,6276,-195,0,-2
1699.796,9005269,3,1,-34.1,0,0,6471,6276,-195,0,-2
1699.896,9005369,3,1,-34.1,0,0,6471,6276,-195,0,-2
1699.996,9005469,3,1,-34.1,0,0,6471,6276,-195,0,-2
1700.096,9005569,3,1,-34.1,0,0,6471,6276,-195,0,-2
1700.197,9005669,3,1,-34.1,0,0,6471,6276,-195,0,-2
1700.296,9005769,3,1,-34.1,0,0,6471,6276,-195,0,-2
1700.396,9005869,3,1,-34.1,0,0,6471,6276,-195,0,-2
1700.496,9005969,3,1,-34.1,0,0,6471,6276,-195,0,-2
1700.596,9006069,3,1,-34.1,0,0,6471,6276,-195,0,-2
1700.696,9006169,3,1,-34.1,0,0,6471,6276,-195,0,-2
1700.798,9006269,3,1,-34.1,0,0,6471,6276,-195,0,-2
1700.897,9006369,3,1,-34.1,0,0,6471,6276,-195,0,-2
1701.009,9006481,3,1,-34.1,0,0,6471,6276,-195,0,-2
1701.097,9006569,3,1,-34.1,0,0,6471,6276,-195,0,-2
1701.196,9006669,3,1,-34.1,0,0,6471,6276,-195,0,-2
1701.296,9006769,3,1,-34.1,0,0,6471,6276,-195,0,-2
1701.396,9006869,3,1,-34.1,0,0,6471,6276,-195,0,-2
1701.497,9006969,3,1,-34.1,0,0,6471,6276,-195,0,-2
1701.596,9007069,3,1,-34.1,0,0,6471,6276,-195,0,-2
1701.696,9007169,3,1,-34.1,0,0,6471,6276,-195,0,-2
1701.796,9007269,3,1,-34.1,0,0,6471,6276,-195,0,-2
1701.896,9007369,3,1,-34.1,0,0,6471,6276,-195,0,-2
1701.997,9007469,3,1,-34.1,0,0,6471,6276,-195,0,-2
1702.096,9007569,3,1,-34.1,0,0,6471,6276,-195,0,-2
1702.197,9007669,3,1,-34.1,0,0,6471,6276,-195,0,-2
1702.296,9007769,3,1,-34.1,0,0,6471,6276,-195,0,-2
1702.396,9007869,3,1,-34.1,0,0,6471,6276,-195,0,-2
1702.497,9007969,3,1,-34.1,0,0,6471,6276,-195,0,-2
1702.596,9008069,3,1,-34.1,0,0,6471,6276,-195,0,-2
1702.696,9008169,3,1,-34.1,0,0,6471,6276,-195,0,-2
1702.796,9008269,3,1,-34.1,0,0,6471,6276,-195,0,-2
1702.896,9008369,3,1,-34.1,0,0,6471,6276,-195,0,-2
1703.009,9008481,3,1,-34.1,0,0,6471,6276,-195,0,-2
1703.096,9008569,3,1,-34.1,0,0,6471,6276,-195,0,-2
1703.197,9008669,3,1,-34.1,0,0,6471,6276,-195,0,-2
1703.296,9008769,3,1,-34.1,0,0,6471,6276,-195,0,-2
1703.396,9008869,3,1,-34.1,0,0,6471,6276,-195,0,-2
1703.496,9008969,3,1,-34.1,0,0,6471,6276,-195,0,-2
1703.596,9009069,3,1,-34.1,0,0,6471,6276,-195,0,-2
1703.696,9009169,3,1,-34.1,0,0,6471,6276,-195,0,-2
1703.796,9009269,3,1,-34.1,0,0,6471,6276,-195,0,-2
1703.895,9009369,3,1,-34.1,0,0,6471,6276,-195,0,-2
1703.997,9009469,3,1,-34.1,0,0,6471,6276,-195,0,-2
1704.096,9009569,3,1,-34.1,0,0,6471,6276,-195,0,-2
1704.198,9009669,3,1,-34.1,0,0,6471,6276,-195,0,-2
1704.296,9009769,3,1,-34.1,0,0,6471,6276,-195,0,-2
1704.396,9009869,3,1,-34.1,0,0,6471,6276,-195,0,-2
1704.496,9009969,3,1,-34.1,0,0,6471,6276,-195,0,-2
1704.596,9010069,3,1,-34.1,0,0,6471,6276,-195,0,-2
1704.695,9010169,3,1,-34.1,0,0,6471,6276,-195,0,-2
1704.796,9010269,3,1,-34.1,0,0,6471,6276,-195,0,-2
1704.896,9010369,3,1,-34.1,0,0,6471,6276,-195,0,-2
1705.009,9010481,3,1,-34.1,0,0,6471,6276,-195,0,-2
1705.096,9010569,3,1,-34.1,0,0,6471,6276,-195,0,-2
1705.196,9010669,3,1,-34.1,0,0,6471,6276,-195,0,-2
1705.296,9010769,3,1,-34.1,0,0,6471,6276,-195,0,-2
1705.396,9010869,3,1,-34.1,0,0,6471,6276,-195,0,-2
1705.496,9010969,3,1,-34.1,0,0,6471,6276,-195,0,-2
1705.602,9011069,3,1,-34.1,0,0,6471,6276,-195,0,-2
1705.696,9011169,3,1,-34.1,0,0,6471,6276,-195,0,-2
1705.796,9011269,3,1,-34.1,0,0,6471,6276,-195,0,-2
1705.896,9011369,3,1,-34.1,0,0,6471,6276,-195,0,-2
1705.996,9011469,3,1,-34.1,0,0,6471,6276,-195,0,-2
1706.096,9011569,3,1,-34.1,0,0,6471,6276,-195,0,-2
1706.196,9011669,3,1,-34.1,0,0,6471,6276,-195,0,-2
1706.298,9011769,3,1,-34.1,0,0,6471,6276,-195,0,-2
1706.396,9011869,3,1,-34.1,0,0,6471,6276,-195,0,-2
1706.496,9011969,3,1,-34.1,0,0,6471,6276,-195,0,-2
1706.595,9012069,3,1,-34.1,0,0,6471,6276,-195,0,-2
1706.696,9012169,3,1,-34.1,0,0,6471,6276,-195,0,-2
1706.796,9012269,3,1,-34.1,0,0,6471,6276,-195,0,-2
1706.896,9012369,3,1,-34.1,0,0,6471,6276,-195,0,-2
1707.011,9012481,3,1,-34.1,0,0,6471,6276,-195,0,-2
1707.096,9012569,3,1,-34.1,0,0,6471,6276,-195,0,-2
1707.196,9012669,3,1,-34.1,0,0,6471,6276,-195,0,-2
1707.296,9012769,3,1,-34.1,0,0,6471,6276,-195,0,-2
1707.395,9012869,3,1,-34.1,0,0,6471,6276,-195,0,-2
1707.496,9012969,3,1,-34.1,0,0,6471,6276,-195,0,-2
1707.596,9013069,3,1,-34.1,0,0,6471,6276,-195,0,-2
1707.695,9013169,3,1,-34.1,0,0,6471,6276,-195,0,-2
1707.795,9013269,3,1,-34.1,0,0,6471,6276,-195,0,-2
1707.895,9013369,3,1,-34.1,0,0,6471,6276,-195,0,-2
1707.996,9013469,3,1,-34.1,0,0,6471,6276,-195,0,-2
1708.096,9013569,3,1,-34.1,0,0,6471,6276,-195,0,-2
1708.196,9013669,3,1,-34.1,0,0,6471,6276,-195,0,-2
1708.296,9013769,3,1,-34.1,0,0,6471,6276,-195,0,-2
1708.395,9013869,3,1,-34.1,0,0,6471,6276,-195,0,-2
1708.496,9013969,3,1,-34.1,0,0,6471,6276,-195,0,-2
1708.596,9014069,3,1,-34.1,0,0,6471,6276,-195,0,-2
1708.696,9014169,3,1,-34.1,0,0,6471,6276,-195,0,-2
1708.795,9014269,3,1,-34.1,0,0,6471,6276,-195,0,-2
1708.896,9014369,3,1,-34.1,0,0,6471,6276,-195,0,-2
1709.008,9014481,3,1,-34.1,0,0,6471,6276,-195,0,-2
1709.096,9014569,3,1,-34.1,0,0,6471,6276,-195,0,-2
1709.196,9014669,3,1,-34.1,0,0,6471,6276,-195,0,-2
1709.296,9014769,3,1,-34.1,0,0,6471,6276,-195,0,-2
1709.396,9014869,3,1,-34.1,0,0,6471,6276,-195,0,-2
1709.496,9014969,3,1,-34.1,0,0,6471,6276,-195,0,-2
1709.596,9015069,3,1,-34.1,0,0,6471,6276,-195,0,-2
1709.696,9015169,3,1,-34.1,0,0,6471,6276,-195,0,-2
1709.796,9015269,3,1,-34.1,0,0,6471,6276,-195,0,-2
1709.895,9015369,3,1,-34.1,0,0,6471,6276,-195,0,-2
1709.995,9015469,3,1,-34.1,0,0,6471,6276,-195,0,-2
1710.096,9015569,3,1,-34.1,0,0,6471,6276,-195,0,-2
1710.196,9015669,3,1,-34.1,0,0,6471,6276,-195,0,-2
1710.296,9015769,3,1,-34.1,0,0,6471,6276,-195,0,-2
1710.395,9015869,3,1,-34.1,0,0,6471,6276,-195,0,-2
1710.496,9015969,3,1,-34.1,0,0,6471,6276,-195,0,-2
1710.595,9016069,3,1,-34.1,0,0,6471,6276,-195,0,-2
1710.696,9016169,3,1,-34.1,0,0,6471,6276,-195,0,-2
1710.798,9016269,3,1,-34.1,0,0,6471,6276,-195,0,-2
1710.895,9016369,3,1,-34.1,0,0,6471,6276,-195,0,-2
1711.008,9016481,3,1,-34.1,0,0,6471,6276,-195,0,-2
1711.096,9016569,3,1,-34.1,0,0,6471,6276,-195,0,-2
1711.195,9016669,3,1,-34.1,0,0,6471,6276,-195,0,-2
1711.295,9016769,3,1,-34.1,0,0,6471,6276,-195,0,-2
1711.395,9016869,3,1,-34.1,0,0,6471,6276,-195,0,-2
1711.496,9016969,3,1,-34.1,0,0,6471,6276,-195,0,-2
1711.595,9017069,3,1,-34.1,0,0,6471,6276,-195,0,-2
1711.699,9017169,3,1,-34.1,0,0,6471,6276,-195,0,-2
1711.795,9017269,3,1,-34.1,0,0,6471,6276,-195,0,-2
1711.895,9017369,3,1,-34.1,0,0,6471,6276,-195,0,-2
1711.995,9017469,3,1,-34.1,0,0,6471,6276,-195,0,-2
1712.096,9017569,3,1,-34.1,0,0,6471,6276,-195,0,-2
1712.195,9017669,3,1,-34.1,0,0,6471,6276,-195,0,-2
1712.295,9017769,3,1,-34.1,0,0,6471,6276,-195,0,-2
1712.395,9017869,3,1,-34.1,0,0,6471,6276,-195,0,-2
1712.496,9017969,3,1,-34.1,0,0,6471,6276,-195,0,-2
1712.596,9018069,3,1,-34.1,0,0,6471,6276,-195,0,-2
1712.696,9018169,3,1,-34.1,0,0,6471,6276,-195,0,-2
1712.795,9018269,3,1,-34.1,0,0,6471,6276,-195,0,-2
1712.895,9018369,3,1,-34.1,0,0,6471,6276,-195,0,-2
1713.008,9018481,3,1,-34.1,0,0,6471,6276,-195,0,-2
1713.098,9018569,3,1,-34.1,0,0,6471,6276,-195,0,-2
1713.198,9018669,3,1,-34.1,0,0,6471,6276,-195,0,-2
1713.295,9018769,3,1,-34.1,0,0,6471,6276,-195,0,-2
1713.396,9018869,3,1,-34.1,0,0,6471,6276,-195,0,-2
1713.502,9018969,3,1,-34.1,0,0,6471,6276,-195,0,-2
1713.595,9019069,3,1,-34.1,0,0,6471,6276,-195,0,-2
1713.696,9019169,3,1,-34.1,0,0,6471,6276,-195,0,-2
1713.796,9019269,3,1,-34.1,0,0,6471,6276,-195,0,-2
1713.895,9019369,3,1,-34.1,0,0,6471,6276,-195,0,-2
1713.995,9019469,3,1,-34.1,0,0,6471,6276,-195,0,-2
1714.095,9019569,3,1,-34.1,0,0,6471,6276,-195,0,-2
1714.197,9019669,3,1,-34.1,0,0,6471,6276,-195,0,-2
1714.295,9019769,3,1,-34.1,0,0,6471,6276,-195,0,-2
1714.395,9019869,3,1,-34.1,0,0,6471,6276,-195,0,-2
1714.495,9019969,3,1,-34.1,0,0,6471,6276,-195,0,-2
1714.595,9020069,3,1,-34.1,0,0,6471,6276,-195,0,-2
1714.695,9020169,3,1,-34.1,0,0,6471,6276,-195,0,-2
1714.795,9020269,3,1,-34.1,0,0,6471,6276,-195,0,-2
1714.895,9020369,3,1,-34.1,0,0,6471,6276,-195,0,-2
1715.008,9020481,3,1,-34.1,0,0,6471,6276,-195,0,-2
1715.095,9020569,3,1,-34.1,0,0,6471,6276,-195,0,-2
1715.195,9020669,3,1,-34.1,0,0,6471,6276,-195,0,-2
1715.296,9020769,3,1,-34.1,0,0,6471,6276,-195,0,-2
1715.398,9020869,3,1,-34.1,0,0,6471,6276,-195,0,-2
1715.495,9020969,3,1,-34.1,0,0,6471,6276,-195,0,-2
1715.597,9021069,3,1,-34.1,0,0,6471,6276,-195,0,-2
1715.697,9021169,3,1,-34.1,0,0,6471,6276,-195,0,-2
1715.795,9021269,3,1,-34.1,0,0,6471,6276,-195,0,-2
1715.895,9021369,3,1,-34.1,0,0,6471,6276,-195,0,-2
1716.002,9021469,3,1,-34.1,0,0,6471,6276,-195,0,-2
1716.095,9021569,3,1,-34.1,0,0,6471,6276,-195,0,-2
1716.201,9021669,3,1,-34.1,0,0,6471,6276,-195,0,-2
1716.295,9021769,3,1,-34.1,0,0,6471,6276,-195,0,-2
1716.395,9021869,3,1,-34.1,0,0,6471,6276,-195,0,-2
1716.496,9021969,3,1,-34.1,0,0,6471,6276,-195,0,-2
1716.595,9022069,3,1,-34.1,0,0,6471,6276,-195,0,-2
1716.696,9022169,3,1,-34.1,0,0,6471,6276,-195,0,-2
1716.795,9022269,3,1,-34.1,0,0,6471,6276,-195,0,-2
1716.895,9022369,3,1,-34.1,0,0,6471,6276,-195,0,-2
1717.012,9022481,3,1,-34.1,0,0,6471,6276,-195,0,-2
1717.094,9022569,3,1,-34.1,0,0,6471,6276,-195,0,-2
1717.195,9022669,3,1,-34.1,0,0,6471,6276,-195,0,-2
1717.295,9022769,3,1,-34.1,0,0,6471,6276,-195,0,-2
1717.395,9022869,3,1,-34.1,0,0,6471,6276,-195,0,-2
1717.495,9022969,3,1,-34.1,0,0,6471,6276,-195,0,-2
1717.595,9023069,3,1,-34.1,0,0,6471,6276,-195,0,-2
1717.695,9023169,3,1,-34.1,0,0,6471,6276,-195,0,-2
1717.795,9023269,3,1,-34.1,0,0,6471,6276,-195,0,-2
1717.895,9023369,3,1,-34.1,0,0,6471,6276,-195,0,-2
1717.995,9023469,3,1,-34.1,0,0,6471,6276,-195,0,-2
1718.097,9023569,3,1,-34.1,0,0,6471,6276,-195,0,-2
1718.195,9023669,3,1,-34.1,0,0,6471,6276,-195,0,-2
1718.295,9023769,3,1,-34.1,0,0,6471,6276,-195,0,-2
1718.395,9023869,3,1,-34.1,0,0,6471,6276,-195,0,-2
1718.495,9023969,3,1,-34.1,0,0,6471,6276,-195,0,-2
1718.595,9024069,3,1,-34.1,0,0,6471,6276,-195,0,-2
1718.695,9024169,3,1,-34.1,0,0,6471,6276,-195,0,-2
1718.795,9024269,3,1,-34.1,0,0,6471,6276,-195,0,-2
1718.895,9024369,3,1,-34.1,0,0,6471,6276,-195,0,-2
1719.008,9024481,3,1,-34.1,0,0,6471,6276,-195,0,-2
1719.095,9024569,3,1,-34.1,0,0,6471,6276,-195,0,-2
1719.196,9024669,3,1,-34.1,0,0,6471,6276,-195,0,-2
1719.295,9024769,3,1,-34.1,0,0,6471,6276,-195,0,-2
1719.395,9024869,3,1,-34.1,0,0,6471,6276,-195,0,-2
1719.495,9024969,3,1,-34.1,0,0,6471,6276,-195,0,-2
1719.595,9025069,3,1,-34.1,0,0,6471,6276,-195,0,-2
1719.695,9025169,3,1,-34.1,0,0,6471,6276,-195,0,-2
1719.795,9025269,3,1,-34.1,0,0,6471,6276,-195,0,-2
1719.894,9025369,3,1,-34.1,0,0,6471,6276,-195,0,-2
1719.995,9025469,3,1,-34.1,0,0,6471,6276,-195,0,-2
1720.095,9025569,3,1,-34.1,0,0,6471,6276,-195,0,-2
1720.195,9025669,3,1,-34.1,0,0,6471,6276,-195,0,-2
1720.295,9025769,3,1,-34.1,0,0,6471,6276,-195,0,-2
1720.394,9025869,3,1,-34.1,0,0,6471,6276,-195,0,-2
1720.495,9025969,3,1,-34.1,0,0,6471,6276,-195,0,-2
1720.598,9026069,3,1,-34.1,0,0,6471,6276,-195,0,-2
1720.699,9026169,3,1,-34.1,0,0,6471,6276,-195,0,-2
1720.795,9026269,3,1,-34.1,0,0,6471,6276,-195,0,-2
1720.895,9026369,3,1,-34.1,0,0,6471,6276,-195,0,-2
1721.007,9026481,3,1,-34.1,0,0,6471,6276,-195,0,-2
1721.095,9026569,3,1,-34.1,0,0,6471,6276,-195,0,-2
1721.195,9026669,3,1,-34.1,0,0,6471,6276,-195,0,-2
1721.295,9026769,3,1,-34.1,0,0,6471,6276,-195,0,-2
1721.395,9026869,3,1,-34.1,0,0,6471,6276,-195,0,-2
1721.495,9026969,3,1,-34.1,0,0,6471,6276,-195,0,-2
1721.595,9027069,3,1,-34.1,0,0,6471,6276,-195,0,-2
1721.695,9027169,3,1,-34.1,0,0,6471,6276,-195,0,-2
1721.795,9027269,3,1,-34.1,0,0,6471,6276,-195,0,-2
1721.895,9027369,3,1,-34.1,0,0,6471,6276,-195,0,-2
1721.995,9027469,3,1,-34.1,0,0,6471,6276,-195,0,-2
1722.095,9027569,3,1,-34.1,0,0,6471,6276,-195,0,-2
1722.195,9027669,3,1,-34.1,0,0,6471,6276,-195,0,-2
1722.296,9027769,3,1,-34.1,0,0,6471,6276,-195,0,-2
1722.395,9027869,3,1,-34.1,0,0,6471,6276,-195,0,-2
1722.496,9027969,3,1,-34.1,0,0,6471,6276,-195,0,-2
1722.595,9028069,3,1,-34.1,0,0,6471,6276,-195,0,-2
1722.695,9028169,3,1,-34.1,0,0,6471,6276,-195,0,-2
1722.795,9028269,3,1,-34.1,0,0,6471,6276,-195,0,-2
1722.895,9028369,3,1,-34.1,0,0,6471,6276,-195,0,-2
1723.007,9028481,3,1,-34.1,0,0,6471,6276,-195,0,-2
1723.095,9028569,3,1,-34.1,0,0,6471,6276,-195,0,-2
1723.195,9028669,3,1,-34.1,0,0,6471,6276,-195,0,-2
1723.295,9028769,3,1,-34.1,0,0,6471,6276,-195,0,-2
1723.395,9028869,3,1,-34.1,0,0,6471,6276,-195,0,-2
1723.495,9028969,3,1,-34.1,0,0,6471,6276,-195,0,-2
1723.595,9029069,3,1,-34.1,0,0,6471,6276,-195,0,-2
1723.695,9029169,3,1,-34.1,0,0,6471,6276,-195,0,-2
1723.795,9029269,3,1,-34.1,0,0,6471,6276,-195,0,-2
1723.894,9029369,3,1,-34.1,0,0,6471,6276,-195,0,-2
1723.995,9029469,3,1,-34.1,0,0,6471,6276,-195,0,-2
1724.094,9029569,3,1,-34.1,0,0,6471,6276,-195,0,-2
1724.195,9029669,3,1,-34.1,0,0,6471,6276,-195,0,-2
1724.295,9029769,3,1,-34.1,0,0,6471,6276,-195,0,-2
1724.395,9029869,3,1,-34.1,0,0,6471,6276,-195,0,-2
1724.495,9029969,3,1,-34.1,0,0,6471,6276,-195,0,-2
1724.595,9030069,3,1,-34.1,0,0,6471,6276,-195,0,-2
1724.695,9030169,3,1,-34.1,0,0,6471,6276,-195,0,-2
1724.795,9030269,3,1,-34.1,0,0,6471,6276,-195,0,-2
1724.895,9030369,3,1,-34.1,0,0,6471,6276,-195,0,-2
1725.007,9030481,3,1,-34.1,0,0,6471,6276,-195,0,-2
1725.095,9030569,3,1,-34.1,0,0,6471,6276,-195,0,-2
1725.195,9030669,3,1,-34.1,0,0,6471,6276,-195,0,-2
1725.295,9030769,3,1,-34.1,0,0,6471,6276,-195,0,-2
1725.395,9030869,3,1,-34.1,0,0,6471,6276,-195,0,-2
1725.495,9030969,3,1,-34.1,0,0,6471,6276,-195,0,-2
1725.595,9031069,3,1,-34.1,0,0,6471,6276,-195,0,-2
1725.695,9031169,3,1,-34.1,0,0,6471,6276,-195,0,-2
1725.795,9031269,3,1,-34.1,0,0,6471,6276,-195,0,-2
1725.894,9031369,3,1,-34.1,0,0,6471,6276,-195,0,-2
1725.994,9031469,3,1,-34.1,0,0,6471,6276,-195,0,-2
1726.095,9031569,3,1,-34.1,0,0,6471,6276,-195,0,-2
1726.195,9031669,3,1,-34.1,0,0,6471,6276,-195,0,-2
1726.294,9031769,3,1,-34.1,0,0,6471,6276,-195,0,-2
1726.395,9031869,3,1,-34.1,0,0,6471,6276,-195,0,-2
1726.495,9031969,3,1,-34.1,0,0,6471,6276,-195,0,-2
1726.595,9032069,3,1,-34.1,0,0,6471,6276,-195,0,-2
1726.695,9032169,3,1,-34.1,0,0,6471,6276,-195,0,-2
1726.795,9032269,3,1,-34.1,0,0,6471,6276,-195,0,-2
1726.894,9032369,3,1,-34.1,0,0,6471,6276,-195,0,-2
1727.007,9032481,3,1,-34.1,0,0,6471,6276,-195,0,-2
1727.095,9032569,3,1,-34.1,0,0,6471,6276,-195,0,-2
1727.195,9032669,3,1,-34.1,0,0,6471,6276,-195,0,-2
1727.295,9032769,3,1,-34.1,0,0,6471,6276,-195,0,-2
1727.394,9032869,3,1,-34.1,0,0,6471,6276,-195,0,-2
1727.494,9032969,3,1,-34.1,0,0,6471,6276,-195,0,-2
1727.595,9033069,3,1,-34.1,0,0,6471,6276,-195,0,-2
1727.694,9033169,3,1,-34.1,0,0,6471,6276,-195,0,-2
1727.795,9033269,3,1,-34.1,0,0,6471,6276,-195,0,-2
1727.894,9033369,3,1,-34.1,0,0,6471,6276,-195,0,-2
1727.994,9033469,3,1,-34.1,0,0,6471,6276,-195,0,-2
1728.094,9033569,3,1,-34.1,0,0,6471,6276,-195,0,-2
1728.195,9033669,3,1,-34.1,0,0,6471,6276,-195,0,-2
1728.295,9033769,3,1,-34.1,0,0,6471,6276,-195,0,-2
1728.395,9033869,3,1,-34.1,0,0,6471,6276,-195,0,-2
1728.494,9033969,3,1,-34.1,0,0,6471,6276,-195,0,-2
1728.595,9034069,3,1,-34.1,0,0,6471,6276,-195,0,-2
1728.694,9034169,3,1,-34.1,0,0,6471,6276,-195,0,-2
1728.795,9034269,3,1,-34.1,0,0,6471,6276,-195,0,-2
1728.894,9034369,3,1,-34.1,0,0,6471,6276,-195,0,-2
1729.007,9034481,3,1,-34.1,0,0,6471,6276,-195,0,-2
1729.094,9034569,3,1,-34.1,0,0,6471,6276,-195,0,-2
1729.195,9034669,3,1,-34.1,0,0,6471,6276,-195,0,-2
1729.295,9034769,3,1,-34.1,0,0,6471,6276,-195,0,-2
1729.394,9034869,3,1,-34.1,0,0,6471,6276,-195,0,-2
1729.494,9034969,3,1,-34.1,0,0,6471,6276,-195,0,-2
1729.595,9035069,3,1,-34.1,0,0,6471,6276,-195,0,-2
1729.695,9035169,3,1,-34.1,0,0,6471,6276,-195,0,-2
1729.795,9035269,3,1,-34.1,0,0,6471,6276,-195,0,-2
1729.894,9035369,3,1,-34.1,0,0,6471,6276,-195,0,-2
1729.994,9035469,3,1,-34.1,0,0,6471,6276,-195,0,-2
1730.094,9035569,3,1,-34.1,0,0,6471,6276,-195,0,-2
1730.195,9035669,3,1,-34.1,0,0,6471,6276,-195,0,-2
1730.294,9035769,3,1,-34.1,0,0,6471,6276,-195,0,-2
1730.394,9035869,3,1,-34.1,0,0,6471,6276,-195,0,-2
1730.494,9035969,3,1,-34.1,0,0,6471,6276,-195,0,-2
1730.594,9036069,3,1,-34.1,0,0,6471,6276,-195,0,-2
1730.694,9036169,3,1,-34.1,0,0,6471,6276,-195,0,-2
1730.794,9036269,3,1,-34.1,0,0,6471,6276,-195,0,-2
1730.894,9036369,3,1,-34.1,0,0,6471,6276,-195,0,-2
1731.007,9036481,3,1,-34.1,0,0,6471,6276,-195,0,-2
1731.094,9036569,3,1,-34.1,0,0,6471,6276,-195,0,-2
1731.194,9036669,3,1,-34.1,0,0,6471,6276,-195,0,-2
1731.294,9036769,3,1,-34.1,0,0,6471,6276,-195,0,-2
1731.394,9036869,3,1,-34.1,0,0,6471,6276,-195,0,-2
1731.495,9036969,3,1,-34.1,0,0,6471,6276,-195,0,-2
1731.594,9037069,3,1,-34.1,0,0,6471,6276,-195,0,-2
1731.695,9037169,3,1,-34.1,0,0,6471,6276,-195,0,-2
1731.794,9037269,3,1,-34.1,0,0,6471,6276,-195,0,-2
1731.894,9037369,3,1,-34.1,0,0,6471,6276,-195,0,-2
1731.996,9037469,3,1,-34.1,0,0,6471,6276,-195,0,-2
1732.094,9037569,3,1,-34.1,0,0,6471,6276,-195,0,-2
1732.194,9037669,3,1,-34.1,0,0,6471,6276,-195,0,-2
1732.294,9037769,3,1,-34.1,0,0,6471,6276,-195,0,-2
1732.394,9037869,3,1,-34.1,0,0,6471,6276,-195,0,-2
1732.494,9037969,3,1,-34.1,0,0,6471,6276,-195,0,-2
1732.594,9038069,3,1,-34.1,0,0,6471,6276,-195,0,-2
1732.695,9038169,3,1,-34.1,0,0,6471,6276,-195,0,-2
1732.794,9038269,3,1,-34.1,0,0,6471,6276,-195,0,-2
1732.894,9038369,3,1,-34.1,0,0,6471,6276,-195,0,-2
1733.007,9038481,3,1,-34.1,0,0,6471,6276,-195,0,-2
1733.094,9038569,3,1,-34.1,0,0,6471,6276,-195,0,-2
1733.194,9038669,3,1,-34.1,0,0,6471,6276,-195,0,-2
1733.294,9038769,3,1,-34.1,0,0,6471,6276,-195,0,-2
1733.394,9038869,3,1,-34.1,0,0,6471,6276,-195,0,-2
1733.495,9038969,3,1,-34.1,0,0,6471,6276,-195,0,-2
1733.597,9039069,3,1,-34.1,0,0,6471,6276,-195,0,-2
1733.694,9039169,3,1,-34.1,0,0,6471,6276,-195,0,-2
1733.794,9039269,3,1,-34.1,0,0,6471,6276,-195,0,-2
1733.894,9039369,3,1,-34.1,0,0,6471,6276,-195,0,-2
1733.994,9039469,3,1,-34.1,0,0,6471,6276,-195,0,-2
1734.094,9039569,3,1,-34.1,0,0,6471,6276,-195,0,-2
1734.194,9039669,3,1,-34.1,0,0,6471,6276,-195,0,-2
1734.294,9039769,3,1,-34.1,0,0,6471,6276,-195,0,-2
1734.394,9039869,3,1,-34.1,0,0,6471,6276,-195,0,-2
1734.496,9039969,3,1,-34.1,0,0,6471,6276,-195,0,-2
1734.594,9040069,3,1,-34.1,0,0,6471,6276,-195,0,-2
1734.694,9040169,3,1,-34.1,0,0,6471,6276,-195,0,-2
1734.794,9040269,3,1,-34.1,0,0,6471,6276,-195,0,-2
1734.894,9040369,3,1,-34.1,0,0,6471,6276,-195,0,-2
1735.007,9040481,3,1,-34.1,0,0,6471,6276,-195,0,-2
1735.094,9040569,3,1,-34.1,0,0,6471,6276,-195,0,-2
1735.194,9040669,3,1,-34.1,0,0,6471,6276,-195,0,-2
1735.294,9040769,3,1,-34.1,0,0,6471,6276,-195,0,-2
1735.394,9040869,3,1,-34.1,0,0,6471,6276,-195,0,-2
1735.494,9040969,3,1,-34.1,0,0,6471,6276,-195,0,-2
1735.594,9041069,3,1,-34.1,0,0,6471,6276,-195,0,-2
1735.695,9041169,3,1,-34.1,0,0,6471,6276,-195,0,-2
1735.795,9041269,3,1,-34.1,0,0,6471,6276,-195,0,-2
1735.894,9041369,3,1,-34.1,0,0,6471,6276,-195,0,-2
1735.994,9041469,3,1,-34.1,0,0,6471,6276,-195,0,-2
1736.094,9041569,3,1,-34.1,0,0,6471,6276,-195,0,-2
1736.194,9041669,3,1,-34.1,0,0,6471,6276,-195,0,-2
1736.294,9041769,3,1,-34.1,0,0,6471,6276,-195,0,-2
1736.393,9041869,3,1,-34.1,0,0,6471,6276,-195,0,-2
1736.493,9041969,3,1,-34.1,0,0,6471,6276,-195,0,-2
1736.593,9042069,3,1,-34.1,0,0,6471,6276,-195,0,-2
1736.694,9042169,3,1,-34.1,0,0,6471,6276,-195,0,-2
1736.794,9042269,3,1,-34.1,0,0,6471,6276,-195,0,-2
1736.894,9042369,3,1,-34.1,0,0,6471,6276,-195,0,-2
1737.006,9042481,3,1,-34.1,0,0,6471,6276,-195,0,-2
1737.093,9042569,3,1,-34.1,0,0,6471,6276,-195,0,-2
1737.194,9042669,3,1,-34.1,0,0,6471,6276,-195,0,-2
1737.294,9042769,3,1,-34.1,0,0,6471,6276,-195,0,-2
1737.394,9042869,3,1,-34.1,0,0,6471,6276,-195,0,-2
1737.494,9042969,3,1,-34.1,0,0,6471,6276,-195,0,-2
1737.594,9043069,3,1,-34.1,0,0,6471,6276,-195,0,-2
1737.693,9043169,3,1,-34.1,0,0,6471,6276,-195,0,-2
1737.795,9043269,3,1,-34.1,0,0,6471,6276,-195,0,-2
1737.894,9043369,3,1,-34.1,0,0,6471,6276,-195,0,-2
1737.995,9043469,3,1,-34.1,0,0,6471,6276,-195,0,-2
1738.093,9043569,3,1,-34.1,0,0,6471,6276,-195,0,-2
1738.194,9043669,3,1,-34.1,0,0,6471,6276,-195,0,-2
1738.296,9043769,3,1,-34.1,0,0,6471,6276,-195,0,-2
1738.394,9043869,3,1,-34.1,0,0,6471,6276,-195,0,-2
1738.494,9043969,3,1,-34.1,0,0,6471,6276,-195,0,-2
1738.593,9044069,3,1,-34.1,0,0,6471,6276,-195,0,-2
1738.694,9044169,3,1,-34.1,0,0,6471,6276,-195,0,-2
1738.794,9044269,3,1,-34.1,0,0,6471,6276,-195,0,-2
1738.894,9044369,3,1,-34.1,0,0,6471,6276,-195,0,-2
1739.006,9044481,3,1,-34.1,0,0,6471,6276,-195,0,-2
1739.094,9044569,3,1,-34.1,0,0,6471,6276,-195,0,-2
1739.194,9044669,3,1,-34.1,0,0,6471,6276,-195,0,-2
1739.294,9044769,3,1,-34.1,0,0,6471,6276,-195,0,-2
1739.393,9044869,3,1,-34.1,0,0,6471,6276,-195,0,-2
1739.493,9044969,3,1,-34.1,0,0,6471,6276,-195,0,-2
1739.594,9045069,3,1,-34.1,0,0,6471,6276,-195,0,-2
1739.693,9045169,3,1,-34.1,0,0,6471,6276,-195,0,-2
1739.794,9045269,3,1,-34.1,0,0,6471,6276,-195,0,-2
1739.894,9045369,3,1,-34.1,0,0,6471,6276,-195,0,-2
1739.994,9045469,3,1,-34.1,0,0,6471,6276,-195,0,-2
1740.094,9045569,3,1,-34.1,0,0,6471,6276,-195,0,-2
1740.194,9045669,3,1,-34.1,0,0,6471,6276,-195,0,-2
1740.293,9045769,3,1,-34.1,0,0,6471,6276,-195,0,-2
1740.394,9045869,3,1,-34.1,0,0,6471,6276,-195,0,-2
1740.495,9045969,3,1,-34.1,0,0,6471,6276,-195,0,-2
1740.593,9046069,3,1,-34.1,0,0,6471,6276,-195,0,-2
1740.694,9046169,3,1,-34.1,0,0,6471,6276,-195,0,-2
1740.794,9046269,3,1,-34.1,0,0,6471,6276,-195,0,-2
1740.894,9046369,3,1,-34.1,0,0,6471,6276,-195,0,-2
1741.006,9046481,3,1,-34.1,0,0,6471,6276,-195,0,-2
1741.093,9046569,3,1,-34.1,0,0,6471,6276,-195,0,-2
1741.193,9046669,3,1,-34.1,0,0,6471,6276,-195,0,-2
1741.293,9046769,3,1,-34.1,0,0,6471,6276,-195,0,-2
1741.394,9046869,3,1,-34.1,0,0,6471,6276,-195,0,-2
1741.493,9046969,3,1,-34.1,0,0,6471,6276,-195,0,-2
1741.594,9047069,3,1,-34.1,0,0,6471,6276,-195,0,-2
1741.695,9047169,3,1,-34.1,0,0,6471,6276,-195,0,-2
1741.794,9047269,3,1,-34.1,0,0,6471,6276,-195,0,-2
1741.894,9047369,3,1,-34.1,0,0,6471,6276,-195,0,-2
1741.993,9047469,3,1,-34.1,0,0,6471,6276,-195,0,-2
1742.094,9047569,3,1,-34.1,0,0,6471,6276,-195,0,-2
1742.194,9047669,3,1,-34.1,0,0,6471,6276,-195,0,-2
1742.293,9047769,3,1,-34.1,0,0,6471,6276,-195,0,-2
1742.393,9047869,3,1,-34.1,0,0,6471,6276,-195,0,-2
1742.493,9047969,3,1,-34.1,0,0,6471,6276,-195,0,-2
1742.593,9048069,3,1,-34.1,0,0,6471,6276,-195,0,-2
1742.694,9048169,3,1,-34.1,0,0,6471,6276,-195,0,-2
1742.793,9048269,3,1,-34.1,0,0,6471,6276,-195,0,-2
1742.894,9048369,3,1,-34.1,0,0,6471,6276,-195,0,-2
1743.006,9048481,3,1,-34.1,0,0,6471,6276,-195,0,-2
1743.093,9048569,3,1,-34.1,0,0,6471,6276,-195,0,-2
1743.194,9048669,3,1,-34.1,0,0,6471,6276,-195,0,-2
1743.293,9048769,3,1,-34.1,0,0,6471,6276,-195,0,-2
1743.393,9048869,3,1,-34.1,0,0,6471,6276,-195,0,-2
1743.493,9048969,3,1,-34.1,0,0,6471,6276,-195,0,-2
1743.593,9049069,3,1,-34.1,0,0,6471,6276,-195,0,-2
1743.693,9049169,3,1,-34.1,0,0,6471,6276,-195,0,-2
1743.793,9049269,3,1,-34.1,0,0,6471,6276,-195,0,-2
1743.893,9049369,3,1,-34.1,0,0,6471,6276,-195,0,-2
1743.993,9049469,3,1,-34.1,0,0,6471,6276,-195,0,-2
1744.094,9049569,3,1,-34.1,0,0,6471,6276,-195,0,-2
1744.194,9049669,3,1,-34.1,0,0,6471,6276,-195,0,-2
1744.293,9049769,3,1,-34.1,0,0,6471,6276,-195,0,-2
1744.393,9049869,3,1,-34.1,0,0,6471,6276,-195,0,-2
1744.493,9049969,3,1,-34.1,0,0,6471,6276,-195,0,-2
1744.593,9050069,3,1,-34.1,0,0,6471,6276,-195,0,-2
1744.694,9050169,3,1,-34.1,0,0,6471,6276,-195,0,-2
1744.794,9050269,3,1,-34.1,0,0,6471,6276,-195,0,-2
1744.893,9050369,3,1,-34.1,0,0,6471,6276,-195,0,-2
1745.006,9050481,3,1,-34.1,0,0,6471,6276,-195,0,-2
1745.093,9050569,3,1,-34.1,0,0,6471,6276,-195,0,-2
1745.193,9050669,3,1,-34.1,0,0,6471,6276,-195,0,-2
1745.293,9050769,3,1,-34.1,0,0,6471,6276,-195,0,-2
1745.393,9050869,3,1,-34.1,0,0,6471,6276,-195,0,-2
1745.493,9050969,3,1,-34.1,0,0,6471,6276,-195,0,-2
1745.593,9051069,3,1,-34.1,0,0,6471,6276,-195,0,-2
1745.694,9051169,3,1,-34.1,0,0,6471,6276,-195,0,-2
1745.793,9051269,3,1,-34.1,0,0,6471,6276,-195,0,-2
1745.893,9051369,3,1,-34.1,0,0,6471,6276,-195,0,-2
1745.993,9051469,3,1,-34.1,0,0,6471,6276,-195,0,-2
1746.093,9051569,3,1,-34.1,0,0,6471,6276,-195,0,-2
1746.193,9051669,3,1,-34.1,0,0,6471,6276,-195,0,-2
1746.293,9051769,3,1,-34.1,0,0,6471,6276,-195,0,-2
1746.393,9051869,3,1,-34.1,0,0,6471,6276,-195,0,-2
1746.493,9051969,3,1,-34.1,0,0,6471,6276,-195,0,-2
1746.593,9052069,3,1,-34.1,0,0,6471,6276,-195,0,-2
1746.694,9052169,3,1,-34.1,0,0,6471,6276,-195,0,-2
1746.793,9052269,3,1,-34.1,0,0,6471,6276,-195,0,-2
1746.893,9052369,3,1,-34.1,0,0,6471,6276,-195,0,-2
1747.006,9052481,3,1,-34.1,0,0,6471,6276,-195,0,-2
1747.093,9052569,3,1,-34.1,0,0,6471,6276,-195,0,-2
1747.194,9052669,3,1,-34.1,0,0,6471,6276,-195,0,-2
1747.293,9052769,3,1,-34.1,0,0,6471,6276,-195,0,-2
1747.393,9052869,3,1,-34.1,0,0,6471,6276,-195,0,-2
1747.493,9052969,3,1,-34.1,0,0,6471,6276,-195,0,-2
1747.593,9053069,3,1,-34.1,0,0,6471,6276,-195,0,-2
1747.693,9053169,3,1,-34.1,0,0,6471,6276,-195,0,-2
1747.793,9053269,3,1,-34.1,0,0,6471,6276,-195,0,-2
1747.893,9053369,3,1,-34.1,0,0,6471,6276,-195,0,-2
1747.993,9053469,3,1,-34.1,0,0,6471,6276,-195,0,-2
1748.093,9053569,3,1,-34.1,0,0,6471,6276,-195,0,-2
1748.193,9053669,3,1,-34.1,0,0,6471,6276,-195,0,-2
1748.293,9053769,3,1,-34.1,0,0,6471,6276,-195,0,-2
1748.393,9053869,3,1,-34.1,0,0,6471,6276,-195,0,-2
1748.494,9053969,3,1,-34.1,0,0,6471,6276,-195,0,-2
1748.594,9054069,3,1,-34.1,0,0,6471,6276,-195,0,-2
1748.693,9054169,3,1,-34.1,0,0,6471,6276,-195,0,-2
1748.793,9054269,3,1,-34.1,0,0,6471,6276,-195,0,-2
1748.893,9054369,3,1,-34.1,0,0,6471,6276,-195,0,-2
1749.005,9054481,3,1,-34.1,0,0,6471,6276,-195,0,-2
1749.093,9054569,3,1,-34.1,0,0,6471,6276,-195,0,-2
1749.193,9054669,3,1,-34.1,0,0,6471,6276,-195,0,-2
1749.293,9054769,3,1,-34.1,0,0,6471,6276,-195,0,-2
1749.393,9054869,3,1,-34.1,0,0,6471,6276,-195,0,-2
1749.493,9054969,3,1,-34.1,0,0,6471,6276,-195,0,-2
1749.593,9055069,3,1,-34.1,0,0,6471,6276,-195,0,-2
1749.693,9055169,3,1,-34.1,0,0,6471,6276,-195,0,-2
1749.793,9055269,3,1,-34.1,0,0,6471,6276,-195,0,-2
1749.893,9055369,3,1,-34.1,0,0,6471,6276,-195,0,-2
1749.993,9055469,3,1,-34.1,0,0,6471,6276,-195,0,-2
1750.093,9055569,3,1,-34.1,0,0,6471,6276,-195,0,-2
1750.193,9055669,3,1,-34.1,0,0,6471,6276,-195,0,-2
1750.293,9055769,3,1,-34.1,0,0,6471,6276,-195,0,-2
1750.393,9055869,3,1,-34.1,0,0,6471,6276,-195,0,-2
1750.493,9055969,3,1,-34.1,0,0,6471,6276,-195,0,-2
1750.593,9056069,3,1,-34.1,0,0,6471,6276,-195,0,-2
1750.693,9056169,3,1,-34.1,0,0,6471,6276,-195,0,-2
1750.793,9056269,3,1,-34.1,0,0,6471,6276,-195,0,-2
1750.893,9056369,3,1,-34.1,0,0,6471,6276,-195,0,-2
1751.005,9056481,3,1,-34.1,0,0,6471,6276,-195,0,-2
1751.093,9056569,3,1,-34.1,0,0,6471,6276,-195,0,-2
1751.193,9056669,3,1,-34.1,0,0,6471,6276,-195,0,-2
1751.293,9056769,3,1,-34.1,0,0,6471,6276,-195,0,-2
1751.393,9056869,3,1,-34.1,0,0,6471,6276,-195,0,-2
1751.493,9056969,3,1,-34.1,0,0,6471,6276,-195,0,-2
1751.592,9057069,3,1,-34.1,0,0,6471,6276,-195,0,-2
1751.693,9057169,3,1,-34.1,0,0,6471,6276,-195,0,-2
1751.793,9057269,3,1,-34.1,0,0,6471,6276,-195,0,-2
1751.893,9057369,3,1,-34.1,0,0,6471,6276,-195,0,-2
1751.993,9057469,3,1,-34.1,0,0,6471,6276,-195,0,-2
1752.093,9057569,3,1,-34.1,0,0,6471,6276,-195,0,-2
1752.193,9057669,3,1,-34.1,0,0,6471,6276,-195,0,-2
1752.292,9057769,3,1,-34.1,0,0,6471,6276,-195,0,-2
1752.393,9057869,3,1,-34.1,0,0,6471,6276,-195,0,-2
1752.493,9057969,3,1,-34.1,0,0,6471,6276,-195,0,-2
1752.593,9058069,3,1,-34.1,0,0,6471,6276,-195,0,-2
1752.693,9058169,3,1,-34.1,0,0,6471,6276,-195,0,-2
1752.792,9058269,3,1,-34.1,0,0,6471,6276,-195,0,-2
1752.893,9058369,3,1,-34.1,0,0,6471,6276,-195,0,-2
1753.005,9058481,3,1,-34.1,0,0,6471,6276,-195,0,-2
1753.093,9058569,3,1,-34.1,0,0,6471,6276,-195,0,-2
1753.192,9058669,3,1,-34.1,0,0,6471,6276,-195,0,-2
1753.293,9058769,3,1,-34.1,0,0,6471,6276,-195,0,-2
1753.393,9058869,3,1,-34.1,0,0,6471,6276,-195,0,-2
1753.493,9058969,3,1,-34.1,0,0,6471,6276,-195,0,-2
1753.593,9059069,3,1,-34.1,0,0,6471,6276,-195,0,-2
1753.692,9059169,3,1,-34.1,0,0,6471,6276,-195,0,-2
1753.793,9059269,3,1,-34.1,0,0,6471,6276,-195,0,-2
1753.893,9059369,3,1,-34.1,0,0,6471,6276,-195,0,-2
1753.993,9059469,3,1,-34.1,0,0,6471,6276,-195,0,-2
1754.092,9059569,3,1,-34.1,0,0,6471,6276,-195,0,-2
1754.192,9059669,3,1,-34.1,0,0,6471,6276,-195,0,-2
1754.293,9059769,3,1,-34.1,0,0,6471,6276,-195,0,-2
1754.393,9059869,3,1,-34.1,0,0,6471,6276,-195,0,-2
1754.494,9059969,3,1,-34.1,0,0,6471,6276,-195,0,-2
1754.592,9060069,3,1,-34.1,0,0,6471,6276,-195,0,-2
1754.693,9060169,3,1,-34.1,0,0,6471,6276,-195,0,-2
1754.792,9060269,3,1,-34.1,0,0,6471,6276,-195,0,-2
1754.893,9060369,3,1,-34.1,0,0,6471,6276,-195,0,-2
1755.005,9060481,3,1,-34.1,0,0,6471,6276,-195,0,-2
1755.092,9060569,3,1,-34.1,0,0,6471,6276,-195,0,-2
1755.193,9060669,3,1,-34.1,0,0,6471,6276,-195,0,-2
1755.293,9060769,3,1,-34.1,0,0,6471,6276,-195,0,-2
1755.392,9060869,3,1,-34.1,0,0,6471,6276,-195,0,-2
1755.496,9060969,3,1,-34.1,0,0,6471,6276,-195,0,-2
1755.592,9061069,3,1,-34.1,0,0,6471,6276,-195,0,-2
1755.693,9061169,3,1,-34.1,0,0,6471,6276,-195,0,-2
1755.793,9061269,3,1,-34.1,0,0,6471,6276,-195,0,-2
1755.893,9061369,3,1,-34.1,0,0,6471,6276,-195,0,-2
1755.993,9061469,3,1,-34.1,0,0,6471,6276,-195,0,-2
1756.093,9061569,3,1,-34.1,0,0,6471,6276,-195,0,-2
1756.193,9061669,3,1,-34.1,0,0,6471,6276,-195,0,-2
1756.293,9061769,3,1,-34.1,0,0,6471,6276,-195,0,-2
1756.392,9061869,3,1,-34.1,0,0,6471,6276,-195,0,-2
1756.493,9061969,3,1,-34.1,0,0,6471,6276,-195,0,-2
1756.593,9062069,3,1,-34.1,0,0,6471,6276,-195,0,-2
1756.693,9062169,3,1,-34.1,0,0,6471,6276,-195,0,-2
1756.793,9062269,3,1,-34.1,0,0,6471,6276,-195,0,-2
1756.893,9062369,3,1,-34.1,0,0,6471,6276,-195,0,-2
1757.005,9062481,3,1,-34.1,0,0,6471,6276,-195,0,-2
1757.093,9062569,3,1,-34.1,0,0,6471,6276,-195,0,-2
1757.192,9062669,3,1,-34.1,0,0,6471,6276,-195,0,-2
1757.293,9062769,3,1,-34.1,0,0,6471,6276,-195,0,-2
1757.392,9062869,3,1,-34.1,0,0,6471,6276,-195,0,-2
1757.493,9062969,3,1,-34.1,0,0,6471,6276,-195,0,-2
1757.594,9063069,3,1,-34.1,0,0,6471,6276,-195,0,-2
1757.693,9063169,3,1,-34.1,0,0,6471,6276,-195,0,-2
1757.793,9063269,3,1,-34.1,0,0,6471,6276,-195,0,-2
1757.893,9063369,3,1,-34.1,0,0,6471,6276,-195,0,-2
1757.993,9063469,3,1,-34.1,0,0,6471,6276,-195,0,-2
1758.093,9063569,3,1,-34.1,0,0,6471,6276,-195,0,-2
1758.192,9063669,3,1,-34.1,0,0,6471,6276,-195,0,-2
1758.295,9063769,3,1,-34.1,0,0,6471,6276,-195,0,-2
1758.392,9063869,3,1,-34.1,0,0,6471,6276,-195,0,-2
1758.494,9063969,3,1,-34.1,0,0,6471,6276,-195,0,-2
1758.593,9064069,3,1,-34.1,0,0,6471,6276,-195,0,-2
1758.693,9064169,3,1,-34.1,0,0,6471,6276,-195,0,-2
1758.793,9064269,3,1,-34.1,0,0,6471,6276,-195,0,-2
1758.893,9064369,3,1,-34.1,0,0,6471,6276,-195,0,-2
1759.006,9064481,3,1,-34.1,0,0,6471,6276,-195,0,-2
1759.092,9064569,3,1,-34.1,0,0,6471,6276,-195,0,-2
1759.192,9064669,3,1,-34.1,0,0,6471,6276,-195,0,-2
1759.292,9064769,3,1,-34.1,0,0,6471,6276,-195,0,-2
1759.392,9064869,3,1,-34.1,0,0,6471,6276,-195,0,-2
1759.492,9064969,3,1,-34.1,0,0,6471,6276,-195,0,-2
1759.593,9065069,3,1,-34.1,0,0,6471,6276,-195,0,-2
1759.693,9065169,3,1,-34.1,0,0,6471,6276,-195,0,-2
1759.792,9065269,3,1,-34.1,0,0,6471,6276,-195,0,-2
1759.893,9065369,3,1,-34.1,0,0,6471,6276,-195,0,-2
1759.993,9065469,3,1,-34.1,0,0,6471,6276,-195,0,-2
1760.092,9065569,3,1,-34.1,0,0,6471,6276,-195,0,-2
1760.192,9065669,3,1,-34.1,0,0,6471,6276,-195,0,-2
1760.292,9065769,3,1,-34.1,0,0,6471,6276,-195,0,-2
1760.392,9065869,3,1,-34.1,0,0,6471,6276,-195,0,-2
1760.492,9065969,3,1,-34.1,0,0,6471,6276,-195,0,-2
1760.593,9066069,3,1,-34.1,0,0,6471,6276,-195,0,-2
1760.693,9066169,3,1,-34.1,0,0,6471,6276,-195,0,-2
1760.792,9066269,3,1,-34.1,0,0,6471,6276,-195,0,-2
1760.892,9066369,3,1,-34.1,0,0,6471,6276,-195,0,-2
1761.005,9066481,3,1,-34.1,0,0,6471,6276,-195,0,-2
1761.092,9066569,3,1,-34.1,0,0,6471,6276,-195,0,-2
1761.192,9066669,3,1,-34.1,0,0,6471,6276,-195,0,-2
1761.293,9066769,3,1,-34.1,0,0,6471,6276,-195,0,-2
1761.392,9066869,3,1,-34.1,0,0,6471,6276,-195,0,-2
1761.492,9066969,3,1,-34.1,0,0,6471,6276,-195,0,-2
1761.593,9067069,3,1,-34.1,0,0,6471,6276,-195,0,-2
1761.693,9067169,3,1,-34.1,0,0,6471,6276,-195,0,-2
1761.792,9067269,3,1,-34.1,0,0,6471,6276,-195,0,-2
1761.892,9067369,3,1,-34.1,0,0,6471,6276,-195,0,-2
1761.993,9067469,3,1,-34.1,0,0,6471,6276,-195,0,-2
1762.092,9067569,3,1,-34.1,0,0,6471,6276,-195,0,-2
1762.192,9067669,3,1,-34.1,0,0,6471,6276,-195,0,-2
1762.292,9067769,3,1,-34.1,0,0,6471,6276,-195,0,-2
1762.392,9067869,3,1,-34.1,0,0,6471,6276,-195,0,-2
1762.492,9067969,3,1,-34.1,0,0,6471,6276,-195,0,-2
1762.592,9068069,3,1,-34.1,0,0,6471,6276,-195,0,-2
1762.693,9068169,3,1,-34.1,0,0,6471,6276,-195,0,-2
1762.792,9068269,3,1,-34.1,0,0,6471,6276,-195,0,-2
1762.892,9068369,3,1,-34.1,0,0,6471,6276,-195,0,-2
1763.005,9068481,3,1,-34.1,0,0,6471,6276,-195,0,-2
1763.092,9068569,3,1,-34.1,0,0,6471,6276,-195,0,-2
1763.192,9068669,3,1,-34.1,0,0,6471,6276,-195,0,-2
1763.293,9068769,3,1,-34.1,0,0,6471,6276,-195,0,-2
1763.392,9068869,3,1,-34.1,0,0,6471,6276,-195,0,-2
1763.492,9068969,3,1,-34.1,0,0,6471,6276,-195,0,-2
1763.594,9069069,3,1,-34.1,0,0,6471,6276,-195,0,-2
1763.692,9069169,3,1,-34.1,0,0,6471,6276,-195,0,-2
1763.793,9069269,3,1,-34.1,0,0,6471,6276,-195,0,-2
1763.892,9069369,3,1,-34.1,0,0,6471,6276,-195,0,-2
1763.992,9069469,3,1,-34.1,0,0,6471,6276,-195,0,-2
1764.092,9069569,3,1,-34.1,0,0,6471,6276,-195,0,-2
1764.192,9069669,3,1,-34.1,0,0,6471,6276,-195,0,-2
1764.292,9069769,3,1,-34.1,0,0,6471,6276,-195,0,-2
1764.392,9069869,3,1,-34.1,0,0,6471,6276,-195,0,-2
1764.492,9069969,3,1,-34.1,0,0,6471,6276,-195,0,-2
1764.592,9070069,3,1,-34.1,0,0,6471,6276,-195,0,-2
1764.692,9070169,3,1,-34.1,0,0,6471,6276,-195,0,-2
1764.792,9070269,3,1,-34.1,0,0,6471,6276,-195,0,-2
1764.892,9070369,3,1,-34.1,0,0,6471,6276,-195,0,-2
1765.005,9070481,3,1,-34.1,0,0,6471,6276,-195,0,-2
1765.092,9070569,3,1,-34.1,0,0,6471,6276,-195,0,-2
1765.192,9070669,3,1,-34.1,0,0,6471,6276,-195,0,-2
1765.292,9070769,3,1,-34.1,0,0,6471,6276,-195,0,-2
1765.392,9070869,3,1,-34.1,0,0,6471,6276,-195,0,-2
1765.492,9070969,3,1,-34.1,0,0,6471,6276,-195,0,-2
1765.592,9071069,3,1,-34.1,0,0,6471,6276,-195,0,-2
1765.692,9071169,3,1,-34.1,0,0,6471,6276,-195,0,-2
1765.792,9071269,3,1,-34.1,0,0,6471,6276,-195,0,-2
1765.892,9071369,3,1,-34.1,0,0,6471,6276,-195,0,-2
1765.991,9071469,3,1,-34.1,0,0,6471,6276,-195,0,-2
1766.092,9071569,3,1,-34.1,0,0,6471,6276,-195,0,-2
1766.192,9071669,3,1,-34.1,0,0,6471,6276,-195,0,-2
1766.292,9071769,3,1,-34.1,0,0,6471,6276,-195,0,-2
1766.392,9071869,3,1,-34.1,0,0,6471,6276,-195,0,-2
1766.492,9071969,3,1,-34.1,0,0,6471,6276,-195,0,-2
1766.592,9072069,3,1,-34.1,0,0,6471,6276,-195,0,-2
1766.692,9072169,3,1,-34.1,0,0,6471,6276,-195,0,-2
1766.792,9072269,3,1,-34.1,0,0,6471,6276,-195,0,-2
1766.892,9072369,3,1,-34.1,0,0,6471,6276,-195,0,-2
1767.004,9072481,3,1,-34.1,0,0,6471,6276,-195,0,-2
1767.092,9072569,3,1,-34.1,0,0,6471,6276,-195,0,-2
1767.192,9072669,3,1,-34.1,0,0,6471,6276,-195,0,-2
1767.292,9072769,3,1,-34.1,0,0,6471,6276,-195,0,-2
1767.392,9072869,3,1,-34.1,0,0,6471,6276,-195,0,-2
1767.492,9072969,3,1,-34.1,0,0,6471,6276,-195,0,-2
1767.592,9073069,3,1,-34.1,0,0,6471,6276,-195,0,-2
1767.692,9073169,3,1,-34.1,0,0,6471,6276,-195,0,-2
1767.792,9073269,3,1,-34.1,0,0,6471,6276,-195,0,-2
1767.891,9073369,3,1,-34.1,0,0,6471,6276,-195,0,-2
1767.991,9073469,3,1,-34.1,0,0,6471,6276,-195,0,-2
1768.092,9073569,3,1,-34.1,0,0,6471,6276,-195,0,-2
1768.192,9073669,3,1,-34.1,0,0,6471,6276,-195,0,-2
1768.292,9073769,3,1,-34.1,0,0,6471,6276,-195,0,-2
1768.392,9073869,3,1,-34.1,0,0,6471,6276,-195,0,-2
1768.492,9073969,3,1,-34.1,0,0,6471,6276,-195,0,-2
1768.592,9074069,3,1,-34.1,0,0,6471,6276,-195,0,-2
1768.693,9074169,3,1,-34.1,0,0,6471,6276,-195,0,-2
1768.793,9074269,3,1,-34.1,0,0,6471,6276,-195,0,-2
1768.892,9074369,3,1,-34.1,0,0,6471,6276,-195,0,-2
1769.004,9074481,3,1,-34.1,0,0,6471,6276,-195,0,-2
1769.092,9074569,3,1,-34.1,0,0,6471,6276,-195,0,-2
1769.192,9074669,3,1,-34.1,0,0,6471,6276,-195,0,-2
1769.292,9074769,3,1,-34.1,0,0,6471,6276,-195,0,-2
1769.392,9074869,3,1,-34.1,0,0,6471,6276,-195,0,-2
1769.492,9074969,3,1,-34.1,0,0,6471,6276,-195,0,-2
1769.592,9075069,3,1,-34.1,0,0,6471,6276,-195,0,-2
1769.692,9075169,3,1,-34.1,0,0,6471,6276,-195,0,-2
1769.792,9075269,3,1,-34.1,0,0,6471,6276,-195,0,-2
1769.892,9075369,3,1,-34.1,0,0,6471,6276,-195,0,-2
1769.992,9075469,3,1,-34.1,0,0,6471,6276,-195,0,-2
1770.091,9075569,3,1,-34.1,0,0,6471,6276,-195,0,-2
1770.192,9075669,3,1,-34.1,0,0,6471,6276,-195,0,-2
1770.292,9075769,3,1,-34.1,0,0,6471,6276,-195,0,-2
1770.392,9075869,3,1,-34.1,0,0,6471,6276,-195,0,-2
1770.492,9075969,3,1,-34.1,0,0,6471,6276,-195,0,-2
1770.592,9076069,3,1,-34.1,0,0,6471,6276,-195,0,-2
1770.692,9076169,3,1,-34.1,0,0,6471,6276,-195,0,-2
1770.792,9076269,3,1,-34.1,0,0,6471,6276,-195,0,-2
1770.892,9076369,3,1,-34.1,0,0,6471,6276,-195,0,-2
1771.004,9076481,3,1,-34.1,0,0,6471,6276,-195,0,-2
1771.092,9076569,3,1,-34.1,0,0,6471,6276,-195,0,-2
1771.192,9076669,3,1,-34.1,0,0,6471,6276,-195,0,-2
1771.292,9076769,3,1,-34.1,0,0,6471,6276,-195,0,-2
1771.391,9076869,3,1,-34.1,0,0,6471,6276,-195,0,-2
1771.492,9076969,3,1,-34.1,0,0,6471,6276,-195,0,-2
1771.592,9077069,3,1,-34.1,0,0,6471,6276,-195,0,-2
1771.692,9077169,3,1,-34.1,0,0,6471,6276,-195,0,-2
1771.791,9077269,3,1,-34.1,0,0,6471,6276,-195,0,-2
1771.892,9077369,3,1,-34.1,0,0,6471,6276,-195,0,-2
1771.991,9077469,3,1,-34.1,0,0,6471,6276,-195,0,-2
1772.092,9077569,3,1,-34.1,0,0,6471,6276,-195,0,-2
1772.192,9077669,3,1,-34.1,0,0,6471,6276,-195,0,-2
1772.292,9077769,3,1,-34.1,0,0,6471,6276,-195,0,-2
1772.392,9077869,3,1,-34.1,0,0,6471,6276,-195,0,-2
1772.497,9077969,3,1,-34.1,0,0,6471,6276,-195,0,-2
1772.592,9078069,3,1,-34.1,0,0,6471,6276,-195,0,-2
1772.692,9078169,3,1,-34.1,0,0,6471,6276,-195,0,-2
1772.792,9078269,3,1,-34.1,0,0,6471,6276,-195,0,-2
1772.892,9078369,3,1,-34.1,0,0,6471,6276,-195,0,-2
1773.004,9078481,3,1,-34.1,0,0,6471,6276,-195,0,-2
1773.092,9078569,3,1,-34.1,0,0,6471,6276,-195,0,-2
1773.191,9078669,3,1,-34.1,0,0,6471,6276,-195,0,-2
1773.292,9078769,3,1,-34.1,0,0,6471,6276,-195,0,-2
1773.393,9078869,3,1,-34.1,0,0,6471,6276,-195,0,-2
1773.492,9078969,3,1,-34.1,0,0,6471,6276,-195,0,-2
1773.592,9079069,3,1,-34.1,0,0,6471,6276,-195,0,-2
1773.692,9079169,3,1,-34.1,0,0,6471,6276,-195,0,-2
1773.792,9079269,3,1,-34.1,0,0,6471,6276,-195,0,-2
1773.892,9079369,3,1,-34.1,0,0,6471,6276,-195,0,-2
1773.991,9079469,3,1,-34.1,0,0,6471,6276,-195,0,-2
1774.092,9079569,3,1,-34.1,0,0,6471,6276,-195,0,-2
1774.191,9079669,3,1,-34.1,0,0,6471,6276,-195,0,-2
1774.291,9079769,3,1,-34.1,0,0,6471,6276,-195,0,-2
1774.392,9079869,3,1,-34.1,0,0,6471,6276,-195,0,-2
1774.492,9079969,3,1,-34.1,0,0,6471,6276,-195,0,-2
1774.592,9080069,3,1,-34.1,0,0,6471,6276,-195,0,-2
1774.692,9080169,3,1,-34.1,0,0,6471,6276,-195,0,-2
1774.792,9080269,3,1,-34.1,0,0,6471,6276,-195,0,-2
1774.891,9080369,3,1,-34.1,0,0,6471,6276,-195,0,-2
1775.005,9080481,3,1,-34.1,0,0,6471,6276,-195,0,-2
1775.091,9080569,3,1,-34.1,0,0,6471,6276,-195,0,-2
1775.194,9080669,3,1,-34.1,0,0,6471,6276,-195,0,-2
1775.292,9080769,3,1,-34.1,0,0,6471,6276,-195,0,-2
1775.391,9080869,3,1,-34.1,0,0,6471,6276,-195,0,-2
1775.492,9080969,3,1,-34.1,0,0,6471,6276,-195,0,-2
1775.592,9081069,3,1,-34.1,0,0,6471,6276,-195,0,-2
1775.691,9081169,3,1,-34.1,0,0,6471,6276,-195,0,-2
1775.792,9081269,3,1,-34.1,0,0,6471,6276,-195,0,-2
1775.892,9081369,3,1,-34.1,0,0,6471,6276,-195,0,-2
1775.991,9081469,3,1,-34.1,0,0,6471,6276,-195,0,-2
1776.091,9081569,3,1,-34.1,0,0,6471,6276,-195,0,-2
1776.191,9081669,3,1,-34.1,0,0,6471,6276,-195,0,-2
1776.291,9081769,3,1,-34.1,0,0,6471,6276,-195,0,-2
1776.391,9081869,3,1,-34.1,0,0,6471,6276,-195,0,-2
1776.492,9081969,3,1,-34.1,0,0,6471,6276,-195,0,-2
1776.591,9082069,3,1,-34.1,0,0,6471,6276,-195,0,-2
1776.692,9082169,3,1,-34.1,0,0,6471,6276,-195,0,-2
1776.792,9082269,3,1,-34.1,0,0,6471,6276,-195,0,-2
1776.892,9082369,3,1,-34.1,0,0,6471,6276,-195,0,-2
1777.004,9082481,3,1,-34.1,0,0,6471,6276,-195,0,-2
1777.092,9082569,3,1,-34.1,0,0,6471,6276,-195,0,-2
1777.191,9082669,3,1,-34.1,0,0,6471,6276,-195,0,-2
1777.291,9082769,3,1,-34.1,0,0,6471,6276,-195,0,-2
1777.391,9082869,3,1,-34.1,0,0,6471,6276,-195,0,-2
1777.491,9082969,3,1,-34.1,0,0,6471,6276,-195,0,-2
1777.591,9083069,3,1,-34.1,0,0,6471,6276,-195,0,-2
1777.692,9083169,3,1,-34.1,0,0,6471,6276,-195,0,-2
1777.791,9083269,3,1,-34.1,0,0,6471,6276,-195,0,-2
1777.892,9083369,3,1,-34.1,0,0,6471,6276,-195,0,-2
1777.991,9083469,3,1,-34.1,0,0,6471,6276,-195,0,-2
1778.092,9083569,3,1,-34.1,0,0,6471,6276,-195,0,-2
1778.191,9083669,3,1,-34.1,0,0,6471,6276,-195,0,-2
1778.291,9083769,3,1,-34.1,0,0,6471,6276,-195,0,-2
1778.391,9083869,3,1,-34.1,0,0,6471,6276,-195,0,-2
1778.491,9083969,3,1,-34.1,0,0,6471,6276,-195,0,-2
1778.591,9084069,3,1,-34.1,0,0,6471,6276,-195,0,-2
1778.691,9084169,3,1,-34.1,0,0,6471,6276,-195,0,-2
1778.791,9084269,3,1,-34.1,0,0,6471,6276,-195,0,-2
1778.903,9084381,0,0,0.0,0,0,0,0,0,0,0
1778.990,9084469,0,0,0.0,0,0,0,0,0,0,0
1779.090,9084569,0,0,0.0,0,0,0,0,0,0,0
1779.190,9084669,0,0,0.0,0,0,0,0,0,0,0
1779.290,9084769,0,0,0.0,0,0,0,0,0,0,0
1779.390,9084869,0,0,0.0,0,0,0,0,0,0,0
1779.490,9084969,0,0,0.0,0,0,0,0,0,0,0
1779.590,9085069,0,0,0.0,0,0,0,0,0,0,0
1779.690,9085169,0,0,0.0,0,0,0,0,0,0,0
1779.790,9085269,0,0,0.0,0,0,0,0,0,0,0
1779.897,9085369,0,0,0.0,0,0,0,0,0,0,0
1779.990,9085469,0,0,0.0,0,0,0,0,0,0,0
1780.092,9085569,0,0,0.0,0,0,0,0,0,0,0
1780.190,9085669,0,0,0.0,0,0,0,0,0,0,0
1780.290,9085769,0,0,0.0,0,0,0,0,0,0,0
1780.390,9085869,0,0,0.0,0,0,0,0,0,0,0
1780.490,9085969,0,0,0.0,0,0,0,0,0,0,0
1780.591,9086069,0,0,0.0,0,0,0,0,0,0,0
1780.690,9086169,0,0,0.0,0,0,0,0,0,0,0
1780.790,9086269,0,0,0.0,0,0,0,0,0,0,0
1780.904,9086381,0,0,0.0,0,0,0,0,0,0,0
1780.990,9086469,0,0,0.0,0,0,0,0,0,0,0
1781.090,9086569,0,0,0.0,0,0,0,0,0,0,0
1781.190,9086669,0,0,0.0,0,0,0,0,0,0,0
1781.290,9086769,0,0,0.0,0,0,0,0,0,0,0
1781.390,9086869,0,0,0.0,0,0,0,0,0,0,0
1781.490,9086969,0,0,0.0,0,0,0,0,0,0,0
1781.590,9087069,0,0,0.0,0,0,0,0,0,0,0
1781.690,9087169,0,0,0.0,0,0,0,0,0,0,0
1781.790,9087269,0,0,0.0,0,0,0,0,0,0,0
1781.890,9087369,0,0,0.0,0,0,0,0,0,0,0
1781.990,9087469,0,0,0.0,0,0,0,0,0,0,0
1782.090,9087569,0,0,0.0,0,0,0,0,0,0,0
1782.190,9087669,0,0,0.0,0,0,0,0,0,0,0
1782.290,9087769,0,0,0.0,0,0,0,0,0,0,0
1782.390,9087869,0,0,0.0,0,0,0,0,0,0,0
1782.490,9087969,0,0,0.0,0,0,0,0,0,0,0
1782.596,9088069,0,0,0.0,0,0,0,0,0,0,0
1782.691,9088169,0,0,0.0,0,0,0,0,0,0,0
1782.790,9088269,0,0,0.0,0,0,0,0,0,0,0
1782.903,9088381,0,0,0.0,0,0,0,0,0,0,0
1782.990,9088469,0,0,0.0,0,0,0,0,0,0,0
1783.098,9088569,0,0,0.0,0,0,0,0,0,0,0
1783.190,9088669,0,0,0.0,0,0,0,0,0,0,0
1783.289,9088769,0,0,0.0,0,0,0,0,0,0,0
1783.390,9088869,0,0,0.0,0,0,0,0,0,0,0
1783.490,9088969,0,0,0.0,0,0,0,0,0,0,0
1783.590,9089069,0,0,0.0,0,0,0,0,0,0,0
1783.690,9089169,0,0,0.0,0,0,0,0,0,0,0
1783.790,9089269,0,0,0.0,0,0,0,0,0,0,0
1783.890,9089369,0,0,0.0,0,0,0,0,0,0,0
1783.990,9089469,0,0,0.0,0,0,0,0,0,0,0
1784.090,9089569,0,0,0.0,0,0,0,0,0,0,0
1784.190,9089669,0,0,0.0,0,0,0,0,0,0,0
1784.289,9089769,0,0,0.0,0,0,0,0,0,0,0
1784.389,9089869,0,0,0.0,0,0,0,0,0,0,0
1784.490,9089969,0,0,0.0,0,0,0,0,0,0,0
1784.590,9090069,0,0,0.0,0,0,0,0,0,0,0
1784.690,9090169,0,0,0.0,0,0,0,0,0,0,0
1784.790,9090269,0,0,0.0,0,0,0,0,0,0,0
1784.903,9090381,0,0,0.0,0,0,0,0,0,0,0
1784.990,9090469,0,0,0.0,0,0,0,0,0,0,0
1785.090,9090569,0,0,0.0,0,0,0,0,0,0,0
1785.190,9090669,0,0,0.0,0,0,0,0,0,0,0
1785.290,9090769,0,0,0.0,0,0,0,0,0,0,0
1785.389,9090869,0,0,0.0,0,0,0,0,0,0,0
1785.489,9090969,0,0,0.0,0,0,0,0,0,0,0
1785.590,9091069,0,0,0.0,0,0,0,0,0,0,0
1785.690,9091169,0,0,0.0,0,0,0,0,0,0,0
1785.790,9091269,0,0,0.0,0,0,0,0,0,0,0
1785.889,9091369,0,0,0.0,0,0,0,0,0,0,0
1785.990,9091469,0,0,0.0,0,0,0,0,0,0,0
1786.090,9091569,0,0,0.0,0,0,0,0,0,0,0
1786.189,9091669,0,0,0.0,0,0,0,0,0,0,0
1786.289,9091769,0,0,0.0,0,0,0,0,0,0,0
1786.389,9091869,0,0,0.0,0,0,0,0,0,0,0
1786.489,9091969,0,0,0.0,0,0,0,0,0,0,0
1786.590,9092069,0,0,0.0,0,0,0,0,0,0,0
1786.690,9092169,0,0,0.0,0,0,0,0,0,0,0
1786.790,9092269,0,0,0.0,0,0,0,0,0,0,0
1786.902,9092381,0,0,0.0,0,0,0,0,0,0,0
1786.989,9092469,0,0,0.0,0,0,0,0,0,0,0
1787.090,9092569,0,0,0.0,0,0,0,0,0,0,0
1787.189,9092669,0,0,0.0,0,0,0,0,0,0,0
1787.290,9092769,0,0,0.0,0,0,0,0,0,0,0
1787.389,9092869,0,0,0.0,0,0,0,0,0,0,0
1787.490,9092969,0,0,0.0,0,0,0,0,0,0,0
1787.589,9093069,0,0,0.0,0,0,0,0,0,0,0
1787.689,9093169,0,0,0.0,0,0,0,0,0,0,0
1787.790,9093269,0,0,0.0,0,0,0,0,0,0,0
1787.890,9093369,0,0,0.0,0,0,0,0,0,0,0
1787.990,9093469,0,0,0.0,0,0,0,0,0,0,0
1788.090,9093569,0,0,0.0,0,0,0,0,0,0,0
1788.190,9093669,0,0,0.0,0,0,0,0,0,0,0
1788.289,9093769,0,0,0.0,0,0,0,0,0,0,0
1788.389,9093869,0,0,0.0,0,0,0,0,0,0,0
1788.490,9093969,0,0,0.0,0,0,0,0,0,0,0
1788.591,9094069,0,0,0.0,0,0,0,0,0,0,0
1788.690,9094169,0,0,0.0,0,0,0,0,0,0,0
1788.791,9094269,0,0,0.0,0,0,0,0,0,0,0
1788.903,9094381,0,0,0.0,0,0,0,0,0,0,0
1788.991,9094469,0,0,0.0,0,0,0,0,0,0,0
1789.090,9094569,0,0,0.0,0,0,0,0,0,0,0
1789.189,9094669,0,0,0.0,0,0,0,0,0,0,0
1789.289,9094769,0,0,0.0,0,0,0,0,0,0,0
1789.390,9094869,0,0,0.0,0,0,0,0,0,0,0
1789.489,9094969,0,0,0.0,0,0,0,0,0,0,0
1789.589,9095069,0,0,0.0,0,0,0,0,0,0,0
1789.690,9095169,0,0,0.0,0,0,0,0,0,0,0
1789.790,9095269,0,0,0.0,0,0,0,0,0,0,0
1789.890,9095369,0,0,0.0,0,0,0,0,0,0,0
1789.991,9095469,0,0,0.0,0,0,0,0,0,0,0
1790.090,9095569,0,0,0.0,0,0,0,0,0,0,0
1790.189,9095669,0,0,0.0,0,0,0,0,0,0,0
1790.289,9095769,0,0,0.0,0,0,0,0,0,0,0
1790.389,9095869,0,0,0.0,0,0,0,0,0,0,0
1790.490,9095969,0,0,0.0,0,0,0,0,0,0,0
1790.589,9096069,0,0,0.0,0,0,0,0,0,0,0
1790.689,9096169,0,0,0.0,0,0,0,0,0,0,0
1790.790,9096269,0,0,0.0,0,0,0,0,0,0,0
1790.902,9096381,0,0,0.0,0,0,0,0,0,0,0
1790.989,9096469,0,0,0.0,0,0,0,0,0,0,0
1791.090,9096569,0,0,0.0,0,0,0,0,0,0,0
1791.190,9096669,0,0,0.0,0,0,0,0,0,0,0
1791.289,9096769,0,0,0.0,0,0,0,0,0,0,0
1791.389,9096869,0,0,0.0,0,0,0,0,0,0,0
1791.489,9096969,0,0,0.0,0,0,0,0,0,0,0
1791.590,9097069,0,0,0.0,0,0,0,0,0,0,0
1791.690,9097169,0,0,0.0,0,0,0,0,0,0,0
1791.790,9097269,0,0,0.0,0,0,0,0,0,0,0
1791.890,9097369,0,0,0.0,0,0,0,0,0,0,0
1791.990,9097469,0,0,0.0,0,0,0,0,0,0,0
1792.090,9097569,0,0,0.0,0,0,0,0,0,0,0
1792.189,9097669,0,0,0.0,0,0,0,0,0,0,0
1792.289,9097769,0,0,0.0,0,0,0,0,0,0,0
1792.389,9097869,0,0,0.0,0,0,0,0,0,0,0
1792.489,9097969,0,0,0.0,0,0,0,0,0,0,0
1792.589,9098069,0,0,0.0,0,0,0,0,0,0,0
1792.689,9098169,0,0,0.0,0,0,0,0,0,0,0
1792.790,9098269,0,0,0.0,0,0,0,0,0,0,0
1792.902,9098381,0,0,0.0,0,0,0,0,0,0,0
1792.989,9098469,0,0,0.0,0,0,0,0,0,0,0
1793.090,9098569,0,0,0.0,0,0,0,0,0,0,0
1793.189,9098669,0,0,0.0,0,0,0,0,0,0,0
1793.293,9098769,0,0,0.0,0,0,0,0,0,0,0
1793.389,9098869,0,0,0.0,0,0,0,0,0,0,0
1793.490,9098969,0,0,0.0,0,0,0,0,0,0,0
1793.593,9099069,0,0,0.0,0,0,0,0,0,0,0
1793.696,9099169,0,0,0.0,0,0,0,0,0,0,0
1793.790,9099269,0,0,0.0,0,0,0,0,0,0,0
1793.889,9099369,0,0,0.0,0,0,0,0,0,0,0
1793.990,9099469,0,0,0.0,0,0,0,0,0,0,0
1794.089,9099569,0,0,0.0,0,0,0,0,0,0,0
1794.190,9099669,0,0,0.0,0,0,0,0,0,0,0
1794.289,9099769,0,0,0.0,0,0,0,0,0,0,0
1794.389,9099869,0,0,0.0,0,0,0,0,0,0,0
1794.489,9099969,0,0,0.0,0,0,0,0,0,0,0
1794.589,9100069,0,0,0.0,0,0,0,0,0,0,0
1794.689,9100169,0,0,0.0,0,0,0,0,0,0,0
1794.789,9100269,0,0,0.0,0,0,0,0,0,0,0
1794.903,9100381,0,0,0.0,0,0,0,0,0,0,0
1794.989,9100469,0,0,0.0,0,0,0,0,0,0,0
1795.089,9100569,0,0,0.0,0,0,0,0,0,0,0
1795.189,9100669,0,0,0.0,0,0,0,0,0,0,0
1795.289,9100769,0,0,0.0,0,0,0,0,0,0,0
1795.389,9100869,0,0,0.0,0,0,0,0,0,0,0
1795.490,9100969,0,0,0.0,0,0,0,0,0,0,0
1795.589,9101069,0,0,0.0,0,0,0,0,0,0,0
1795.689,9101169,0,0,0.0,0,0,0,0,0,0,0
1795.789,9101269,0,0,0.0,0,0,0,0,0,0,0
1795.889,9101369,0,0,0.0,0,0,0,0,0,0,0
1795.990,9101469,0,0,0.0,0,0,0,0,0,0,0
1796.089,9101569,0,0,0.0,0,0,0,0,0,0,0
1796.189,9101669,0,0,0.0,0,0,0,0,0,0,0
1796.289,9101769,0,0,0.0,0,0,0,0,0,0,0
1796.389,9101869,0,0,0.0,0,0,0,0,0,0,0
1796.489,9101969,0,0,0.0,0,0,0,0,0,0,0
1796.589,9102069,0,0,0.0,0,0,0,0,0,0,0
1796.689,9102169,0,0,0.0,0,0,0,0,0,0,0
1796.789,9102269,0,0,0.0,0,0,0,0,0,0,0
1796.902,9102381,0,0,0.0,0,0,0,0,0,0,0
1796.989,9102469,0,0,0.0,0,0,0,0,0,0,0
1797.089,9102569,0,0,0.0,0,0,0,0,0,0,0
1797.189,9102669,0,0,0.0,0,0,0,0,0,0,0
1797.289,9102769,0,0,0.0,0,0,0,0,0,0,0
1797.389,9102869,0,0,0.0,0,0,0,0,0,0,0
1797.489,9102969,0,0,0.0,0,0,0,0,0,0,0
1797.594,9103069,0,0,0.0,0,0,0,0,0,0,0
1797.689,9103169,0,0,0.0,0,0,0,0,0,0,0
1797.789,9103269,0,0,0.0,0,0,0,0,0,0,0
1797.889,9103369,0,0,0.0,0,0,0,0,0,0,0
1797.989,9103469,0,0,0.0,0,0,0,0,0,0,0
1798.089,9103569,0,0,0.0,0,0,0,0,0,0,0
1798.189,9103669,0,0,0.0,0,0,0,0,0,0,0
1798.289,9103769,0,0,0.0,0,0,0,0,0,0,0
1798.389,9103869,0,0,0.0,0,0,0,0,0,0,0
1798.488,9103969,0,0,0.0,0,0,0,0,0,0,0
1798.589,9104069,0,0,0.0,0,0,0,0,0,0,0
1798.696,9104169,0,0,0.0,0,0,0,0,0,0,0
1798.789,9104269,0,0,0.0,0,0,0,0,0,0,0
1798.902,9104381,0,0,0.0,0,0,0,0,0,0,0
1798.989,9104469,0,0,0.0,0,0,0,0,0,0,0
1799.088,9104569,0,0,0.0,0,0,0,0,0,0,0
1799.189,9104669,0,0,0.0,0,0,0,0,0,0,0
1799.289,9104769,0,0,0.0,0,0,0,0,0,0,0
1799.389,9104869,0,0,0.0,0,0,0,0,0,0,0
1799.490,9104969,0,0,0.0,0,0,0,0,0,0,0
1799.589,9105069,0,0,0.0,0,0,0,0,0,0,0
1799.690,9105169,0,0,0.0,0,0,0,0,0,0,0
1799.790,9105269,0,0,0.0,0,0,0,0,0,0,0
1799.889,9105369,0,0,0.0,0,0,0,0,0,0,0
1799.990,9105469,0,0,0.0,0,0,0,0,0,0,0
1800.089,9105569,0,0,0.0,0,0,0,0,0,0,0
1800.188,9105669,0,0,0.0,0,0,0,0,0,0,0
1800.289,9105769,0,0,0.0,0,0,0,0,0,0,0
1800.388,9105869,0,0,0.0,0,0,0,0,0,0,0
1800.488,9105969,0,0,0.0,0,0,0,0,0,0,0
1800.588,9106069,0,0,0.0,0,0,0,0,0,0,0
1800.689,9106169,0,0,0.0,0,0,0,0,0,0,0
1800.789,9106269,0,0,0.0,0,0,0,0,0,0,0
1800.902,9106381,0,0,0.0,0,0,0,0,0,0,0
1800.989,9106469,0,0,0.0,0,0,0,0,0,0,0
1801.089,9106569,0,0,0.0,0,0,0,0,0,0,0
1801.189,9106669,0,0,0.0,0,0,0,0,0,0,0
1801.289,9106769,0,0,0.0,0,0,0,0,0,0,0
1801.388,9106869,0,0,0.0,0,0,0,0,0,0,0
1801.489,9106969,0,0,0.0,0,0,0,0,0,0,0
1801.597,9107069,0,0,0.0,0,0,0,0,0,0,0
1801.689,9107169,0,0,0.0,0,0,0,0,0,0,0
1801.789,9107269,0,0,0.0,0,0,0,0,0,0,0
1801.888,9107369,0,0,0.0,0,0,0,0,0,0,0
1801.988,9107469,0,0,0.0,0,0,0,0,0,0,0
1802.089,9107569,0,0,0.0,0,0,0,0,0,0,0
1802.189,9107669,0,0,0.0,0,0,0,0,0,0,0
1802.291,9107769,0,0,0.0,0,0,0,0,0,0,0
1802.388,9107869,0,0,0.0,0,0,0,0,0,0,0
1802.489,9107969,0,0,0.0,0,0,0,0,0,0,0
1802.589,9108069,0,0,0.0,0,0,0,0,0,0,0
1802.690,9108169,0,0,0.0,0,0,0,0,0,0,0
1802.789,9108269,0,0,0.0,0,0,0,0,0,0,0
1802.902,9108381,0,0,0.0,0,0,0,0,0,0,0
1802.989,9108469,0,0,0.0,0,0,0,0,0,0,0
1803.089,9108569,0,0,0.0,0,0,0,0,0,0,0
1803.189,9108669,0,0,0.0,0,0,0,0,0,0,0
1803.288,9108769,0,0,0.0,0,0,0,0,0,0,0
1803.388,9108869,0,0,0.0,0,0,0,0,0,0,0
1803.488,9108969,0,0,0.0,0,0,0,0,0,0,0
1803.589,9109069,0,0,0.0,0,0,0,0,0,0,0
1803.689,9109169,0,0,0.0,0,0,0,0,0,0,0
1803.789,9109269,0,0,0.0,0,0,0,0,0,0,0
1803.889,9109369,0,0,0.0,0,0,0,0,0,0,0
1803.990,9109469,0,0,0.0,0,0,0,0,0,0,0
1804.089,9109569,0,0,0.0,0,0,0,0,0,0,0
1804.189,9109669,0,0,0.0,0,0,0,0,0,0,0
1804.288,9109769,0,0,0.0,0,0,0,0,0,0,0
1804.388,9109869,0,0,0.0,0,0,0,0,0,0,0
1804.490,9109969,0,0,0.0,0,0,0,0,0,0,0
1804.589,9110069,0,0,0.0,0,0,0,0,0,0,0
1804.689,9110169,0,0,0.0,0,0,0,0,0,0,0
1804.788,9110269,0,0,0.0,0,0,0,0,0,0,0
1804.902,9110381,0,0,0.0,0,0,0,0,0,0,0
1804.995,9110469,0,0,0.0,0,0,0,0,0,0,0
1805.088,9110569,0,0,0.0,0,0,0,0,0,0,0
1805.188,9110669,0,0,0.0,0,0,0,0,0,0,0
1805.288,9110769,0,0,0.0,0,0,0,0,0,0,0
1805.388,9110869,0,0,0.0,0,0,0,0,0,0,0
1805.489,9110969,0,0,0.0,0,0,0,0,0,0,0
1805.590,9111069,0,0,0.0,0,0,0,0,0,0,0
1805.688,9111169,0,0,0.0,0,0,0,0,0,0,0
1805.789,9111269,0,0,0.0,0,0,0,0,0,0,0
1805.888,9111369,0,0,0.0,0,0,0,0,0,0,0
1805.989,9111469,0,0,0.0,0,0,0,0,0,0,0
1806.088,9111569,0,0,0.0,0,0,0,0,0,0,0
1806.189,9111669,0,0,0.0,0,0,0,0,0,0,0
1806.288,9111769,0,0,0.0,0,0,0,0,0,0,0
1806.389,9111869,0,0,0.0,0,0,0,0,0,0,0
1806.488,9111969,0,0,0.0,0,0,0,0,0,0,0
1806.588,9112069,0,0,0.0,0,0,0,0,0,0,0
1806.689,9112169,0,0,0.0,0,0,0,0,0,0,0
1806.789,9112269,0,0,0.0,0,0,0,0,0,0,0
1806.902,9112381,0,0,0.0,0,0,0,0,0,0,0
1806.990,9112469,0,0,0.0,0,0,0,0,0,0,0
1807.089,9112569,0,0,0.0,0,0,0,0,0,0,0
1807.189,9112669,0,0,0.0,0,0,0,0,0,0,0
1807.288,9112769,0,0,0.0,0,0,0,0,0,0,0
1807.388,9112869,0,0,0.0,0,0,0,0,0,0,0
1807.488,9112969,0,0,0.0,0,0,0,0,0,0,0
1807.588,9113069,0,0,0.0,0,0,0,0,0,0,0
1807.688,9113169,0,0,0.0,0,0,0,0,0,0,0
1807.789,9113269,0,0,0.0,0,0,0,0,0,0,0
1807.888,9113369,0,0,0.0,0,0,0,0,0,0,0
1807.989,9113469,0,0,0.0,0,0,0,0,0,0,0
1808.090,9113569,0,0,0.0,0,0,0,0,0,0,0
1808.188,9113669,0,0,0.0,0,0,0,0,0,0,0
1808.288,9113769,0,0,0.0,0,0,0,0,0,0,0
1808.388,9113869,0,0,0.0,0,0,0,0,0,0,0
1808.489,9113969,0,0,0.0,0,0,0,0,0,0,0
1808.588,9114069,0,0,0.0,0,0,0,0,0,0,0
1808.689,9114169,0,0,0.0,0,0,0,0,0,0,0
1808.790,9114269,0,0,0.0,0,0,0,0,0,0,0
1808.902,9114381,0,0,0.0,0,0,0,0,0,0,0
1808.989,9114469,0,0,0.0,0,0,0,0,0,0,0
1809.088,9114569,0,0,0.0,0,0,0,0,0,0,0
1809.195,9114669,0,0,0.0,0,0,0,0,0,0,0
1809.288,9114769,0,0,0.0,0,0,0,0,0,0,0
1809.388,9114869,0,0,0.0,0,0,0,0,0,0,0
1809.488,9114969,0,0,0.0,0,0,0,0,0,0,0
1809.589,9115069,0,0,0.0,0,0,0,0,0,0,0
1809.688,9115169,0,0,0.0,0,0,0,0,0,0,0
1809.788,9115269,0,0,0.0,0,0,0,0,0,0,0
1809.888,9115369,0,0,0.0,0,0,0,0,0,0,0
1809.989,9115469,0,0,0.0,0,0,0,0,0,0,0
1810.090,9115569,0,0,0.0,0,0,0,0,0,0,0
1810.188,9115669,0,0,0.0,0,0,0,0,0,0,0
1810.288,9115769,0,0,0.0,0,0,0,0,0,0,0
1810.388,9115869,0,0,0.0,0,0,0,0,0,0,0
1810.488,9115969,0,0,0.0,0,0,0,0,0,0,0
1810.589,9116069,0,0,0.0,0,0,0,0,0,0,0
1810.688,9116169,0,0,0.0,0,0,0,0,0,0,0
1810.788,9116269,0,0,0.0,0,0,0,0,0,0,0
1810.901,9116381,0,0,0.0,0,0,0,0,0,0,0
1810.989,9116469,0,0,0.0,0,0,0,0,0,0,0
1811.089,9116569,0,0,0.0,0,0,0,0,0,0,0
1811.190,9116669,0,0,0.0,0,0,0,0,0,0,0
1811.288,9116769,0,0,0.0,0,0,0,0,0,0,0
1811.388,9116869,0,0,0.0,0,0,0,0,0,0,0
1811.488,9116969,0,0,0.0,0,0,0,0,0,0,0
1811.589,9117069,0,0,0.0,0,0,0,0,0,0,0
1811.689,9117169,0,0,0.0,0,0,0,0,0,0,0
1811.790,9117269,0,0,0.0,0,0,0,0,0,0,0
1811.888,9117369,0,0,0.0,0,0,0,0,0,0,0
1811.989,9117469,0,0,0.0,0,0,0,0,0,0,0
1812.091,9117569,0,0,0.0,0,0,0,0,0,0,0
1812.190,9117669,0,0,0.0,0,0,0,0,0,0,0
1812.288,9117769,0,0,0.0,0,0,0,0,0,0,0
1812.388,9117869,0,0,0.0,0,0,0,0,0,0,0
1812.488,9117969,0,0,0.0,0,0,0,0,0,0,0
1812.588,9118069,0,0,0.0,0,0,0,0,0,0,0
1812.690,9118169,0,0,0.0,0,0,0,0,0,0,0
1812.788,9118269,0,0,0.0,0,0,0,0,0,0,0
1812.901,9118381,0,0,0.0,0,0,0,0,0,0,0
1812.994,9118469,0,0,0.0,0,0,0,0,0,0,0
1813.089,9118569,0,0,0.0,0,0,0,0,0,0,0
1813.189,9118669,0,0,0.0,0,0,0,0,0,0,0
1813.288,9118769,0,0,0.0,0,0,0,0,0,0,0
1813.388,9118869,0,0,0.0,0,0,0,0,0,0,0
1813.488,9118969,0,0,0.0,0,0,0,0,0,0,0
1813.589,9119069,0,0,0.0,0,0,0,0,0,0,0
1813.688,9119169,0,0,0.0,0,0,0,0,0,0,0
1813.788,9119269,0,0,0.0,0,0,0,0,0,0,0
1813.888,9119369,0,0,0.0,0,0,0,0,0,0,0
1813.988,9119469,0,0,0.0,0,0,0,0,0,0,0
1814.088,9119569,0,0,0.0,0,0,0,0,0,0,0
1814.188,9119669,0,0,0.0,0,0,0,0,0,0,0
1814.289,9119769,0,0,0.0,0,0,0,0,0,0,0
1814.388,9119869,0,0,0.0,0,0,0,0,0,0,0
1814.488,9119969,0,0,0.0,0,0,0,0,0,0,0
1814.589,9120069,0,0,0.0,0,0,0,0,0,0,0
1814.688,9120169,0,0,0.0,0,0,0,0,0,0,0
1814.788,9120269,0,0,0.0,0,0,0,0,0,0,0
1814.900,9120381,0,0,0.0,0,0,0,0,0,0,0
1814.987,9120469,0,0,0.0,0,0,0,0,0,0,0
1815.088,9120569,0,0,0.0,0,0,0,0,0,0,0
1815.188,9120669,0,0,0.0,0,0,0,0,0,0,0
1815.288,9120769,0,0,0.0,0,0,0,0,0,0,0
1815.388,9120869,0,0,0.0,0,0,0,0,0,0,0
1815.488,9120969,0,0,0.0,0,0,0,0,0,0,0
1815.589,9121069,0,0,0.0,0,0,0,0,0,0,0
1815.689,9121169,0,0,0.0,0,0,0,0,0,0,0
1815.788,9121269,0,0,0.0,0,0,0,0,0,0,0
1815.888,9121369,0,0,0.0,0,0,0,0,0,0,0
1815.987,9121469,0,0,0.0,0,0,0,0,0,0,0
1816.087,9121569,0,0,0.0,0,0,0,0,0,0,0
1816.189,9121669,0,0,0.0,0,0,0,0,0,0,0
1816.288,9121769,0,0,0.0,0,0,0,0,0,0,0
1816.387,9121869,0,0,0.0,0,0,0,0,0,0,0
1816.487,9121969,0,0,0.0,0,0,0,0,0,0,0
1816.588,9122069,0,0,0.0,0,0,0,0,0,0,0
1816.688,9122169,0,0,0.0,0,0,0,0,0,0,0
1816.788,9122269,0,0,0.0,0,0,0,0,0,0,0
1816.901,9122381,0,0,0.0,0,0,0,0,0,0,0
1816.988,9122469,0,0,0.0,0,0,0,0,0,0,0
1817.088,9122569,0,0,0.0,0,0,0,0,0,0,0
1817.188,9122669,0,0,0.0,0,0,0,0,0,0,0
1817.288,9122769,0,0,0.0,0,0,0,0,0,0,0
1817.388,9122869,0,0,0.0,0,0,0,0,0,0,0
1817.488,9122969,0,0,0.0,0,0,0,0,0,0,0
1817.588,9123069,0,0,0.0,0,0,0,0,0,0,0
1817.689,9123169,0,0,0.0,0,0,0,0,0,0,0
1817.788,9123269,0,0,0.0,0,0,0,0,0,0,0
1817.888,9123369,0,0,0.0,0,0,0,0,0,0,0
1817.989,9123469,0,0,0.0,0,0,0,0,0,0,0
1818.088,9123569,0,0,0.0,0,0,0,0,0,0,0
1818.188,9123669,0,0,0.0,0,0,0,0,0,0,0
1818.288,9123769,0,0,0.0,0,0,0,0,0,0,0
1818.387,9123869,0,0,0.0,0,0,0,0,0,0,0
1818.487,9123969,0,0,0.0,0,0,0,0,0,0,0
1818.588,9124069,0,0,0.0,0,0,0,0,0,0,0
1818.689,9124169,0,0,0.0,0,0,0,0,0,0,0
1818.788,9124269,0,0,0.0,0,0,0,0,0,0,0
1818.901,9124381,0,0,0.0,0,0,0,0,0,0,0
1818.988,9124469,0,0,0.0,0,0,0,0,0,0,0
1819.088,9124569,0,0,0.0,0,0,0,0,0,0,0
1819.188,9124669,0,0,0.0,0,0,0,0,0,0,0
1819.287,9124769,0,0,0.0,0,0,0,0,0,0,0
1819.387,9124869,0,0,0.0,0,0,0,0,0,0,0
1819.487,9124969,0,0,0.0,0,0,0,0,0,0,0
1819.588,9125069,0,0,0.0,0,0,0,0,0,0,0
1819.688,9125169,0,0,0.0,0,0,0,0,0,0,0
1819.787,9125269,0,0,0.0,0,0,0,0,0,0,0
1819.887,9125369,0,0,0.0,0,0,0,0,0,0,0
1819.987,9125469,0,0,0.0,0,0,0,0,0,0,0
1820.088,9125569,0,0,0.0,0,0,0,0,0,0,0
1820.187,9125669,0,0,0.0,0,0,0,0,0,0,0
1820.288,9125769,0,0,0.0,0,0,0,0,0,0,0
1820.387,9125869,0,0,0.0,0,0,0,0,0,0,0
1820.488,9125969,0,0,0.0,0,0,0,0,0,0,0
1820.587,9126069,0,0,0.0,0,0,0,0,0,0,0
1820.688,9126169,0,0,0.0,0,0,0,0,0,0,0
1820.789,9126269,0,0,0.0,0,0,0,0,0,0,0
1820.900,9126381,0,0,0.0,0,0,0,0,0,0,0
1820.987,9126469,0,0,0.0,0,0,0,0,0,0,0
1821.088,9126569,0,0,0.0,0,0,0,0,0,0,0
1821.187,9126669,0,0,0.0,0,0,0,0,0,0,0
1821.288,9126769,0,0,0.0,0,0,0,0,0,0,0
1821.387,9126869,0,0,0.0,0,0,0,0,0,0,0
1821.487,9126969,0,0,0.0,0,0,0,0,0,0,0
1821.587,9127069,0,0,0.0,0,0,0,0,0,0,0
1821.687,9127169,0,0,0.0,0,0,0,0,0,0,0
1821.788,9127269,0,0,0.0,0,0,0,0,0,0,0
1821.887,9127369,0,0,0.0,0,0,0,0,0,0,0
1821.988,9127469,0,0,0.0,0,0,0,0,0,0,0
1822.087,9127569,0,0,0.0,0,0,0,0,0,0,0
1822.187,9127669,0,0,0.0,0,0,0,0,0,0,0
1822.287,9127769,0,0,0.0,0,0,0,0,0,0,0
1822.387,9127869,0,0,0.0,0,0,0,0,0,0,0
1822.487,9127969,0,0,0.0,0,0,0,0,0,0,0
1822.587,9128069,0,0,0.0,0,0,0,0,0,0,0
1822.687,9128169,0,0,0.0,0,0,0,0,0,0,0
1822.787,9128269,0,0,0.0,0,0,0,0,0,0,0
1822.900,9128381,0,0,0.0,0,0,0,0,0,0,0
1822.987,9128469,0,0,0.0,0,0,0,0,0,0,0
1823.087,9128569,0,0,0.0,0,0,0,0,0,0,0
1823.187,9128669,0,0,0.0,0,0,0,0,0,0,0
1823.287,9128769,0,0,0.0,0,0,0,0,0,0,0
1823.387,9128869,0,0,0.0,0,0,0,0,0,0,0
1823.487,9128969,0,0,0.0,0,0,0,0,0,0,0
1823.587,9129069,0,0,0.0,0,0,0,0,0,0,0
1823.687,9129169,0,0,0.0,0,0,0,0,0,0,0
1823.787,9129269,0,0,0.0,0,0,0,0,0,0,0
1823.887,9129369,0,0,0.0,0,0,0,0,0,0,0
1823.987,9129469,0,0,0.0,0,0,0,0,0,0,0
1824.087,9129569,0,0,0.0,0,0,0,0,0,0,0
1824.187,9129669,0,0,0.0,0,0,0,0,0,0,0
1824.287,9129769,0,0,0.0,0,0,0,0,0,0,0
1824.387,9129869,0,0,0.0,0,0,0,0,0,0,0
1824.487,9129969,0,0,0.0,0,0,0,0,0,0,0
1824.587,9130069,0,0,0.0,0,0,0,0,0,0,0
1824.687,9130169,0,0,0.0,0,0,0,0,0,0,0
1824.787,9130269,0,0,0.0,0,0,0,0,0,0,0
1824.900,9130381,0,0,0.0,0,0,0,0,0,0,0
1824.987,9130469,0,0,0.0,0,0,0,0,0,0,0
1825.087,9130569,0,0,0.0,0,0,0,0,0,0,0
1825.187,9130669,0,0,0.0,0,0,0,0,0,0,0
1825.287,9130769,0,0,0.0,0,0,0,0,0,0,0
1825.387,9130869,0,0,0.0,0,0,0,0,0,0,0
1825.487,9130969,0,0,0.0,0,0,0,0,0,0,0
1825.587,9131069,0,0,0.0,0,0,0,0,0,0,0
1825.687,9131169,0,0,0.0,0,0,0,0,0,0,0
1825.787,9131269,0,0,0.0,0,0,0,0,0,0,0
1825.887,9131369,0,0,0.0,0,0,0,0,0,0,0
1825.987,9131469,0,0,0.0,0,0,0,0,0,0,0
1826.087,9131569,0,0,0.0,0,0,0,0,0,0,0
1826.187,9131669,0,0,0.0,0,0,0,0,0,0,0
1826.287,9131769,0,0,0.0,0,0,0,0,0,0,0
1826.387,9131869,0,0,0.0,0,0,0,0,0,0,0
1826.487,9131969,0,0,0.0,0,0,0,0,0,0,0
1826.587,9132069,0,0,0.0,0,0,0,0,0,0,0
1826.687,9132169,0,0,0.0,0,0,0,0,0,0,0
1826.787,9132269,0,0,0.0,0,0,0,0,0,0,0
1826.900,9132381,0,0,0.0,0,0,0,0,0,0,0
1826.987,9132469,0,0,0.0,0,0,0,0,0,0,0
1827.087,9132569,0,0,0.0,0,0,0,0,0,0,0
1827.187,9132669,0,0,0.0,0,0,0,0,0,0,0
1827.287,9132769,0,0,0.0,0,0,0,0,0,0,0
1827.387,9132869,0,0,0.0,0,0,0,0,0,0,0
1827.487,9132969,0,0,0.0,0,0,0,0,0,0,0
1827.587,9133069,0,0,0.0,0,0,0,0,0,0,0
1827.687,9133169,0,0,0.0,0,0,0,0,0,0,0
1827.787,9133269,0,0,0.0,0,0,0,0,0,0,0
1827.887,9133369,0,0,0.0,0,0,0,0,0,0,0
1827.987,9133469,0,0,0.0,0,0,0,0,0,0,0
1828.087,9133569,0,0,0.0,0,0,0,0,0,0,0
1828.187,9133669,0,0,0.0,0,0,0,0,0,0,0
1828.287,9133769,0,0,0.0,0,0,0,0,0,0,0
1828.387,9133869,0,0,0.0,0,0,0,0,0,0,0
1828.487,9133969,0,0,0.0,0,0,0,0,0,0,0
1828.587,9134069,0,0,0.0,0,0,0,0,0,0,0
1828.687,9134169,0,0,0.0,0,0,0,0,0,0,0
1828.787,9134269,0,0,0.0,0,0,0,0,0,0,0
1828.900,9134381,0,0,0.0,0,0,0,0,0,0,0
1828.987,9134469,0,0,0.0,0,0,0,0,0,0,0
1829.087,9134569,0,0,0.0,0,0,0,0,0,0,0
1829.187,9134669,0,0,0.0,0,0,0,0,0,0,0
1829.287,9134769,0,0,0.0,0,0,0,0,0,0,0
1829.387,9134869,0,0,0.0,0,0,0,0,0,0,0
1829.487,9134969,0,0,0.0,0,0,0,0,0,0,0
1829.587,9135069,0,0,0.0,0,0,0,0,0,0,0
1829.687,9135169,0,0,0.0,0,0,0,0,0,0,0
1829.787,9135269,0,0,0.0,0,0,0,0,0,0,0
1829.887,9135369,0,0,0.0,0,0,0,0,0,0,0
1829.987,9135469,0,0,0.0,0,0,0,0,0,0,0
1830.088,9135569,0,0,0.0,0,0,0,0,0,0,0
1830.188,9135669,0,0,0.0,0,0,0,0,0,0,0
1830.287,9135769,0,0,0.0,0,0,0,0,0,0,0
1830.387,9135869,0,0,0.0,0,0,0,0,0,0,0
1830.487,9135969,0,0,0.0,0,0,0,0,0,0,0
1830.587,9136069,0,0,0.0,0,0,0,0,0,0,0
1830.688,9136169,0,0,0.0,0,0,0,0,0,0,0
1830.788,9136269,0,0,0.0,0,0,0,0,0,0,0
1830.900,9136381,0,0,0.0,0,0,0,0,0,0,0
1830.988,9136469,0,0,0.0,0,0,0,0,0,0,0
1831.087,9136569,0,0,0.0,0,0,0,0,0,0,0
1831.187,9136669,0,0,0.0,0,0,0,0,0,0,0
1831.287,9136769,0,0,0.0,0,0,0,0,0,0,0
1831.387,9136869,0,0,0.0,0,0,0,0,0,0,0
1831.487,9136969,0,0,0.0,0,0,0,0,0,0,0
1831.588,9137069,0,0,0.0,0,0,0,0,0,0,0
1831.687,9137169,0,0,0.0,0,0,0,0,0,0,0
1831.788,9137269,0,0,0.0,0,0,0,0,0,0,0
1831.887,9137369,0,0,0.0,0,0,0,0,0,0,0
1831.987,9137469,0,0,0.0,0,0,0,0,0,0,0
1832.087,9137569,0,0,0.0,0,0,0,0,0,0,0
1832.188,9137669,0,0,0.0,0,0,0,0,0,0,0
1832.287,9137769,0,0,0.0,0,0,0,0,0,0,0
1832.386,9137869,0,0,0.0,0,0,0,0,0,0,0
1832.487,9137969,0,0,0.0,0,0,0,0,0,0,0
1832.587,9138069,0,0,0.0,0,0,0,0,0,0,0
1832.688,9138169,0,0,0.0,0,0,0,0,0,0,0
1832.789,9138269,0,0,0.0,0,0,0,0,0,0,0
1832.900,9138381,0,0,0.0,0,0,0,0,0,0,0
1832.988,9138469,0,0,0.0,0,0,0,0,0,0,0
1833.087,9138569,0,0,0.0,0,0,0,0,0,0,0
1833.187,9138669,0,0,0.0,0,0,0,0,0,0,0
1833.287,9138769,0,0,0.0,0,0,0,0,0,0,0
1833.387,9138869,0,0,0.0,0,0,0,0,0,0,0
1833.487,9138969,0,0,0.0,0,0,0,0,0,0,0
1833.587,9139069,0,0,0.0,0,0,0,0,0,0,0
1833.686,9139169,0,0,0.0,0,0,0,0,0,0,0
1833.787,9139269,0,0,0.0,0,0,0,0,0,0,0
1833.887,9139369,0,0,0.0,0,0,0,0,0,0,0
1833.987,9139469,0,0,0.0,0,0,0,0,0,0,0
1834.087,9139569,0,0,0.0,0,0,0,0,0,0,0
1834.187,9139669,0,0,0.0,0,0,0,0,0,0,0
1834.287,9139769,0,0,0.0,0,0,0,0,0,0,0
1834.387,9139869,0,0,0.0,0,0,0,0,0,0,0
1834.487,9139969,0,0,0.0,0,0,0,0,0,0,0
1834.587,9140069,0,0,0.0,0,0,0,0,0,0,0
1834.687,9140169,0,0,0.0,0,0,0,0,0,0,0
1834.787,9140269,0,0,0.0,0,0,0,0,0,0,0
1834.900,9140381,0,0,0.0,0,0,0,0,0,0,0
1834.987,9140469,0,0,0.0,0,0,0,0,0,0,0
1835.088,9140569,0,0,0.0,0,0,0,0,0,0,0
1835.187,9140669,0,0,0.0,0,0,0,0,0,0,0
1835.287,9140769,0,0,0.0,0,0,0,0,0,0,0
1835.387,9140869,0,0,0.0,0,0,0,0,0,0,0
1835.487,9140969,0,0,0.0,0,0,0,0,0,0,0
1835.588,9141069,0,0,0.0,0,0,0,0,0,0,0
1835.687,9141169,0,0,0.0,0,0,0,0,0,0,0
1835.787,9141269,0,0,0.0,0,0,0,0,0,0,0
1835.887,9141369,0,0,0.0,0,0,0,0,0,0,0
1835.987,9141469,0,0,0.0,0,0,0,0,0,0,0
1836.087,9141569,0,0,0.0,0,0,0,0,0,0,0
1836.187,9141669,0,0,0.0,0,0,0,0,0,0,0
1836.287,9141769,0,0,0.0,0,0,0,0,0,0,0
1836.386,9141869,0,0,0.0,0,0,0,0,0,0,0
1836.486,9141969,0,0,0.0,0,0,0,0,0,0,0
1836.586,9142069,0,0,0.0,0,0,0,0,0,0,0
1836.686,9142169,0,0,0.0,0,0,0,0,0,0,0
1836.786,9142269,0,0,0.0,0,0,0,0,0,0,0
1836.900,9142381,0,0,0.0,0,0,0,0,0,0,0
1836.987,9142469,0,0,0.0,0,0,0,0,0,0,0
1837.088,9142569,0,0,0.0,0,0,0,0,0,0,0
1837.187,9142669,0,0,0.0,0,0,0,0,0,0,0
1837.288,9142769,0,0,0.0,0,0,0,0,0,0,0
1837.387,9142869,0,0,0.0,0,0,0,0,0,0,0
1837.486,9142969,0,0,0.0,0,0,0,0,0,0,0
1837.586,9143069,0,0,0.0,0,0,0,0,0,0,0
1837.687,9143169,0,0,0.0,0,0,0,0,0,0,0
1837.788,9143269,0,0,0.0,0,0,0,0,0,0,0
1837.886,9143369,0,0,0.0,0,0,0,0,0,0,0
1837.987,9143469,0,0,0.0,0,0,0,0,0,0,0
1838.087,9143569,0,0,0.0,0,0,0,0,0,0,0
1838.187,9143669,0,0,0.0,0,0,0,0,0,0,0
1838.287,9143769,0,0,0.0,0,0,0,0,0,0,0
1838.386,9143869,0,0,0.0,0,0,0,0,0,0,0
1838.487,9143969,0,0,0.0,0,0,0,0,0,0,0
1838.587,9144069,0,0,0.0,0,0,0,0,0,0,0
1838.689,9144169,0,0,0.0,0,0,0,0,0,0,0
1838.788,9144269,0,0,0.0,0,0,0,0,0,0,0
1838.900,9144381,0,0,0.0,0,0,0,0,0,0,0
1838.988,9144469,0,0,0.0,0,0,0,0,0,0,0
1839.086,9144569,0,0,0.0,0,0,0,0,0,0,0
1839.186,9144669,0,0,0.0,0,0,0,0,0,0,0
1839.287,9144769,0,0,0.0,0,0,0,0,0,0,0
1839.387,9144869,0,0,0.0,0,0,0,0,0,0,0
1839.487,9144969,0,0,0.0,0,0,0,0,0,0,0
1839.586,9145069,0,0,0.0,0,0,0,0,0,0,0
1839.687,9145169,0,0,0.0,0,0,0,0,0,0,0
1839.788,9145269,0,0,0.0,0,0,0,0,0,0,0
1839.886,9145369,0,0,0.0,0,0,0,0,0,0,0
1839.986,9145469,0,0,0.0,0,0,0,0,0,0,0
1840.086,9145569,0,0,0.0,0,0,0,0,0,0,0
1840.186,9145669,0,0,0.0,0,0,0,0,0,0,0
1840.287,9145769,0,0,0.0,0,0,0,0,0,0,0
1840.386,9145869,0,0,0.0,0,0,0,0,0,0,0
1840.486,9145969,0,0,0.0,0,0,0,0,0,0,0
1840.586,9146069,0,0,0.0,0,0,0,0,0,0,0
1840.686,9146169,0,0,0.0,0,0,0,0,0,0,0
1840.787,9146269,0,0,0.0,0,0,0,0,0,0,0
1840.899,9146381,0,0,0.0,0,0,0,0,0,0,0
1840.986,9146469,0,0,0.0,0,0,0,0,0,0,0
1841.086,9146569,0,0,0.0,0,0,0,0,0,0,0
1841.186,9146669,0,0,0.0,0,0,0,0,0,0,0
1841.287,9146769,0,0,0.0,0,0,0,0,0,0,0
1841.387,9146869,0,0,0.0,0,0,0,0,0,0,0
1841.486,9146969,0,0,0.0,0,0,0,0,0,0,0
1841.587,9147069,0,0,0.0,0,0,0,0,0,0,0
1841.687,9147169,0,0,0.0,0,0,0,0,0,0,0
1841.786,9147269,0,0,0.0,0,0,0,0,0,0,0
1841.886,9147369,0,0,0.0,0,0,0,0,0,0,0
1841.988,9147469,0,0,0.0,0,0,0,0,0,0,0
1842.087,9147569,0,0,0.0,0,0,0,0,0,0,0
1842.188,9147669,0,0,0.0,0,0,0,0,0,0,0
1842.289,9147769,0,0,0.0,0,0,0,0,0,0,0
1842.386,9147869,0,0,0.0,0,0,0,0,0,0,0
1842.486,9147969,0,0,0.0,0,0,0,0,0,0,0
1842.586,9148069,0,0,0.0,0,0,0,0,0,0,0
1842.686,9148169,0,0,0.0,0,0,0,0,0,0,0
1842.786,9148269,0,0,0.0,0,0,0,0,0,0,0
1842.899,9148381,0,0,0.0,0,0,0,0,0,0,0
1842.988,9148469,0,0,0.0,0,0,0,0,0,0,0
1843.086,9148569,0,0,0.0,0,0,0,0,0,0,0
1843.186,9148669,0,0,0.0,0,0,0,0,0,0,0
1843.286,9148769,0,0,0.0,0,0,0,0,0,0,0
1843.386,9148869,0,0,0.0,0,0,0,0,0,0,0
1843.486,9148969,0,0,0.0,0,0,0,0,0,0,0
1843.586,9149069,0,0,0.0,0,0,0,0,0,0,0
1843.686,9149169,0,0,0.0,0,0,0,0,0,0,0
1843.786,9149269,0,0,0.0,0,0,0,0,0,0,0
1843.886,9149369,0,0,0.0,0,0,0,0,0,0,0
1843.986,9149469,0,0,0.0,0,0,0,0,0,0,0
1844.087,9149569,0,0,0.0,0,0,0,0,0,0,0
1844.187,9149669,0,0,0.0,0,0,0,0,0,0,0
1844.286,9149769,0,0,0.0,0,0,0,0,0,0,0
1844.386,9149869,0,0,0.0,0,0,0,0,0,0,0
1844.486,9149969,0,0,0.0,0,0,0,0,0,0,0
1844.586,9150069,0,0,0.0,0,0,0,0,0,0,0
1844.687,9150169,0,0,0.0,0,0,0,0,0,0,0
1844.786,9150269,0,0,0.0,0,0,0,0,0,0,0
1844.899,9150381,0,0,0.0,0,0,0,0,0,0,0
1844.986,9150469,0,0,0.0,0,0,0,0,0,0,0
1845.086,9150569,0,0,0.0,0,0,0,0,0,0,0
1845.186,9150669,0,0,0.0,0,0,0,0,0,0,0
1845.286,9150769,0,0,0.0,0,0,0,0,0,0,0
1845.386,9150869,0,0,0.0,0,0,0,0,0,0,0
1845.486,9150969,0,0,0.0,0,0,0,0,0,0,0
1845.586,9151069,0,0,0.0,0,0,0,0,0,0,0
1845.689,9151169,0,0,0.0,0,0,0,0,0,0,0
1845.786,9151269,0,0,0.0,0,0,0,0,0,0,0
1845.886,9151369,0,0,0.0,0,0,0,0,0,0,0
1845.986,9151469,0,0,0.0,0,0,0,0,0,0,0
1846.088,9151569,0,0,0.0,0,0,0,0,0,0,0
1846.187,9151669,0,0,0.0,0,0,0,0,0,0,0
1846.286,9151769,0,0,0.0,0,0,0,0,0,0,0
1846.386,9151869,0,0,0.0,0,0,0,0,0,0,0
1846.486,9151969,0,0,0.0,0,0,0,0,0,0,0
1846.587,9152069,0,0,0.0,0,0,0,0,0,0,0
1846.686,9152169,0,0,0.0,0,0,0,0,0,0,0
1846.786,9152269,0,0,0.0,0,0,0,0,0,0,0
1846.899,9152381,0,0,0.0,0,0,0,0,0,0,0
1846.986,9152469,0,0,0.0,0,0,0,0,0,0,0
1847.086,9152569,0,0,0.0,0,0,0,0,0,0,0
1847.187,9152669,0,0,0.0,0,0,0,0,0,0,0
1847.286,9152769,0,0,0.0,0,0,0,0,0,0,0
1847.386,9152869,0,0,0.0,0,0,0,0,0,0,0
1847.486,9152969,0,0,0.0,0,0,0,0,0,0,0
1847.586,9153069,0,0,0.0,0,0,0,0,0,0,0
1847.686,9153169,0,0,0.0,0,0,0,0,0,0,0
1847.786,9153269,0,0,0.0,0,0,0,0,0,0,0
1847.886,9153369,0,0,0.0,0,0,0,0,0,0,0
1847.986,9153469,0,0,0.0,0,0,0,0,0,0,0
1848.087,9153569,0,0,0.0,0,0,0,0,0,0,0
1848.189,9153669,0,0,0.0,0,0,0,0,0,0,0
1848.288,9153769,0,0,0.0,0,0,0,0,0,0,0
1848.386,9153869,0,0,0.0,0,0,0,0,0,0,0
1848.486,9153969,0,0,0.0,0,0,0,0,0,0,0
1848.587,9154069,0,0,0.0,0,0,0,0,0,0,0
1848.686,9154169,0,0,0.0,0,0,0,0,0,0,0
1848.787,9154269,0,0,0.0,0,0,0,0,0,0,0
1848.899,9154381,0,0,0.0,0,0,0,0,0,0,0
1848.986,9154469,0,0,0.0,0,0,0,0,0,0,0
1849.086,9154569,0,0,0.0,0,0,0,0,0,0,0
1849.186,9154669,0,0,0.0,0,0,0,0,0,0,0
1849.286,9154769,0,0,0.0,0,0,0,0,0,0,0
1849.386,9154869,0,0,0.0,0,0,0,0,0,0,0
1849.485,9154969,0,0,0.0,0,0,0,0,0,0,0
1849.586,9155069,0,0,0.0,0,0,0,0,0,0,0
1849.686,9155169,0,0,0.0,0,0,0,0,0,0,0
1849.785,9155269,0,0,0.0,0,0,0,0,0,0,0
1849.886,9155369,0,0,0.0,0,0,0,0,0,0,0
1849.986,9155469,0,0,0.0,0,0,0,0,0,0,0
1850.086,9155569,0,0,0.0,0,0,0,0,0,0,0
1850.186,9155669,0,0,0.0,0,0,0,0,0,0,0
1850.288,9155769,0,0,0.0,0,0,0,0,0,0,0
1850.386,9155869,0,0,0.0,0,0,0,0,0,0,0
1850.486,9155969,0,0,0.0,0,0,0,0,0,0,0
1850.586,9156069,0,0,0.0,0,0,0,0,0,0,0
1850.686,9156169,0,0,0.0,0,0,0,0,0,0,0
1850.786,9156269,0,0,0.0,0,0,0,0,0,0,0
1850.899,9156381,0,0,0.0,0,0,0,0,0,0,0
1850.986,9156469,0,0,0.0,0,0,0,0,0,0,0
1851.088,9156569,0,0,0.0,0,0,0,0,0,0,0
1851.186,9156669,0,0,0.0,0,0,0,0,0,0,0
1851.286,9156769,0,0,0.0,0,0,0,0,0,0,0
1851.386,9156869,0,0,0.0,0,0,0,0,0,0,0
1851.488,9156969,0,0,0.0,0,0,0,0,0,0,0
1851.586,9157069,0,0,0.0,0,0,0,0,0,0,0
1851.689,9157169,0,0,0.0,0,0,0,0,0,0,0
1851.785,9157269,0,0,0.0,0,0,0,0,0,0,0
1851.885,9157369,0,0,0.0,0,0,0,0,0,0,0
1851.986,9157469,0,0,0.0,0,0,0,0,0,0,0
1852.085,9157569,0,0,0.0,0,0,0,0,0,0,0
1852.186,9157669,0,0,0.0,0,0,0,0,0,0,0
1852.286,9157769,0,0,0.0,0,0,0,0,0,0,0
1852.386,9157869,0,0,0.0,0,0,0,0,0,0,0
1852.486,9157969,0,0,0.0,0,0,0,0,0,0,0
1852.585,9158069,0,0,0.0,0,0,0,0,0,0,0
1852.685,9158169,0,0,0.0,0,0,0,0,0,0,0
1852.785,9158269,0,0,0.0,0,0,0,0,0,0,0
1852.898,9158381,0,0,0.0,0,0,0,0,0,0,0
1852.985,9158469,0,0,0.0,0,0,0,0,0,0,0
1853.085,9158569,0,0,0.0,0,0,0,0,0,0,0
1853.186,9158669,0,0,0.0,0,0,0,0,0,0,0
1853.285,9158769,0,0,0.0,0,0,0,0,0,0,0
1853.385,9158869,0,0,0.0,0,0,0,0,0,0,0
1853.485,9158969,0,0,0.0,0,0,0,0,0,0,0
1853.586,9159069,0,0,0.0,0,0,0,0,0,0,0
1853.686,9159169,0,0,0.0,0,0,0,0,0,0,0
1853.785,9159269,0,0,0.0,0,0,0,0,0,0,0
1853.885,9159369,0,0,0.0,0,0,0,0,0,0,0
1853.985,9159469,0,0,0.0,0,0,0,0,0,0,0
1854.086,9159569,0,0,0.0,0,0,0,0,0,0,0
1854.185,9159669,0,0,0.0,0,0,0,0,0,0,0
1854.285,9159769,0,0,0.0,0,0,0,0,0,0,0
1854.386,9159869,0,0,0.0,0,0,0,0,0,0,0
1854.487,9159969,0,0,0.0,0,0,0,0,0,0,0
1854.585,9160069,0,0,0.0,0,0,0,0,0,0,0
1854.686,9160169,0,0,0.0,0,0,0,0,0,0,0
1854.785,9160269,0,0,0.0,0,0,0,0,0,0,0
1854.899,9160381,0,0,0.0,0,0,0,0,0,0,0
1854.985,9160469,0,0,0.0,0,0,0,0,0,0,0
1855.085,9160569,0,0,0.0,0,0,0,0,0,0,0
1855.187,9160669,0,0,0.0,0,0,0,0,0,0,0
1855.285,9160769,0,0,0.0,0,0,0,0,0,0,0
1855.385,9160869,0,0,0.0,0,0,0,0,0,0,0
1855.485,9160969,0,0,0.0,0,0,0,0,0,0,0
1855.586,9161069,0,0,0.0,0,0,0,0,0,0,0
1855.685,9161169,0,0,0.0,0,0,0,0,0,0,0
1855.785,9161269,0,0,0.0,0,0,0,0,0,0,0
1855.885,9161369,0,0,0.0,0,0,0,0,0,0,0
1855.985,9161469,0,0,0.0,0,0,0,0,0,0,0
1856.085,9161569,0,0,0.0,0,0,0,0,0,0,0
1856.185,9161669,0,0,0.0,0,0,0,0,0,0,0
1856.285,9161769,0,0,0.0,0,0,0,0,0,0,0
1856.385,9161869,0,0,0.0,0,0,0,0,0,0,0
1856.485,9161969,0,0,0.0,0,0,0,0,0,0,0
1856.585,9162069,0,0,0.0,0,0,0,0,0,0,0
1856.685,9162169,0,0,0.0,0,0,0,0,0,0,0
1856.786,9162269,0,0,0.0,0,0,0,0,0,0,0
1856.898,9162381,0,0,0.0,0,0,0,0,0,0,0
1856.986,9162469,0,0,0.0,0,0,0,0,0,0,0
1857.085,9162569,0,0,0.0,0,0,0,0,0,0,0
1857.185,9162669,0,0,0.0,0,0,0,0,0,0,0
1857.285,9162769,0,0,0.0,0,0,0,0,0,0,0
1857.385,9162869,0,0,0.0,0,0,0,0,0,0,0
1857.485,9162969,0,0,0.0,0,0,0,0,0,0,0
1857.585,9163069,0,0,0.0,0,0,0,0,0,0,0
1857.685,9163169,0,0,0.0,0,0,0,0,0,0,0
1857.785,9163269,0,0,0.0,0,0,0,0,0,0,0
1857.886,9163369,0,0,0.0,0,0,0,0,0,0,0
1857.985,9163469,0,0,0.0,0,0,0,0,0,0,0
1858.085,9163569,0,0,0.0,0,0,0,0,0,0,0
1858.185,9163669,0,0,0.0,0,0,0,0,0,0,0
1858.285,9163769,0,0,0.0,0,0,0,0,0,0,0
1858.385,9163869,0,0,0.0,0,0,0,0,0,0,0
1858.485,9163969,0,0,0.0,0,0,0,0,0,0,0
1858.585,9164069,0,0,0.0,0,0,0,0,0,0,0
1858.685,9164169,0,0,0.0,0,0,0,0,0,0,0
1858.785,9164269,0,0,0.0,0,0,0,0,0,0,0
1858.898,9164381,0,0,0.0,0,0,0,0,0,0,0
1858.985,9164469,0,0,0.0,0,0,0,0,0,0,0
1859.085,9164569,0,0,0.0,0,0,0,0,0,0,0
1859.185,9164669,0,0,0.0,0,0,0,0,0,0,0
1859.285,9164769,0,0,0.0,0,0,0,0,0,0,0
1859.385,9164869,0,0,0.0,0,0,0,0,0,0,0
1859.485,9164969,0,0,0.0,0,0,0,0,0,0,0
1859.585,9165069,0,0,0.0,0,0,0,0,0,0,0
1859.685,9165169,0,0,0.0,0,0,0,0,0,0,0
1859.785,9165269,0,0,0.0,0,0,0,0,0,0,0
1859.885,9165369,0,0,0.0,0,0,0,0,0,0,0
1859.985,9165469,0,0,0.0,0,0,0,0,0,0,0
1860.085,9165569,0,0,0.0,0,0,0,0,0,0,0
1860.185,9165669,0,0,0.0,0,0,0,0,0,0,0
1860.285,9165769,0,0,0.0,0,0,0,0,0,0,0
1860.385,9165869,0,0,0.0,0,0,0,0,0,0,0
1860.485,9165969,0,0,0.0,0,0,0,0,0,0,0
1860.585,9166069,0,0,0.0,0,0,0,0,0,0,0
1860.685,9166169,0,0,0.0,0,0,0,0,0,0,0
1860.785,9166269,0,0,0.0,0,0,0,0,0,0,0
1860.898,9166381,0,0,0.0,0,0,0,0,0,0,0
1860.985,9166469,0,0,0.0,0,0,0,0,0,0,0
1861.085,9166569,0,0,0.0,0,0,0,0,0,0,0
1861.185,9166669,0,0,0.0,0,0,0,0,0,0,0
1861.285,9166769,0,0,0.0,0,0,0,0,0,0,0
1861.385,9166869,0,0,0.0,0,0,0,0,0,0,0
1861.485,9166969,0,0,0.0,0,0,0,0,0,0,0
1861.585,9167069,0,0,0.0,0,0,0,0,0,0,0
1861.685,9167169,0,0,0.0,0,0,0,0,0,0,0
1861.785,9167269,0,0,0.0,0,0,0,0,0,0,0
1861.885,9167369,0,0,0.0,0,0,0,0,0,0,0
1861.985,9167469,0,0,0.0,0,0,0,0,0,0,0
1862.085,9167569,0,0,0.0,0,0,0,0,0,0,0
1862.185,9167669,0,0,0.0,0,0,0,0,0,0,0
1862.286,9167769,0,0,0.0,0,0,0,0,0,0,0
1862.385,9167869,0,0,0.0,0,0,0,0,0,0,0
1862.485,9167969,0,0,0.0,0,0,0,0,0,0,0
1862.585,9168069,0,0,0.0,0,0,0,0,0,0,0
1862.685,9168169,0,0,0.0,0,0,0,0,0,0,0
1862.785,9168269,0,0,0.0,0,0,0,0,0,0,0
1862.898,9168381,0,0,0.0,0,0,0,0,0,0,0
1862.985,9168469,0,0,0.0,0,0,0,0,0,0,0
1863.085,9168569,0,0,0.0,0,0,0,0,0,0,0
1863.185,9168669,0,0,0.0,0,0,0,0,0,0,0
1863.285,9168769,0,0,0.0,0,0,0,0,0,0,0
1863.384,9168869,0,0,0.0,0,0,0,0,0,0,0
1863.485,9168969,0,0,0.0,0,0,0,0,0,0,0
1863.585,9169069,0,0,0.0,0,0,0,0,0,0,0
1863.685,9169169,0,0,0.0,0,0,0,0,0,0,0
1863.785,9169269,0,0,0.0,0,0,0,0,0,0,0
1863.885,9169369,0,0,0.0,0,0,0,0,0,0,0
1863.985,9169469,0,0,0.0,0,0,0,0,0,0,0
1864.085,9169569,0,0,0.0,0,0,0,0,0,0,0
1864.184,9169669,0,0,0.0,0,0,0,0,0,0,0
1864.285,9169769,0,0,0.0,0,0,0,0,0,0,0
1864.385,9169869,0,0,0.0,0,0,0,0,0,0,0
1864.485,9169969,0,0,0.0,0,0,0,0,0,0,0
1864.585,9170069,0,0,0.0,0,0,0,0,0,0,0
1864.685,9170169,0,0,0.0,0,0,0,0,0,0,0
1864.784,9170269,0,0,0.0,0,0,0,0,0,0,0
1864.898,9170381,0,0,0.0,0,0,0,0,0,0,0
1864.985,9170469,0,0,0.0,0,0,0,0,0,0,0
1865.085,9170569,0,0,0.0,0,0,0,0,0,0,0
1865.185,9170669,0,0,0.0,0,0,0,0,0,0,0
1865.285,9170769,0,0,0.0,0,0,0,0,0,0,0
1865.385,9170869,0,0,0.0,0,0,0,0,0,0,0
1865.485,9170969,0,0,0.0,0,0,0,0,0,0,0
1865.585,9171069,0,0,0.0,0,0,0,0,0,0,0
1865.685,9171169,0,0,0.0,0,0,0,0,0,0,0
1865.785,9171269,0,0,0.0,0,0,0,0,0,0,0
1865.885,9171369,0,0,0.0,0,0,0,0,0,0,0
1865.985,9171469,0,0,0.0,0,0,0,0,0,0,0
1866.085,9171569,0,0,0.0,0,0,0,0,0,0,0
1866.185,9171669,0,0,0.0,0,0,0,0,0,0,0
1866.285,9171769,0,0,0.0,0,0,0,0,0,0,0
1866.385,9171869,0,0,0.0,0,0,0,0,0,0,0
1866.485,9171969,0,0,0.0,0,0,0,0,0,0,0
1866.585,9172069,0,0,0.0,0,0,0,0,0,0,0
1866.685,9172169,0,0,0.0,0,0,0,0,0,0,0
1866.785,9172269,0,0,0.0,0,0,0,0,0,0,0
1866.897,9172381,0,0,0.0,0,0,0,0,0,0,0
1866.985,9172469,0,0,0.0,0,0,0,0,0,0,0
1867.085,9172569,0,0,0.0,0,0,0,0,0,0,0
1867.185,9172669,0,0,0.0,0,0,0,0,0,0,0
1867.285,9172769,0,0,0.0,0,0,0,0,0,0,0
1867.385,9172869,0,0,0.0,0,0,0,0,0,0,0
1867.485,9172969,0,0,0.0,0,0,0,0,0,0,0
1867.585,9173069,0,0,0.0,0,0,0,0,0,0,0
1867.685,9173169,0,0,0.0,0,0,0,0,0,0,0
1867.785,9173269,0,0,0.0,0,0,0,0,0,0,0
1867.885,9173369,0,0,0.0,0,0,0,0,0,0,0
1867.984,9173469,0,0,0.0,0,0,0,0,0,0,0
1868.085,9173569,0,0,0.0,0,0,0,0,0,0,0
1868.185,9173669,0,0,0.0,0,0,0,0,0,0,0
1868.285,9173769,0,0,0.0,0,0,0,0,0,0,0
1868.384,9173869,0,0,0.0,0,0,0,0,0,0,0
1868.485,9173969,0,0,0.0,0,0,0,0,0,0,0
1868.585,9174069,0,0,0.0,0,0,0,0,0,0,0
1868.684,9174169,0,0,0.0,0,0,0,0,0,0,0
1868.784,9174269,0,0,0.0,0,0,0,0,0,0,0
1868.897,9174381,0,0,0.0,0,0,0,0,0,0,0
1868.984,9174469,0,0,0.0,0,0,0,0,0,0,0
1869.085,9174569,0,0,0.0,0,0,0,0,0,0,0
1869.185,9174669,0,0,0.0,0,0,0,0,0,0,0
1869.284,9174769,0,0,0.0,0,0,0,0,0,0,0
1869.384,9174869,0,0,0.0,0,0,0,0,0,0,0
1869.485,9174969,0,0,0.0,0,0,0,0,0,0,0
1869.584,9175069,0,0,0.0,0,0,0,0,0,0,0
1869.685,9175169,0,0,0.0,0,0,0,0,0,0,0
1869.784,9175269,0,0,0.0,0,0,0,0,0,0,0
1869.884,9175369,0,0,0.0,0,0,0,0,0,0,0
1869.984,9175469,0,0,0.0,0,0,0,0,0,0,0
1870.084,9175569,0,0,0.0,0,0,0,0,0,0,0
1870.184,9175669,0,0,0.0,0,0,0,0,0,0,0
1870.284,9175769,0,0,0.0,0,0,0,0,0,0,0
1870.384,9175869,0,0,0.0,0,0,0,0,0,0,0
1870.485,9175969,0,0,0.0,0,0,0,0,0,0,0
1870.584,9176069,0,0,0.0,0,0,0,0,0,0,0
1870.684,9176169,0,0,0.0,0,0,0,0,0,0,0
1870.785,9176269,0,0,0.0,0,0,0,0,0,0,0
1870.898,9176381,0,0,0.0,0,0,0,0,0,0,0
1870.984,9176469,0,0,0.0,0,0,0,0,0,0,0
1871.084,9176569,0,0,0.0,0,0,0,0,0,0,0
1871.184,9176669,0,0,0.0,0,0,0,0,0,0,0
1871.284,9176769,0,0,0.0,0,0,0,0,0,0,0
1871.384,9176869,0,0,0.0,0,0,0,0,0,0,0
1871.484,9176969,0,0,0.0,0,0,0,0,0,0,0
1871.584,9177069,0,0,0.0,0,0,0,0,0,0,0
1871.684,9177169,0,0,0.0,0,0,0,0,0,0,0
1871.784,9177269,0,0,0.0,0,0,0,0,0,0,0
1871.885,9177369,0,0,0.0,0,0,0,0,0,0,0
1871.984,9177469,0,0,0.0,0,0,0,0,0,0,0
1872.084,9177569,0,0,0.0,0,0,0,0,0,0,0
1872.185,9177669,0,0,0.0,0,0,0,0,0,0,0
1872.284,9177769,0,0,0.0,0,0,0,0,0,0,0
1872.384,9177869,0,0,0.0,0,0,0,0,0,0,0
1872.484,9177969,0,0,0.0,0,0,0,0,0,0,0
1872.584,9178069,0,0,0.0,0,0,0,0,0,0,0
1872.684,9178169,0,0,0.0,0,0,0,0,0,0,0
1872.785,9178269,0,0,0.0,0,0,0,0,0,0,0
1872.897,9178381,0,0,0.0,0,0,0,0,0,0,0
1872.984,9178469,0,0,0.0,0,0,0,0,0,0,0
1873.084,9178569,0,0,0.0,0,0,0,0,0,0,0
1873.184,9178669,0,0,0.0,0,0,0,0,0,0,0
1873.286,9178769,0,0,0.0,0,0,0,0,0,0,0
1873.384,9178869,0,0,0.0,0,0,0,0,0,0,0
1873.484,9178969,0,0,0.0,0,0,0,0,0,0,0
1873.584,9179069,0,0,0.0,0,0,0,0,0,0,0
1873.684,9179169,0,0,0.0,0,0,0,0,0,0,0
1873.784,9179269,0,0,0.0,0,0,0,0,0,0,0
1873.884,9179369,0,0,0.0,0,0,0,0,0,0,0
1873.984,9179469,0,0,0.0,0,0,0,0,0,0,0
1874.084,9179569,0,0,0.0,0,0,0,0,0,0,0
1874.184,9179669,0,0,0.0,0,0,0,0,0,0,0
1874.284,9179769,0,0,0.0,0,0,0,0,0,0,0
1874.384,9179869,0,0,0.0,0,0,0,0,0,0,0
1874.484,9179969,0,0,0.0,0,0,0,0,0,0,0
1874.584,9180069,0,0,0.0,0,0,0,0,0,0,0
1874.685,9180169,0,0,0.0,0,0,0,0,0,0,0
1874.784,9180269,0,0,0.0,0,0,0,0,0,0,0
1874.897,9180381,0,0,0.0,0,0,0,0,0,0,0
1874.984,9180469,0,0,0.0,0,0,0,0,0,0,0
1875.084,9180569,0,0,0.0,0,0,0,0,0,0,0
1875.184,9180669,0,0,0.0,0,0,0,0,0,0,0
1875.284,9180769,0,0,0.0,0,0,0,0,0,0,0
1875.384,9180869,0,0,0.0,0,0,0,0,0,0,0
1875.484,9180969,0,0,0.0,0,0,0,0,0,0,0
1875.584,9181069,0,0,0.0,0,0,0,0,0,0,0
1875.684,9181169,0,0,0.0,0,0,0,0,0,0,0
1875.784,9181269,0,0,0.0,0,0,0,0,0,0,0
1875.884,9181369,0,0,0.0,0,0,0,0,0,0,0
1875.984,9181469,0,0,0.0,0,0,0,0,0,0,0
1876.084,9181569,0,0,0.0,0,0,0,0,0,0,0
1876.184,9181669,0,0,0.0,0,0,0,0,0,0,0
1876.284,9181769,0,0,0.0,0,0,0,0,0,0,0
1876.384,9181869,0,0,0.0,0,0,0,0,0,0,0
1876.484,9181969,0,0,0.0,0,0,0,0,0,0,0
1876.584,9182069,0,0,0.0,0,0,0,0,0,0,0
1876.684,9182169,0,0,0.0,0,0,0,0,0,0,0
1876.784,9182269,0,0,0.0,0,0,0,0,0,0,0
1876.897,9182381,0,0,0.0,0,0,0,0,0,0,0
1876.984,9182469,0,0,0.0,0,0,0,0,0,0,0
1877.084,9182569,0,0,0.0,0,0,0,0,0,0,0
1877.184,9182669,0,0,0.0,0,0,0,0,0,0,0
1877.284,9182769,0,0,0.0,0,0,0,0,0,0,0
1877.384,9182869,0,0,0.0,0,0,0,0,0,0,0
1877.484,9182969,0,0,0.0,0,0,0,0,0,0,0
1877.584,9183069,0,0,0.0,0,0,0,0,0,0,0
1877.684,9183169,0,0,0.0,0,0,0,0,0,0,0
1877.784,9183269,0,0,0.0,0,0,0,0,0,0,0
1877.884,9183369,0,0,0.0,0,0,0,0,0,0,0
1877.985,9183469,0,0,0.0,0,0,0,0,0,0,0
1878.084,9183569,0,0,0.0,0,0,0,0,0,0,0
1878.184,9183669,0,0,0.0,0,0,0,0,0,0,0
1878.284,9183769,0,0,0.0,0,0,0,0,0,0,0
1878.384,9183869,0,0,0.0,0,0,0,0,0,0,0
1878.484,9183969,0,0,0.0,0,0,0,0,0,0,0
1878.584,9184069,0,0,0.0,0,0,0,0,0,0,0
1878.685,9184169,0,0,0.0,0,0,0,0,0,0,0
1878.785,9184269,0,0,0.0,0,0,0,0,0,0,0
1878.898,9184381,0,0,0.0,0,0,0,0,0,0,0
1878.985,9184469,0,0,0.0,0,0,0,0,0,0,0
1879.084,9184569,0,0,0.0,0,0,0,0,0,0,0
1879.184,9184669,0,0,0.0,0,0,0,0,0,0,0
1879.284,9184769,0,0,0.0,0,0,0,0,0,0,0
1879.384,9184869,0,0,0.0,0,0,0,0,0,0,0
1879.484,9184969,0,0,0.0,0,0,0,0,0,0,0
1879.584,9185069,0,0,0.0,0,0,0,0,0,0,0
1879.684,9185169,0,0,0.0,0,0,0,0,0,0,0
1879.784,9185269,0,0,0.0,0,0,0,0,0,0,0
1879.884,9185369,0,0,0.0,0,0,0,0,0,0,0
1879.984,9185469,0,0,0.0,0,0,0,0,0,0,0
1880.084,9185569,0,0,0.0,0,0,0,0,0,0,0
1880.184,9185669,0,0,0.0,0,0,0,0,0,0,0
1880.284,9185769,0,0,0.0,0,0,0,0,0,0,0
1880.384,9185869,0,0,0.0,0,0,0,0,0,0,0
1880.485,9185969,0,0,0.0,0,0,0,0,0,0,0
1880.584,9186069,0,0,0.0,0,0,0,0,0,0,0
1880.684,9186169,0,0,0.0,0,0,0,0,0,0,0
1880.784,9186269,0,0,0.0,0,0,0,0,0,0,0
1880.896,9186381,0,0,0.0,0,0,0,0,0,0,0
1880.984,9186469,0,0,0.0,0,0,0,0,0,0,0
1881.084,9186569,0,0,0.0,0,0,0,0,0,0,0
1881.184,9186669,0,0,0.0,0,0,0,0,0,0,0
1881.284,9186769,0,0,0.0,0,0,0,0,0,0,0
1881.384,9186869,0,0,0.0,0,0,0,0,0,0,0
1881.484,9186969,0,0,0.0,0,0,0,0,0,0,0
1881.584,9187069,0,0,0.0,0,0,0,0,0,0,0
1881.684,9187169,0,0,0.0,0,0,0,0,0,0,0
1881.784,9187269,0,0,0.0,0,0,0,0,0,0,0
1881.884,9187369,0,0,0.0,0,0,0,0,0,0,0
1881.984,9187469,0,0,0.0,0,0,0,0,0,0,0
1882.084,9187569,0,0,0.0,0,0,0,0,0,0,0
1882.184,9187669,0,0,0.0,0,0,0,0,0,0,0
1882.284,9187769,0,0,0.0,0,0,0,0,0,0,0
1882.383,9187869,0,0,0.0,0,0,0,0,0,0,0
1882.484,9187969,0,0,0.0,0,0,0,0,0,0,0
1882.584,9188069,0,0,0.0,0,0,0,0,0,0,0
1882.684,9188169,0,0,0.0,0,0,0,0,0,0,0
1882.783,9188269,0,0,0.0,0,0,0,0,0,0,0
1882.897,9188381,0,0,0.0,0,0,0,0,0,0,0
1882.984,9188469,0,0,0.0,0,0,0,0,0,0,0
1883.084,9188569,0,0,0.0,0,0,0,0,0,0,0
1883.184,9188669,0,0,0.0,0,0,0,0,0,0,0
1883.284,9188769,0,0,0.0,0,0,0,0,0,0,0
1883.384,9188869,0,0,0.0,0,0,0,0,0,0,0
1883.483,9188969,0,0,0.0,0,0,0,0,0,0,0
1883.585,9189069,0,0,0.0,0,0,0,0,0,0,0
1883.684,9189169,0,0,0.0,0,0,0,0,0,0,0
1883.784,9189269,0,0,0.0,0,0,0,0,0,0,0
1883.884,9189369,0,0,0.0,0,0,0,0,0,0,0
1883.984,9189469,0,0,0.0,0,0,0,0,0,0,0
1884.083,9189569,0,0,0.0,0,0,0,0,0,0,0
1884.184,9189669,0,0,0.0,0,0,0,0,0,0,0
1884.283,9189769,0,0,0.0,0,0,0,0,0,0,0
1884.383,9189869,0,0,0.0,0,0,0,0,0,0,0
1884.484,9189969,0,0,0.0,0,0,0,0,0,0,0
1884.584,9190069,0,0,0.0,0,0,0,0,0,0,0
1884.684,9190169,0,0,0.0,0,0,0,0,0,0,0
1884.783,9190269,0,0,0.0,0,0,0,0,0,0,0
1884.896,9190381,0,0,0.0,0,0,0,0,0,0,0
1884.984,9190469,0,0,0.0,0,0,0,0,0,0,0
1885.083,9190569,0,0,0.0,0,0,0,0,0,0,0
1885.183,9190669,0,0,0.0,0,0,0,0,0,0,0
1885.284,9190769,0,0,0.0,0,0,0,0,0,0,0
1885.383,9190869,0,0,0.0,0,0,0,0,0,0,0
1885.484,9190969,0,0,0.0,0,0,0,0,0,0,0
1885.584,9191069,0,0,0.0,0,0,0,0,0,0,0
1885.684,9191169,0,0,0.0,0,0,0,0,0,0,0
1885.783,9191269,0,0,0.0,0,0,0,0,0,0,0
1885.883,9191369,0,0,0.0,0,0,0,0,0,0,0
1885.984,9191469,0,0,0.0,0,0,0,0,0,0,0
1886.083,9191569,0,0,0.0,0,0,0,0,0,0,0
1886.184,9191669,0,0,0.0,0,0,0,0,0,0,0
1886.284,9191769,0,0,0.0,0,0,0,0,0,0,0
1886.383,9191869,0,0,0.0,0,0,0,0,0,0,0
1886.483,9191969,0,0,0.0,0,0,0,0,0,0,0
1886.584,9192069,0,0,0.0,0,0,0,0,0,0,0
1886.684,9192169,0,0,0.0,0,0,0,0,0,0,0
1886.784,9192269,0,0,0.0,0,0,0,0,0,0,0
1886.898,9192381,0,0,0.0,0,0,0,0,0,0,0
1886.984,9192469,0,0,0.0,0,0,0,0,0,0,0
1887.083,9192569,0,0,0.0,0,0,0,0,0,0,0
1887.183,9192669,0,0,0.0,0,0,0,0,0,0,0
1887.284,9192769,0,0,0.0,0,0,0,0,0,0,0
1887.383,9192869,0,0,0.0,0,0,0,0,0,0,0
1887.484,9192969,0,0,0.0,0,0,0,0,0,0,0
1887.584,9193069,0,0,0.0,0,0,0,0,0,0,0
1887.684,9193169,0,0,0.0,0,0,0,0,0,0,0
1887.783,9193269,0,0,0.0,0,0,0,0,0,0,0
1887.883,9193369,0,0,0.0,0,0,0,0,0,0,0
1887.983,9193469,0,0,0.0,0,0,0,0,0,0,0
1888.083,9193569,0,0,0.0,0,0,0,0,0,0,0
1888.183,9193669,0,0,0.0,0,0,0,0,0,0,0
1888.283,9193769,0,0,0.0,0,0,0,0,0,0,0
1888.383,9193869,0,0,0.0,0,0,0,0,0,0,0
1888.484,9193969,0,0,0.0,0,0,0,0,0,0,0
1888.584,9194069,0,0,0.0,0,0,0,0,0,0,0
1888.684,9194169,0,0,0.0,0,0,0,0,0,0,0
1888.784,9194269,0,0,0.0,0,0,0,0,0,0,0
1888.896,9194381,0,0,0.0,0,0,0,0,0,0,0
1888.984,9194469,0,0,0.0,0,0,0,0,0,0,0
1889.083,9194569,0,0,0.0,0,0,0,0,0,0,0
1889.185,9194669,0,0,0.0,0,0,0,0,0,0,0
1889.283,9194769,0,0,0.0,0,0,0,0,0,0,0
1889.383,9194869,0,0,0.0,0,0,0,0,0,0,0
1889.487,9194969,0,0,0.0,0,0,0,0,0,0,0
1889.583,9195069,0,0,0.0,0,0,0,0,0,0,0
1889.683,9195169,0,0,0.0,0,0,0,0,0,0,0
1889.783,9195269,0,0,0.0,0,0,0,0,0,0,0
1889.883,9195369,0,0,0.0,0,0,0,0,0,0,0
1889.983,9195469,0,0,0.0,0,0,0,0,0,0,0
1890.083,9195569,0,0,0.0,0,0,0,0,0,0,0
1890.183,9195669,0,0,0.0,0,0,0,0,0,0,0
1890.284,9195769,0,0,0.0,0,0,0,0,0,0,0
1890.383,9195869,0,0,0.0,0,0,0,0,0,0,0
1890.484,9195969,0,0,0.0,0,0,0,0,0,0,0
1890.583,9196069,0,0,0.0,0,0,0,0,0,0,0
1890.683,9196169,0,0,0.0,0,0,0,0,0,0,0
1890.783,9196269,0,0,0.0,0,0,0,0,0,0,0
1890.896,9196381,0,0,0.0,0,0,0,0,0,0,0
1890.984,9196469,0,0,0.0,0,0,0,0,0,0,0
1891.084,9196569,0,0,0.0,0,0,0,0,0,0,0
1891.183,9196669,0,0,0.0,0,0,0,0,0,0,0
1891.283,9196769,0,0,0.0,0,0,0,0,0,0,0
1891.384,9196869,0,0,0.0,0,0,0,0,0,0,0
1891.483,9196969,0,0,0.0,0,0,0,0,0,0,0
1891.583,9197069,0,0,0.0,0,0,0,0,0,0,0
1891.683,9197169,0,0,0.0,0,0,0,0,0,0,0
1891.783,9197269,0,0,0.0,0,0,0,0,0,0,0
1891.883,9197369,0,0,0.0,0,0,0,0,0,0,0
1891.983,9197469,0,0,0.0,0,0,0,0,0,0,0
1892.083,9197569,0,0,0.0,0,0,0,0,0,0,0
1892.184,9197669,0,0,0.0,0,0,0,0,0,0,0
1892.283,9197769,0,0,0.0,0,0,0,0,0,0,0
1892.383,9197869,0,0,0.0,0,0,0,0,0,0,0
1892.483,9197969,0,0,0.0,0,0,0,0,0,0,0
1892.583,9198069,0,0,0.0,0,0,0,0,0,0,0
1892.683,9198169,0,0,0.0,0,0,0,0,0,0,0
1892.783,9198269,0,0,0.0,0,0,0,0,0,0,0
1892.896,9198381,0,0,0.0,0,0,0,0,0,0,0
1892.983,9198469,0,0,0.0,0,0,0,0,0,0,0
1893.083,9198569,0,0,0.0,0,0,0,0,0,0,0
1893.187,9198669,0,0,0.0,0,0,0,0,0,0,0
1893.283,9198769,0,0,0.0,0,0,0,0,0,0,0
1893.383,9198869,0,0,0.0,0,0,0,0,0,0,0
1893.484,9198969,0,0,0.0,0,0,0,0,0,0,0
1893.583,9199069,0,0,0.0,0,0,0,0,0,0,0
1893.684,9199169,0,0,0.0,0,0,0,0,0,0,0
1893.783,9199269,0,0,0.0,0,0,0,0,0,0,0
1893.883,9199369,0,0,0.0,0,0,0,0,0,0,0
1893.983,9199469,0,0,0.0,0,0,0,0,0,0,0
1894.083,9199569,0,0,0.0,0,0,0,0,0,0,0
1894.183,9199669,0,0,0.0,0,0,0,0,0,0,0
1894.283,9199769,0,0,0.0,0,0,0,0,0,0,0
1894.383,9199869,0,0,0.0,0,0,0,0,0,0,0
1894.483,9199969,0,0,0.0,0,0,0,0,0,0,0
1894.583,9200069,0,0,0.0,0,0,0,0,0,0,0
1894.683,9200169,0,0,0.0,0,0,0,0,0,0,0
1894.783,9200269,0,0,0.0,0,0,0,0,0,0,0
1894.897,9200381,0,0,0.0,0,0,0,0,0,0,0
1894.983,9200469,0,0,0.0,0,0,0,0,0,0,0
1895.083,9200569,0,0,0.0,0,0,0,0,0,0,0
1895.183,9200669,0,0,0.0,0,0,0,0,0,0,0
1895.283,9200769,0,0,0.0,0,0,0,0,0,0,0
1895.383,9200869,0,0,0.0,0,0,0,0,0,0,0
1895.483,9200969,0,0,0.0,0,0,0,0,0,0,0
1895.583,9201069,0,0,0.0,0,0,0,0,0,0,0
1895.683,9201169,0,0,0.0,0,0,0,0,0,0,0
1895.783,9201269,0,0,0.0,0,0,0,0,0,0,0
1895.883,9201369,0,0,0.0,0,0,0,0,0,0,0
1895.984,9201469,0,0,0.0,0,0,0,0,0,0,0
1896.083,9201569,0,0,0.0,0,0,0,0,0,0,0
1896.183,9201669,0,0,0.0,0,0,0,0,0,0,0
1896.284,9201769,0,0,0.0,0,0,0,0,0,0,0
1896.408,9201869,0,0,0.0,0,0,0,0,0,0,0
1896.483,9201969,0,0,0.0,0,0,0,0,0,0,0
1896.583,9202069,0,0,0.0,0,0,0,0,0,0,0
1896.683,9202169,0,0,0.0,0,0,0,0,0,0,0
1896.783,9202269,0,0,0.0,0,0,0,0,0,0,0
1896.895,9202381,0,0,0.0,0,0,0,0,0,0,0
1896.983,9202469,0,0,0.0,0,0,0,0,0,0,0
1897.083,9202569,0,0,0.0,0,0,0,0,0,0,0
1897.183,9202669,0,0,0.0,0,0,0,0,0,0,0
1897.283,9202769,0,0,0.0,0,0,0,0,0,0,0
1897.383,9202869,0,0,0.0,0,0,0,0,0,0,0
1897.483,9202969,0,0,0.0,0,0,0,0,0,0,0
1897.586,9203069,0,0,0.0,0,0,0,0,0,0,0
1897.683,9203169,0,0,0.0,0,0,0,0,0,0,0
1897.783,9203269,0,0,0.0,0,0,0,0,0,0,0
1897.883,9203369,0,0,0.0,0,0,0,0,0,0,0
1897.983,9203469,0,0,0.0,0,0,0,0,0,0,0
1898.083,9203569,0,0,0.0,0,0,0,0,0,0,0
1898.182,9203669,0,0,0.0,0,0,0,0,0,0,0
1898.283,9203769,0,0,0.0,0,0,0,0,0,0,0
1898.383,9203869,0,0,0.0,0,0,0,0,0,0,0
1898.482,9203969,0,0,0.0,0,0,0,0,0,0,0
1898.583,9204069,0,0,0.0,0,0,0,0,0,0,0
1898.683,9204169,0,0,0.0,0,0,0,0,0,0,0
1898.783,9204269,0,0,0.0,0,0,0,0,0,0,0
1898.895,9204381,0,0,0.0,0,0,0,0,0,0,0
1898.983,9204469,0,0,0.0,0,0,0,0,0,0,0
1899.083,9204569,0,0,0.0,0,0,0,0,0,0,0
1899.182,9204669,0,0,0.0,0,0,0,0,0,0,0
1899.282,9204769,0,0,0.0,0,0,0,0,0,0,0
1899.382,9204869,0,0,0.0,0,0,0,0,0,0,0
1899.483,9204969,0,0,0.0,0,0,0,0,0,0,0
1899.583,9205069,0,0,0.0,0,0,0,0,0,0,0
1899.682,9205169,0,0,0.0,0,0,0,0,0,0,0
1899.782,9205269,0,0,0.0,0,0,0,0,0,0,0
1899.883,9205369,0,0,0.0,0,0,0,0,0,0,0
1899.982,9205469,0,0,0.0,0,0,0,0,0,0,0
1900.087,9205569,0,0,0.0,0,0,0,0,0,0,0
1900.183,9205669,0,0,0.0,0,0,0,0,0,0,0
1900.283,9205769,0,0,0.0,0,0,0,0,0,0,0
1900.382,9205869,0,0,0.0,0,0,0,0,0,0,0
1900.483,9205969,0,0,0.0,0,0,0,0,0,0,0
1900.583,9206069,0,0,0.0,0,0,0,0,0,0,0
1900.689,9206169,0,0,0.0,0,0,0,0,0,0,0
1900.783,9206269,0,0,0.0,0,0,0,0,0,0,0
1900.896,9206381,0,0,0.0,0,0,0,0,0,0,0
1900.983,9206469,0,0,0.0,0,0,0,0,0,0,0
1901.083,9206569,0,0,0.0,0,0,0,0,0,0,0
1901.183,9206669,0,0,0.0,0,0,0,0,0,0,0
1901.282,9206769,0,0,0.0,0,0,0,0,0,0,0
1901.382,9206869,0,0,0.0,0,0,0,0,0,0,0
1901.483,9206969,0,0,0.0,0,0,0,0,0,0,0
1901.582,9207069,0,0,0.0,0,0,0,0,0,0,0
1901.683,9207169,0,0,0.0,0,0,0,0,0,0,0
1901.783,9207269,0,0,0.0,0,0,0,0,0,0,0
1901.883,9207369,0,0,0.0,0,0,0,0,0,0,0
1901.983,9207469,0,0,0.0,0,0,0,0,0,0,0
1902.082,9207569,0,0,0.0,0,0,0,0,0,0,0
1902.183,9207669,0,0,0.0,0,0,0,0,0,0,0
1902.284,9207769,0,0,0.0,0,0,0,0,0,0,0
1902.382,9207869,0,0,0.0,0,0,0,0,0,0,0
1902.483,9207969,0,0,0.0,0,0,0,0,0,0,0
1902.583,9208069,0,0,0.0,0,0,0,0,0,0,0
1902.683,9208169,0,0,0.0,0,0,0,0,0,0,0
1902.783,9208269,0,0,0.0,0,0,0,0,0,0,0
1902.895,9208381,0,0,0.0,0,0,0,0,0,0,0
1902.983,9208469,0,0,0.0,0,0,0,0,0,0,0
1903.082,9208569,0,0,0.0,0,0,0,0,0,0,0
1903.183,9208669,0,0,0.0,0,0,0,0,0,0,0
1903.283,9208769,0,0,0.0,0,0,0,0,0,0,0
1903.382,9208869,0,0,0.0,0,0,0,0,0,0,0
1903.483,9208969,0,0,0.0,0,0,0,0,0,0,0
1903.583,9209069,0,0,0.0,0,0,0,0,0,0,0
1903.685,9209169,0,0,0.0,0,0,0,0,0,0,0
1903.783,9209269,0,0,0.0,0,0,0,0,0,0,0
1903.882,9209369,0,0,0.0,0,0,0,0,0,0,0
1903.983,9209469,0,0,0.0,0,0,0,0,0,0,0
1904.083,9209569,0,0,0.0,0,0,0,0,0,0,0
1904.183,9209669,0,0,0.0,0,0,0,0,0,0,0
1904.282,9209769,0,0,0.0,0,0,0,0,0,0,0
1904.382,9209869,0,0,0.0,0,0,0,0,0,0,0
1904.482,9209969,0,0,0.0,0,0,0,0,0,0,0
1904.582,9210069,0,0,0.0,0,0,0,0,0,0,0
1904.683,9210169,0,0,0.0,0,0,0,0,0,0,0
1904.782,9210269,0,0,0.0,0,0,0,0,0,0,0
1904.896,9210381,0,0,0.0,0,0,0,0,0,0,0
1904.982,9210469,0,0,0.0,0,0,0,0,0,0,0
1905.082,9210569,0,0,0.0,0,0,0,0,0,0,0
1905.182,9210669,0,0,0.0,0,0,0,0,0,0,0
1905.283,9210769,0,0,0.0,0,0,0,0,0,0,0
1905.382,9210869,0,0,0.0,0,0,0,0,0,0,0
1905.483,9210969,0,0,0.0,0,0,0,0,0,0,0
1905.582,9211069,0,0,0.0,0,0,0,0,0,0,0
1905.683,9211169,0,0,0.0,0,0,0,0,0,0,0
1905.783,9211269,0,0,0.0,0,0,0,0,0,0,0
1905.882,9211369,0,0,0.0,0,0,0,0,0,0,0
1905.983,9211469,0,0,0.0,0,0,0,0,0,0,0
1906.083,9211569,0,0,0.0,0,0,0,0,0,0,0
1906.183,9211669,0,0,0.0,0,0,0,0,0,0,0
1906.282,9211769,0,0,0.0,0,0,0,0,0,0,0
1906.382,9211869,0,0,0.0,0,0,0,0,0,0,0
1906.483,9211969,0,0,0.0,0,0,0,0,0,0,0
1906.583,9212069,0,0,0.0,0,0,0,0,0,0,0
1906.683,9212169,0,0,0.0,0,0,0,0,0,0,0
1906.784,9212269,0,0,0.0,0,0,0,0,0,0,0
1906.895,9212381,0,0,0.0,0,0,0,0,0,0,0
1906.983,9212469,0,0,0.0,0,0,0,0,0,0,0
1907.082,9212569,0,0,0.0,0,0,0,0,0,0,0
1907.182,9212669,0,0,0.0,0,0,0,0,0,0,0
1907.283,9212769,0,0,0.0,0,0,0,0,0,0,0
1907.383,9212869,0,0,0.0,0,0,0,0,0,0,0
1907.482,9212969,0,0,0.0,0,0,0,0,0,0,0
1907.582,9213069,0,0,0.0,0,0,0,0,0,0,0
1907.682,9213169,0,0,0.0,0,0,0,0,0,0,0
1907.787,9213269,0,0,0.0,0,0,0,0,0,0,0
1907.882,9213369,0,0,0.0,0,0,0,0,0,0,0
1907.982,9213469,0,0,0.0,0,0,0,0,0,0,0
1908.082,9213569,0,0,0.0,0,0,0,0,0,0,0
1908.183,9213669,0,0,0.0,0,0,0,0,0,0,0
1908.283,9213769,0,0,0.0,0,0,0,0,0,0,0
1908.382,9213869,0,0,0.0,0,0,0,0,0,0,0
1908.483,9213969,0,0,0.0,0,0,0,0,0,0,0
1908.582,9214069,0,0,0.0,0,0,0,0,0,0,0
1908.682,9214169,0,0,0.0,0,0,0,0,0,0,0
1908.783,9214269,0,0,0.0,0,0,0,0,0,0,0
1908.894,9214381,0,0,0.0,0,0,0,0,0,0,0
1908.982,9214469,0,0,0.0,0,0,0,0,0,0,0
1909.082,9214569,0,0,0.0,0,0,0,0,0,0,0
1909.182,9214669,0,0,0.0,0,0,0,0,0,0,0
1909.282,9214769,0,0,0.0,0,0,0,0,0,0,0
1909.382,9214869,0,0,0.0,0,0,0,0,0,0,0
1909.482,9214969,0,0,0.0,0,0,0,0,0,0,0
1909.584,9215069,0,0,0.0,0,0,0,0,0,0,0
1909.682,9215169,0,0,0.0,0,0,0,0,0,0,0
1909.782,9215269,0,0,0.0,0,0,0,0,0,0,0
1909.882,9215369,0,0,0.0,0,0,0,0,0,0,0
1909.982,9215469,0,0,0.0,0,0,0,0,0,0,0
1910.083,9215569,0,0,0.0,0,0,0,0,0,0,0
1910.182,9215669,0,0,0.0,0,0,0,0,0,0,0
1910.282,9215769,0,0,0.0,0,0,0,0,0,0,0
1910.382,9215869,0,0,0.0,0,0,0,0,0,0,0
1910.486,9215969,0,0,0.0,0,0,0,0,0,0,0
1910.582,9216069,0,0,0.0,0,0,0,0,0,0,0
1910.683,9216169,0,0,0.0,0,0,0,0,0,0,0
1910.782,9216269,0,0,0.0,0,0,0,0,0,0,0
1910.895,9216381,0,0,0.0,0,0,0,0,0,0,0
1910.984,9216469,0,0,0.0,0,0,0,0,0,0,0
1911.082,9216569,0,0,0.0,0,0,0,0,0,0,0
1911.183,9216669,0,0,0.0,0,0,0,0,0,0,0
1911.282,9216769,0,0,0.0,0,0,0,0,0,0,0
1911.382,9216869,0,0,0.0,0,0,0,0,0,0,0
1911.482,9216969,0,0,0.0,0,0,0,0,0,0,0
1911.582,9217069,0,0,0.0,0,0,0,0,0,0,0
1911.682,9217169,0,0,0.0,0,0,0,0,0,0,0
1911.782,9217269,0,0,0.0,0,0,0,0,0,0,0
1911.883,9217369,0,0,0.0,0,0,0,0,0,0,0
1911.982,9217469,0,0,0.0,0,0,0,0,0,0,0
1912.082,9217569,0,0,0.0,0,0,0,0,0,0,0
1912.182,9217669,0,0,0.0,0,0,0,0,0,0,0
1912.287,9217769,0,0,0.0,0,0,0,0,0,0,0
1912.382,9217869,0,0,0.0,0,0,0,0,0,0,0
1912.482,9217969,0,0,0.0,0,0,0,0,0,0,0
1912.582,9218069,0,0,0.0,0,0,0,0,0,0,0
1912.682,9218169,0,0,0.0,0,0,0,0,0,0,0
1912.782,9218269,0,0,0.0,0,0,0,0,0,0,0
1912.895,9218381,0,0,0.0,0,0,0,0,0,0,0
1912.982,9218469,0,0,0.0,0,0,0,0,0,0,0
1913.082,9218569,0,0,0.0,0,0,0,0,0,0,0
1913.182,9218669,0,0,0.0,0,0,0,0,0,0,0
1913.282,9218769,0,0,0.0,0,0,0,0,0,0,0
1913.381,9218869,0,0,0.0,0,0,0,0,0,0,0
1913.482,9218969,0,0,0.0,0,0,0,0,0,0,0
1913.582,9219069,0,0,0.0,0,0,0,0,0,0,0
1913.682,9219169,0,0,0.0,0,0,0,0,0,0,0
1913.782,9219269,0,0,0.0,0,0,0,0,0,0,0
1913.882,9219369,0,0,0.0,0,0,0,0,0,0,0
1913.982,9219469,0,0,0.0,0,0,0,0,0,0,0
1914.082,9219569,0,0,0.0,0,0,0,0,0,0,0
1914.182,9219669,0,0,0.0,0,0,0,0,0,0,0
1914.282,9219769,0,0,0.0,0,0,0,0,0,0,0
1914.382,9219869,0,0,0.0,0,0,0,0,0,0,0
1914.482,9219969,0,0,0.0,0,0,0,0,0,0,0
1914.582,9220069,0,0,0.0,0,0,0,0,0,0,0
1914.682,9220169,0,0,0.0,0,0,0,0,0,0,0
1914.782,9220269,0,0,0.0,0,0,0,0,0,0,0
1914.894,9220381,0,0,0.0,0,0,0,0,0,0,0
1914.982,9220469,0,0,0.0,0,0,0,0,0,0,0
1915.082,9220569,0,0,0.0,0,0,0,0,0,0,0
1915.182,9220669,0,0,0.0,0,0,0,0,0,0,0
1915.282,9220769,0,0,0.0,0,0,0,0,0,0,0
1915.382,9220869,0,0,0.0,0,0,0,0,0,0,0
1915.482,9220969,0,0,0.0,0,0,0,0,0,0,0
1915.582,9221069,0,0,0.0,0,0,0,0,0,0,0
1915.682,9221169,0,0,0.0,0,0,0,0,0,0,0
1915.782,9221269,0,0,0.0,0,0,0,0,0,0,0
1915.882,9221369,0,0,0.0,0,0,0,0,0,0,0
1915.982,9221469,0,0,0.0,0,0,0,0,0,0,0
1916.082,9221569,0,0,0.0,0,0,0,0,0,0,0
1916.182,9221669,0,0,0.0,0,0,0,0,0,0,0
1916.282,9221769,0,0,0.0,0,0,0,0,0,0,0
1916.382,9221869,0,0,0.0,0,0,0,0,0,0,0
1916.482,9221969,0,0,0.0,0,0,0,0,0,0,0
1916.582,9222069,0,0,0.0,0,0,0,0,0,0,0
1916.682,9222169,0,0,0.0,0,0,0,0,0,0,0
1916.782,9222269,0,0,0.0,0,0,0,0,0,0,0
1916.895,9222381,0,0,0.0,0,0,0,0,0,0,0
1916.982,9222469,0,0,0.0,0,0,0,0,0,0,0
1917.081,9222569,0,0,0.0,0,0,0,0,0,0,0
1917.182,9222669,0,0,0.0,0,0,0,0,0,0,0
1917.282,9222769,0,0,0.0,0,0,0,0,0,0,0
1917.382,9222869,0,0,0.0,0,0,0,0,0,0,0
1917.482,9222969,0,0,0.0,0,0,0,0,0,0,0
1917.582,9223069,0,0,0.0,0,0,0,0,0,0,0
1917.682,9223169,0,0,0.0,0,0,0,0,0,0,0
1917.782,9223269,0,0,0.0,0,0,0,0,0,0,0
1917.882,9223369,0,0,0.0,0,0,0,0,0,0,0
1917.982,9223469,0,0,0.0,0,0,0,0,0,0,0
1918.082,9223569,0,0,0.0,0,0,0,0,0,0,0
1918.182,9223669,0,0,0.0,0,0,0,0,0,0,0
1918.282,9223769,0,0,0.0,0,0,0,0,0,0,0
1918.382,9223869,0,0,0.0,0,0,0,0,0,0,0
1918.483,9223969,0,0,0.0,0,0,0,0,0,0,0
1918.582,9224069,0,0,0.0,0,0,0,0,0,0,0
1918.682,9224169,0,0,0.0,0,0,0,0,0,0,0
1918.782,9224269,0,0,0.0,0,0,0,0,0,0,0
1918.895,9224381,0,0,0.0,0,0,0,0,0,0,0
1918.982,9224469,0,0,0.0,0,0,0,0,0,0,0
1919.081,9224569,0,0,0.0,0,0,0,0,0,0,0
1919.183,9224669,0,0,0.0,0,0,0,0,0,0,0
1919.281,9224769,0,0,0.0,0,0,0,0,0,0,0
1919.381,9224869,0,0,0.0,0,0,0,0,0,0,0
1919.481,9224969,0,0,0.0,0,0,0,0,0,0,0
1919.583,9225069,0,0,0.0,0,0,0,0,0,0,0
1919.682,9225169,0,0,0.0,0,0,0,0,0,0,0
1919.782,9225269,0,0,0.0,0,0,0,0,0,0,0
1919.891,9225369,0,0,0.0,0,0,0,0,0,0,0
1919.981,9225469,0,0,0.0,0,0,0,0,0,0,0
1920.082,9225569,0,0,0.0,0,0,0,0,0,0,0
1920.182,9225669,0,0,0.0,0,0,0,0,0,0,0
1920.281,9225769,0,0,0.0,0,0,0,0,0,0,0
1920.381,9225869,0,0,0.0,0,0,0,0,0,0,0
1920.481,9225969,0,0,0.0,0,0,0,0,0,0,0
1920.582,9226069,0,0,0.0,0,0,0,0,0,0,0
1920.681,9226169,0,0,0.0,0,0,0,0,0,0,0
1920.782,9226269,0,0,0.0,0,0,0,0,0,0,0
1920.894,9226381,0,0,0.0,0,0,0,0,0,0,0
1920.982,9226469,0,0,0.0,0,0,0,0,0,0,0
1921.082,9226569,0,0,0.0,0,0,0,0,0,0,0
1921.182,9226669,0,0,0.0,0,0,0,0,0,0,0
1921.281,9226769,0,0,0.0,0,0,0,0,0,0,0
1921.382,9226869,0,0,0.0,0,0,0,0,0,0,0
1921.482,9226969,0,0,0.0,0,0,0,0,0,0,0
1921.582,9227069,0,0,0.0,0,0,0,0,0,0,0
1921.682,9227169,0,0,0.0,0,0,0,0,0,0,0
1921.782,9227269,0,0,0.0,0,0,0,0,0,0,0
1921.881,9227369,0,0,0.0,0,0,0,0,0,0,0
1921.982,9227469,0,0,0.0,0,0,0,0,0,0,0
1922.082,9227569,0,0,0.0,0,0,0,0,0,0,0
1922.183,9227669,0,0,0.0,0,0,0,0,0,0,0
1922.281,9227769,0,0,0.0,0,0,0,0,0,0,0
1922.381,9227869,0,0,0.0,0,0,0,0,0,0,0
1922.481,9227969,0,0,0.0,0,0,0,0,0,0,0
1922.581,9228069,0,0,0.0,0,0,0,0,0,0,0
1922.682,9228169,0,0,0.0,0,0,0,0,0,0,0
1922.781,9228269,0,0,0.0,0,0,0,0,0,0,0
1922.895,9228381,0,0,0.0,0,0,0,0,0,0,0
1922.981,9228469,0,0,0.0,0,0,0,0,0,0,0
1923.082,9228569,0,0,0.0,0,0,0,0,0,0,0
1923.181,9228669,0,0,0.0,0,0,0,0,0,0,0
1923.281,9228769,0,0,0.0,0,0,0,0,0,0,0
1923.382,9228869,0,0,0.0,0,0,0,0,0,0,0
1923.481,9228969,0,0,0.0,0,0,0,0,0,0,0
1923.581,9229069,0,0,0.0,0,0,0,0,0,0,0
1923.681,9229169,0,0,0.0,0,0,0,0,0,0,0
1923.781,9229269,0,0,0.0,0,0,0,0,0,0,0
1923.881,9229369,0,0,0.0,0,0,0,0,0,0,0
1923.983,9229469,0,0,0.0,0,0,0,0,0,0,0
1924.082,9229569,0,0,0.0,0,0,0,0,0,0,0
1924.181,9229669,0,0,0.0,0,0,0,0,0,0,0
1924.281,9229769,0,0,0.0,0,0,0,0,0,0,0
1924.381,9229869,0,0,0.0,0,0,0,0,0,0,0
1924.481,9229969,0,0,0.0,0,0,0,0,0,0,0
1924.581,9230069,0,0,0.0,0,0,0,0,0,0,0
1924.681,9230169,0,0,0.0,0,0,0,0,0,0,0
1924.781,9230269,0,0,0.0,0,0,0,0,0,0,0
1924.895,9230381,0,0,0.0,0,0,0,0,0,0,0
1924.981,9230469,0,0,0.0,0,0,0,0,0,0,0
1925.081,9230569,0,0,0.0,0,0,0,0,0,0,0
1925.181,9230669,0,0,0.0,0,0,0,0,0,0,0
1925.281,9230769,0,0,0.0,0,0,0,0,0,0,0
1925.381,9230869,0,0,0.0,0,0,0,0,0,0,0
1925.481,9230969,0,0,0.0,0,0,0,0,0,0,0
1925.581,9231069,0,0,0.0,0,0,0,0,0,0,0
1925.682,9231169,0,0,0.0,0,0,0,0,0,0,0
1925.783,9231269,0,0,0.0,0,0,0,0,0,0,0
1925.881,9231369,0,0,0.0,0,0,0,0,0,0,0
1925.981,9231469,0,0,0.0,0,0,0,0,0,0,0
1926.081,9231569,0,0,0.0,0,0,0,0,0,0,0
1926.183,9231669,0,0,0.0,0,0,0,0,0,0,0
1926.281,9231769,0,0,0.0,0,0,0,0,0,0,0
1926.381,9231869,0,0,0.0,0,0,0,0,0,0,0
1926.481,9231969,0,0,0.0,0,0,0,0,0,0,0
1926.581,9232069,0,0,0.0,0,0,0,0,0,0,0
1926.681,9232169,0,0,0.0,0,0,0,0,0,0,0
1926.781,9232269,0,0,0.0,0,0,0,0,0,0,0
1926.894,9232381,0,0,0.0,0,0,0,0,0,0,0
1926.981,9232469,0,0,0.0,0,0,0,0,0,0,0
1927.081,9232569,0,0,0.0,0,0,0,0,0,0,0
1927.181,9232669,0,0,0.0,0,0,0,0,0,0,0
1927.281,9232769,0,0,0.0,0,0,0,0,0,0,0
1927.382,9232869,0,0,0.0,0,0,0,0,0,0,0
1927.481,9232969,0,0,0.0,0,0,0,0,0,0,0
1927.582,9233069,0,0,0.0,0,0,0,0,0,0,0
1927.681,9233169,0,0,0.0,0,0,0,0,0,0,0
1927.781,9233269,0,0,0.0,0,0,0,0,0,0,0
1927.881,9233369,0,0,0.0,0,0,0,0,0,0,0
1927.981,9233469,0,0,0.0,0,0,0,0,0,0,0
1928.082,9233569,0,0,0.0,0,0,0,0,0,0,0
1928.182,9233669,0,0,0.0,0,0,0,0,0,0,0
1928.283,9233769,0,0,0.0,0,0,0,0,0,0,0
1928.381,9233869,0,0,0.0,0,0,0,0,0,0,0
1928.481,9233969,0,0,0.0,0,0,0,0,0,0,0
1928.582,9234069,0,0,0.0,0,0,0,0,0,0,0
1928.683,9234169,0,0,0.0,0,0,0,0,0,0,0
1928.783,9234269,0,0,0.0,0,0,0,0,0,0,0
1928.895,9234381,0,0,0.0,0,0,0,0,0,0,0
1928.981,9234469,0,0,0.0,0,0,0,0,0,0,0
1929.081,9234569,0,0,0.0,0,0,0,0,0,0,0
1929.181,9234669,0,0,0.0,0,0,0,0,0,0,0
1929.281,9234769,0,0,0.0,0,0,0,0,0,0,0
1929.381,9234869,0,0,0.0,0,0,0,0,0,0,0
1929.481,9234969,0,0,0.0,0,0,0,0,0,0,0
1929.581,9235069,0,0,0.0,0,0,0,0,0,0,0
1929.682,9235169,0,0,0.0,0,0,0,0,0,0,0
1929.782,9235269,0,0,0.0,0,0,0,0,0,0,0
1929.881,9235369,0,0,0.0,0,0,0,0,0,0,0
1929.981,9235469,0,0,0.0,0,0,0,0,0,0,0
1930.081,9235569,0,0,0.0,0,0,0,0,0,0,0
1930.181,9235669,0,0,0.0,0,0,0,0,0,0,0
1930.281,9235769,0,0,0.0,0,0,0,0,0,0,0
1930.381,9235869,0,0,0.0,0,0,0,0,0,0,0
1930.481,9235969,0,0,0.0,0,0,0,0,0,0,0
1930.581,9236069,0,0,0.0,0,0,0,0,0,0,0
1930.681,9236169,0,0,0.0,0,0,0,0,0,0,0
1930.785,9236269,0,0,0.0,0,0,0,0,0,0,0
1930.894,9236381,0,0,0.0,0,0,0,0,0,0,0
1930.982,9236469,0,0,0.0,0,0,0,0,0,0,0
1931.081,9236569,0,0,0.0,0,0,0,0,0,0,0
1931.183,9236669,0,0,0.0,0,0,0,0,0,0,0
1931.281,9236769,0,0,0.0,0,0,0,0,0,0,0
1931.381,9236869,0,0,0.0,0,0,0,0,0,0,0
1931.481,9236969,0,0,0.0,0,0,0,0,0,0,0
1931.580,9237069,0,0,0.0,0,0,0,0,0,0,0
1931.681,9237169,0,0,0.0,0,0,0,0,0,0,0
1931.781,9237269,0,0,0.0,0,0,0,0,0,0,0
1931.881,9237369,0,0,0.0,0,0,0,0,0,0,0
1931.981,9237469,0,0,0.0,0,0,0,0,0,0,0
1932.081,9237569,0,0,0.0,0,0,0,0,0,0,0
1932.181,9237669,0,0,0.0,0,0,0,0,0,0,0
1932.281,9237769,0,0,0.0,0,0,0,0,0,0,0
1932.381,9237869,0,0,0.0,0,0,0,0,0,0,0
1932.481,9237969,0,0,0.0,0,0,0,0,0,0,0
1932.581,9238069,0,0,0.0,0,0,0,0,0,0,0
1932.681,9238169,0,0,0.0,0,0,0,0,0,0,0
1932.781,9238269,0,0,0.0,0,0,0,0,0,0,0
1932.895,9238381,0,0,0.0,0,0,0,0,0,0,0
1932.981,9238469,0,0,0.0,0,0,0,0,0,0,0
1933.081,9238569,0,0,0.0,0,0,0,0,0,0,0
1933.181,9238669,0,0,0.0,0,0,0,0,0,0,0
1933.280,9238769,0,0,0.0,0,0,0,0,0,0,0
1933.381,9238869,0,0,0.0,0,0,0,0,0,0,0
1933.481,9238969,0,0,0.0,0,0,0,0,0,0,0
1933.581,9239069,0,0,0.0,0,0,0,0,0,0,0
1933.683,9239169,0,0,0.0,0,0,0,0,0,0,0
1933.788,9239269,0,0,0.0,0,0,0,0,0,0,0
1933.883,9239369,0,0,0.0,0,0,0,0,0,0,0
1933.980,9239469,0,0,0.0,0,0,0,0,0,0,0
1934.081,9239569,0,0,0.0,0,0,0,0,0,0,0
1934.181,9239669,0,0,0.0,0,0,0,0,0,0,0
1934.281,9239769,0,0,0.0,0,0,0,0,0,0,0
1934.380,9239869,0,0,0.0,0,0,0,0,0,0,0
1934.481,9239969,0,0,0.0,0,0,0,0,0,0,0
1934.580,9240069,0,0,0.0,0,0,0,0,0,0,0
1934.681,9240169,0,0,0.0,0,0,0,0,0,0,0
1934.781,9240269,0,0,0.0,0,0,0,0,0,0,0
1934.895,9240381,0,0,0.0,0,0,0,0,0,0,0
1934.981,9240469,0,0,0.0,0,0,0,0,0,0,0
1935.081,9240569,0,0,0.0,0,0,0,0,0,0,0
1935.181,9240669,0,0,0.0,0,0,0,0,0,0,0
1935.281,9240769,0,0,0.0,0,0,0,0,0,0,0
1935.381,9240869,0,0,0.0,0,0,0,0,0,0,0
1935.481,9240969,0,0,0.0,0,0,0,0,0,0,0
1935.581,9241069,0,0,0.0,0,0,0,0,0,0,0
1935.682,9241169,0,0,0.0,0,0,0,0,0,0,0
1935.781,9241269,0,0,0.0,0,0,0,0,0,0,0
1935.881,9241369,0,0,0.0,0,0,0,0,0,0,0
1935.980,9241469,0,0,0.0,0,0,0,0,0,0,0
1936.080,9241569,0,0,0.0,0,0,0,0,0,0,0
1936.180,9241669,0,0,0.0,0,0,0,0,0,0,0
1936.281,9241769,0,0,0.0,0,0,0,0,0,0,0
1936.381,9241869,0,0,0.0,0,0,0,0,0,0,0
1936.480,9241969,0,0,0.0,0,0,0,0,0,0,0
1936.580,9242069,0,0,0.0,0,0,0,0,0,0,0
1936.680,9242169,0,0,0.0,0,0,0,0,0,0,0
1936.781,9242269,0,0,0.0,0,0,0,0,0,0,0
1936.893,9242381,0,0,0.0,0,0,0,0,0,0,0
1936.981,9242469,0,0,0.0,0,0,0,0,0,0,0
1937.081,9242569,0,0,0.0,0,0,0,0,0,0,0
1937.180,9242669,0,0,0.0,0,0,0,0,0,0,0
1937.281,9242769,0,0,0.0,0,0,0,0,0,0,0
1937.380,9242869,0,0,0.0,0,0,0,0,0,0,0
1937.481,9242969,0,0,0.0,0,0,0,0,0,0,0
1937.581,9243069,0,0,0.0,0,0,0,0,0,0,0
1937.681,9243169,0,0,0.0,0,0,0,0,0,0,0
1937.782,9243269,0,0,0.0,0,0,0,0,0,0,0
1937.880,9243369,0,0,0.0,0,0,0,0,0,0,0
1937.980,9243469,0,0,0.0,0,0,0,0,0,0,0
1938.080,9243569,0,0,0.0,0,0,0,0,0,0,0
1938.181,9243669,0,0,0.0,0,0,0,0,0,0,0
1938.281,9243769,0,0,0.0,0,0,0,0,0,0,0
1938.380,9243869,0,0,0.0,0,0,0,0,0,0,0
1938.482,9243969,0,0,0.0,0,0,0,0,0,0,0
1938.580,9244069,0,0,0.0,0,0,0,0,0,0,0
1938.680,9244169,0,0,0.0,0,0,0,0,0,0,0
1938.781,9244269,0,0,0.0,0,0,0,0,0,0,0
1938.894,9244381,0,0,0.0,0,0,0,0,0,0,0
1938.980,9244469,0,0,0.0,0,0,0,0,0,0,0
1939.081,9244569,0,0,0.0,0,0,0,0,0,0,0
1939.181,9244669,0,0,0.0,0,0,0,0,0,0,0
1939.280,9244769,0,0,0.0,0,0,0,0,0,0,0
1939.380,9244869,0,0,0.0,0,0,0,0,0,0,0
1939.481,9244969,0,0,0.0,0,0,0,0,0,0,0
1939.580,9245069,0,0,0.0,0,0,0,0,0,0,0
1939.680,9245169,0,0,0.0,0,0,0,0,0,0,0
1939.780,9245269,0,0,0.0,0,0,0,0,0,0,0
1939.880,9245369,0,0,0.0,0,0,0,0,0,0,0
1939.981,9245469,0,0,0.0,0,0,0,0,0,0,0
1940.080,9245569,0,0,0.0,0,0,0,0,0,0,0
1940.180,9245669,0,0,0.0,0,0,0,0,0,0,0
1940.280,9245769,0,0,0.0,0,0,0,0,0,0,0
1940.380,9245869,0,0,0.0,0,0,0,0,0,0,0
1940.481,9245969,0,0,0.0,0,0,0,0,0,0,0
1940.581,9246069,0,0,0.0,0,0,0,0,0,0,0
1940.681,9246169,0,0,0.0,0,0,0,0,0,0,0
1940.781,9246269,0,0,0.0,0,0,0,0,0,0,0
1940.895,9246381,0,0,0.0,0,0,0,0,0,0,0
1940.980,9246469,0,0,0.0,0,0,0,0,0,0,0
1941.080,9246569,0,0,0.0,0,0,0,0,0,0,0
1941.180,9246669,0,0,0.0,0,0,0,0,0,0,0
1941.280,9246769,0,0,0.0,0,0,0,0,0,0,0
1941.380,9246869,0,0,0.0,0,0,0,0,0,0,0
1941.480,9246969,0,0,0.0,0,0,0,0,0,0,0
1941.586,9247069,0,0,0.0,0,0,0,0,0,0,0
1941.680,9247169,0,0,0.0,0,0,0,0,0,0,0
1941.780,9247269,0,0,0.0,0,0,0,0,0,0,0
1941.880,9247369,0,0,0.0,0,0,0,0,0,0,0
1941.980,9247469,0,0,0.0,0,0,0,0,0,0,0
1942.080,9247569,0,0,0.0,0,0,0,0,0,0,0
1942.180,9247669,0,0,0.0,0,0,0,0,0,0,0
1942.280,9247769,0,0,0.0,0,0,0,0,0,0,0
1942.380,9247869,0,0,0.0,0,0,0,0,0,0,0
1942.481,9247969,0,0,0.0,0,0,0,0,0,0,0
1942.580,9248069,0,0,0.0,0,0,0,0,0,0,0
1942.680,9248169,0,0,0.0,0,0,0,0,0,0,0
1942.781,9248269,0,0,0.0,0,0,0,0,0,0,0
1942.893,9248381,0,0,0.0,0,0,0,0,0,0,0
1942.980,9248469,0,0,0.0,0,0,0,0,0,0,0
1943.080,9248569,0,0,0.0,0,0,0,0,0,0,0
1943.181,9248669,0,0,0.0,0,0,0,0,0,0,0
1943.280,9248769,0,0,0.0,0,0,0,0,0,0,0
1943.380,9248869,0,0,0.0,0,0,0,0,0,0,0
1943.480,9248969,0,0,0.0,0,0,0,0,0,0,0
1943.580,9249069,0,0,0.0,0,0,0,0,0,0,0
1943.680,9249169,0,0,0.0,0,0,0,0,0,0,0
1943.780,9249269,0,0,0.0,0,0,0,0,0,0,0
1943.880,9249369,0,0,0.0,0,0,0,0,0,0,0
1943.980,9249469,0,0,0.0,0,0,0,0,0,0,0
1944.080,9249569,0,0,0.0,0,0,0,0,0,0,0
1944.180,9249669,0,0,0.0,0,0,0,0,0,0,0
1944.280,9249769,0,0,0.0,0,0,0,0,0,0,0
1944.380,9249869,0,0,0.0,0,0,0,0,0,0,0
1944.480,9249969,0,0,0.0,0,0,0,0,0,0,0
1944.580,9250069,0,0,0.0,0,0,0,0,0,0,0
1944.680,9250169,0,0,0.0,0,0,0,0,0,0,0
1944.780,9250269,0,0,0.0,0,0,0,0,0,0,0
1944.893,9250381,0,0,0.0,0,0,0,0,0,0,0
1944.980,9250469,0,0,0.0,0,0,0,0,0,0,0
1945.080,9250569,0,0,0.0,0,0,0,0,0,0,0
1945.180,9250669,0,0,0.0,0,0,0,0,0,0,0
1945.280,9250769,0,0,0.0,0,0,0,0,0,0,0
1945.380,9250869,0,0,0.0,0,0,0,0,0,0,0
1945.480,9250969,0,0,0.0,0,0,0,0,0,0,0
1945.581,9251069,0,0,0.0,0,0,0,0,0,0,0
1945.680,9251169,0,0,0.0,0,0,0,0,0,0,0
1945.780,9251269,0,0,0.0,0,0,0,0,0,0,0
1945.880,9251369,0,0,0.0,0,0,0,0,0,0,0
1945.980,9251469,0,0,0.0,0,0,0,0,0,0,0
1946.080,9251569,0,0,0.0,0,0,0,0,0,0,0
1946.180,9251669,0,0,0.0,0,0,0,0,0,0,0
1946.280,9251769,0,0,0.0,0,0,0,0,0,0,0
1946.380,9251869,0,0,0.0,0,0,0,0,0,0,0
1946.480,9251969,0,0,0.0,0,0,0,0,0,0,0
1946.580,9252069,0,0,0.0,0,0,0,0,0,0,0
1946.680,9252169,0,0,0.0,0,0,0,0,0,0,0
1946.780,9252269,0,0,0.0,0,0,0,0,0,0,0
1946.893,9252381,0,0,0.0,0,0,0,0,0,0,0
1946.980,9252469,0,0,0.0,0,0,0,0,0,0,0
1947.080,9252569,0,0,0.0,0,0,0,0,0,0,0
1947.180,9252669,0,0,0.0,0,0,0,0,0,0,0
1947.280,9252769,0,0,0.0,0,0,0,0,0,0,0
1947.379,9252869,0,0,0.0,0,0,0,0,0,0,0
1947.480,9252969,0,0,0.0,0,0,0,0,0,0,0
1947.580,9253069,0,0,0.0,0,0,0,0,0,0,0
1947.680,9253169,0,0,0.0,0,0,0,0,0,0,0
1947.780,9253269,0,0,0.0,0,0,0,0,0,0,0
1947.880,9253369,0,0,0.0,0,0,0,0,0,0,0
1947.980,9253469,0,0,0.0,0,0,0,0,0,0,0
1948.079,9253569,0,0,0.0,0,0,0,0,0,0,0
1948.184,9253669,0,0,0.0,0,0,0,0,0,0,0
1948.280,9253769,0,0,0.0,0,0,0,0,0,0,0
1948.380,9253869,0,0,0.0,0,0,0,0,0,0,0
1948.480,9253969,0,0,0.0,0,0,0,0,0,0,0
1948.579,9254069,0,0,0.0,0,0,0,0,0,0,0
1948.680,9254169,0,0,0.0,0,0,0,0,0,0,0
1948.779,9254269,0,0,0.0,0,0,0,0,0,0,0
1948.892,9254381,0,0,0.0,0,0,0,0,0,0,0
1948.980,9254469,0,0,0.0,0,0,0,0,0,0,0
1949.079,9254569,0,0,0.0,0,0,0,0,0,0,0
1949.180,9254669,0,0,0.0,0,0,0,0,0,0,0
1949.280,9254769,0,0,0.0,0,0,0,0,0,0,0
1949.380,9254869,0,0,0.0,0,0,0,0,0,0,0
1949.480,9254969,0,0,0.0,0,0,0,0,0,0,0
1949.580,9255069,0,0,0.0,0,0,0,0,0,0,0
1949.680,9255169,0,0,0.0,0,0,0,0,0,0,0
1949.780,9255269,0,0,0.0,0,0,0,0,0,0,0
1949.880,9255369,0,0,0.0,0,0,0,0,0,0,0
1949.980,9255469,0,0,0.0,0,0,0,0,0,0,0
1950.080,9255569,0,0,0.0,0,0,0,0,0,0,0
1950.180,9255669,0,0,0.0,0,0,0,0,0,0,0
1950.279,9255769,0,0,0.0,0,0,0,0,0,0,0
1950.379,9255869,0,0,0.0,0,0,0,0,0,0,0
1950.480,9255969,0,0,0.0,0,0,0,0,0,0,0
1950.580,9256069,0,0,0.0,0,0,0,0,0,0,0
1950.680,9256169,0,0,0.0,0,0,0,0,0,0,0
1950.780,9256269,0,0,0.0,0,0,0,0,0,0,0
1950.893,9256381,0,0,0.0,0,0,0,0,0,0,0
1950.979,9256469,0,0,0.0,0,0,0,0,0,0,0
1951.080,9256569,0,0,0.0,0,0,0,0,0,0,0
1951.179,9256669,0,0,0.0,0,0,0,0,0,0,0
1951.280,9256769,0,0,0.0,0,0,0,0,0,0,0
1951.380,9256869,0,0,0.0,0,0,0,0,0,0,0
1951.480,9256969,0,0,0.0,0,0,0,0,0,0,0
1951.580,9257069,0,0,0.0,0,0,0,0,0,0,0
1951.680,9257169,0,0,0.0,0,0,0,0,0,0,0
1951.780,9257269,0,0,0.0,0,0,0,0,0,0,0
1951.880,9257369,0,0,0.0,0,0,0,0,0,0,0
1951.980,9257469,0,0,0.0,0,0,0,0,0,0,0
1952.080,9257569,0,0,0.0,0,0,0,0,0,0,0
1952.180,9257669,0,0,0.0,0,0,0,0,0,0,0
1952.279,9257769,0,0,0.0,0,0,0,0,0,0,0
1952.379,9257869,0,0,0.0,0,0,0,0,0,0,0
1952.480,9257969,0,0,0.0,0,0,0,0,0,0,0
1952.579,9258069,0,0,0.0,0,0,0,0,0,0,0
1952.679,9258169,0,0,0.0,0,0,0,0,0,0,0
1952.779,9258269,0,0,0.0,0,0,0,0,0,0,0
1952.892,9258381,0,0,0.0,0,0,0,0,0,0,0
1952.980,9258469,0,0,0.0,0,0,0,0,0,0,0
1953.079,9258569,0,0,0.0,0,0,0,0,0,0,0
1953.179,9258669,0,0,0.0,0,0,0,0,0,0,0
1953.279,9258769,0,0,0.0,0,0,0,0,0,0,0
1953.380,9258869,0,0,0.0,0,0,0,0,0,0,0
1953.480,9258969,0,0,0.0,0,0,0,0,0,0,0
1953.580,9259069,0,0,0.0,0,0,0,0,0,0,0
1953.679,9259169,0,0,0.0,0,0,0,0,0,0,0
1953.779,9259269,0,0,0.0,0,0,0,0,0,0,0
1953.879,9259369,0,0,0.0,0,0,0,0,0,0,0
1953.979,9259469,0,0,0.0,0,0,0,0,0,0,0
1954.079,9259569,0,0,0.0,0,0,0,0,0,0,0
1954.179,9259669,0,0,0.0,0,0,0,0,0,0,0
1954.280,9259769,0,0,0.0,0,0,0,0,0,0,0
1954.379,9259869,0,0,0.0,0,0,0,0,0,0,0
1954.479,9259969,0,0,0.0,0,0,0,0,0,0,0
1954.579,9260069,0,0,0.0,0,0,0,0,0,0,0
1954.679,9260169,0,0,0.0,0,0,0,0,0,0,0
1954.780,9260269,0,0,0.0,0,0,0,0,0,0,0
1954.892,9260381,0,0,0.0,0,0,0,0,0,0,0
1954.979,9260469,0,0,0.0,0,0,0,0,0,0,0
1955.079,9260569,0,0,0.0,0,0,0,0,0,0,0
1955.179,9260669,0,0,0.0,0,0,0,0,0,0,0
1955.279,9260769,0,0,0.0,0,0,0,0,0,0,0
1955.379,9260869,0,0,0.0,0,0,0,0,0,0,0
1955.479,9260969,0,0,0.0,0,0,0,0,0,0,0
1955.579,9261069,0,0,0.0,0,0,0,0,0,0,0
1955.679,9261169,0,0,0.0,0,0,0,0,0,0,0
1955.779,9261269,0,0,0.0,0,0,0,0,0,0,0
1955.879,9261369,0,0,0.0,0,0,0,0,0,0,0
1955.979,9261469,0,0,0.0,0,0,0,0,0,0,0
1956.079,9261569,0,0,0.0,0,0,0,0,0,0,0
1956.179,9261669,0,0,0.0,0,0,0,0,0,0,0
1956.279,9261769,0,0,0.0,0,0,0,0,0,0,0
1956.379,9261869,0,0,0.0,0,0,0,0,0,0,0
1956.479,9261969,0,0,0.0,0,0,0,0,0,0,0
1956.579,9262069,0,0,0.0,0,0,0,0,0,0,0
1956.679,9262169,0,0,0.0,0,0,0,0,0,0,0
1956.779,9262269,0,0,0.0,0,0,0,0,0,0,0
1956.891,9262381,0,0,0.0,0,0,0,0,0,0,0
1956.979,9262469,0,0,0.0,0,0,0,0,0,0,0
1957.079,9262569,0,0,0.0,0,0,0,0,0,0,0
1957.179,9262669,0,0,0.0,0,0,0,0,0,0,0
1957.279,9262769,0,0,0.0,0,0,0,0,0,0,0
1957.379,9262869,0,0,0.0,0,0,0,0,0,0,0
1957.479,9262969,0,0,0.0,0,0,0,0,0,0,0
1957.579,9263069,0,0,0.0,0,0,0,0,0,0,0
1957.679,9263169,0,0,0.0,0,0,0,0,0,0,0
1957.779,9263269,0,0,0.0,0,0,0,0,0,0,0
1957.879,9263369,0,0,0.0,0,0,0,0,0,0,0
1957.979,9263469,0,0,0.0,0,0,0,0,0,0,0
1958.079,9263569,0,0,0.0,0,0,0,0,0,0,0
1958.179,9263669,0,0,0.0,0,0,0,0,0,0,0
1958.279,9263769,0,0,0.0,0,0,0,0,0,0,0
1958.379,9263869,0,0,0.0,0,0,0,0,0,0,0
1958.479,9263969,0,0,0.0,0,0,0,0,0,0,0
1958.579,9264069,0,0,0.0,0,0,0,0,0,0,0
1958.679,9264169,0,0,0.0,0,0,0,0,0,0,0
1958.781,9264269,0,0,0.0,0,0,0,0,0,0,0
1958.892,9264381,0,0,0.0,0,0,0,0,0,0,0
1958.983,9264469,0,0,0.0,0,0,0,0,0,0,0
1959.079,9264569,0,0,0.0,0,0,0,0,0,0,0
1959.179,9264669,0,0,0.0,0,0,0,0,0,0,0
1959.279,9264769,0,0,0.0,0,0,0,0,0,0,0
1959.379,9264869,0,0,0.0,0,0,0,0,0,0,0
1959.479,9264969,0,0,0.0,0,0,0,0,0,0,0
1959.579,9265069,0,0,0.0,0,0,0,0,0,0,0
1959.679,9265169,0,0,0.0,0,0,0,0,0,0,0
1959.780,9265269,0,0,0.0,0,0,0,0,0,0,0
1959.879,9265369,0,0,0.0,0,0,0,0,0,0,0
1959.980,9265469,0,0,0.0,0,0,0,0,0,0,0
1960.079,9265569,0,0,0.0,0,0,0,0,0,0,0
1960.179,9265669,0,0,0.0,0,0,0,0,0,0,0
1960.279,9265769,0,0,0.0,0,0,0,0,0,0,0
1960.379,9265869,0,0,0.0,0,0,0,0,0,0,0
1960.479,9265969,0,0,0.0,0,0,0,0,0,0,0
1960.579,9266069,0,0,0.0,0,0,0,0,0,0,0
1960.679,9266169,0,0,0.0,0,0,0,0,0,0,0
1960.779,9266269,0,0,0.0,0,0,0,0,0,0,0
1960.892,9266381,0,0,0.0,0,0,0,0,0,0,0
1960.979,9266469,0,0,0.0,0,0,0,0,0,0,0
1961.079,9266569,0,0,0.0,0,0,0,0,0,0,0
1961.179,9266669,0,0,0.0,0,0,0,0,0,0,0
1961.279,9266769,0,0,0.0,0,0,0,0,0,0,0
1961.379,9266869,0,0,0.0,0,0,0,0,0,0,0
1961.479,9266969,0,0,0.0,0,0,0,0,0,0,0
1961.579,9267069,0,0,0.0,0,0,0,0,0,0,0
1961.679,9267169,0,0,0.0,0,0,0,0,0,0,0
1961.779,9267269,0,0,0.0,0,0,0,0,0,0,0
1961.879,9267369,0,0,0.0,0,0,0,0,0,0,0
1961.979,9267469,0,0,0.0,0,0,0,0,0,0,0
1962.079,9267569,0,0,0.0,0,0,0,0,0,0,0
1962.179,9267669,0,0,0.0,0,0,0,0,0,0,0
1962.279,9267769,0,0,0.0,0,0,0,0,0,0,0
1962.379,9267869,0,0,0.0,0,0,0,0,0,0,0
1962.479,9267969,0,0,0.0,0,0,0,0,0,0,0
1962.579,9268069,0,0,0.0,0,0,0,0,0,0,0
1962.679,9268169,0,0,0.0,0,0,0,0,0,0,0
1962.779,9268269,0,0,0.0,0,0,0,0,0,0,0
1962.891,9268381,0,0,0.0,0,0,0,0,0,0,0
1962.979,9268469,0,0,0.0,0,0,0,0,0,0,0
1963.079,9268569,0,0,0.0,0,0,0,0,0,0,0
1963.179,9268669,0,0,0.0,0,0,0,0,0,0,0
1963.279,9268769,0,0,0.0,0,0,0,0,0,0,0
1963.379,9268869,0,0,0.0,0,0,0,0,0,0,0
1963.479,9268969,0,0,0.0,0,0,0,0,0,0,0
1963.579,9269069,0,0,0.0,0,0,0,0,0,0,0
1963.679,9269169,0,0,0.0,0,0,0,0,0,0,0
1963.779,9269269,0,0,0.0,0,0,0,0,0,0,0
1963.878,9269369,0,0,0.0,0,0,0,0,0,0,0
1963.978,9269469,0,0,0.0,0,0,0,0,0,0,0
1964.078,9269569,0,0,0.0,0,0,0,0,0,0,0
1964.178,9269669,0,0,0.0,0,0,0,0,0,0,0
1964.279,9269769,0,0,0.0,0,0,0,0,0,0,0
1964.378,9269869,0,0,0.0,0,0,0,0,0,0,0
1964.479,9269969,0,0,0.0,0,0,0,0,0,0,0
1964.579,9270069,0,0,0.0,0,0,0,0,0,0,0
1964.680,9270169,0,0,0.0,0,0,0,0,0,0,0
1964.779,9270269,0,0,0.0,0,0,0,0,0,0,0
1964.892,9270381,0,0,0.0,0,0,0,0,0,0,0
1964.978,9270469,0,0,0.0,0,0,0,0,0,0,0
1965.079,9270569,0,0,0.0,0,0,0,0,0,0,0
1965.179,9270669,0,0,0.0,0,0,0,0,0,0,0
1965.279,9270769,0,0,0.0,0,0,0,0,0,0,0
1965.379,9270869,0,0,0.0,0,0,0,0,0,0,0
1965.478,9270969,0,0,0.0,0,0,0,0,0,0,0
1965.578,9271069,0,0,0.0,0,0,0,0,0,0,0
1965.678,9271169,0,0,0.0,0,0,0,0,0,0,0
1965.779,9271269,0,0,0.0,0,0,0,0,0,0,0
1965.879,9271369,0,0,0.0,0,0,0,0,0,0,0
1965.979,9271469,0,0,0.0,0,0,0,0,0,0,0
1966.078,9271569,0,0,0.0,0,0,0,0,0,0,0
1966.178,9271669,0,0,0.0,0,0,0,0,0,0,0
1966.279,9271769,0,0,0.0,0,0,0,0,0,0,0
1966.379,9271869,0,0,0.0,0,0,0,0,0,0,0
1966.479,9271969,0,0,0.0,0,0,0,0,0,0,0
1966.579,9272069,0,0,0.0,0,0,0,0,0,0,0
1966.679,9272169,0,0,0.0,0,0,0,0,0,0,0
1966.779,9272269,0,0,0.0,0,0,0,0,0,0,0
1966.892,9272381,0,0,0.0,0,0,0,0,0,0,0
1966.979,9272469,0,0,0.0,0,0,0,0,0,0,0
1967.078,9272569,0,0,0.0,0,0,0,0,0,0,0
1967.178,9272669,0,0,0.0,0,0,0,0,0,0,0
1967.278,9272769,0,0,0.0,0,0,0,0,0,0,0
1967.379,9272869,0,0,0.0,0,0,0,0,0,0,0
1967.479,9272969,0,0,0.0,0,0,0,0,0,0,0
1967.579,9273069,0,0,0.0,0,0,0,0,0,0,0
1967.679,9273169,0,0,0.0,0,0,0,0,0,0,0
1967.778,9273269,0,0,0.0,0,0,0,0,0,0,0
1967.878,9273369,0,0,0.0,0,0,0,0,0,0,0
1967.979,9273469,0,0,0.0,0,0,0,0,0,0,0
1968.078,9273569,0,0,0.0,0,0,0,0,0,0,0
1968.179,9273669,0,0,0.0,0,0,0,0,0,0,0
1968.280,9273769,0,0,0.0,0,0,0,0,0,0,0
1968.378,9273869,0,0,0.0,0,0,0,0,0,0,0
1968.480,9273969,0,0,0.0,0,0,0,0,0,0,0
1968.578,9274069,0,0,0.0,0,0,0,0,0,0,0
1968.678,9274169,0,0,0.0,0,0,0,0,0,0,0
1968.778,9274269,0,0,0.0,0,0,0,0,0,0,0
1968.891,9274381,0,0,0.0,0,0,0,0,0,0,0
1968.978,9274469,0,0,0.0,0,0,0,0,0,0,0
1969.078,9274569,0,0,0.0,0,0,0,0,0,0,0
1969.178,9274669,0,0,0.0,0,0,0,0,0,0,0
1969.278,9274769,0,0,0.0,0,0,0,0,0,0,0
1969.378,9274869,0,0,0.0,0,0,0,0,0,0,0
1969.478,9274969,0,0,0.0,0,0,0,0,0,0,0
1969.579,9275069,0,0,0.0,0,0,0,0,0,0,0
1969.679,9275169,0,0,0.0,0,0,0,0,0,0,0
1969.778,9275269,0,0,0.0,0,0,0,0,0,0,0
1969.878,9275369,0,0,0.0,0,0,0,0,0,0,0
1969.978,9275469,0,0,0.0,0,0,0,0,0,0,0
1970.079,9275569,0,0,0.0,0,0,0,0,0,0,0
1970.178,9275669,0,0,0.0,0,0,0,0,0,0,0
1970.278,9275769,0,0,0.0,0,0,0,0,0,0,0
1970.378,9275869,0,0,0.0,0,0,0,0,0,0,0
1970.478,9275969,0,0,0.0,0,0,0,0,0,0,0
1970.582,9276069,0,0,0.0,0,0,0,0,0,0,0
1970.678,9276169,0,0,0.0,0,0,0,0,0,0,0
1970.779,9276269,0,0,0.0,0,0,0,0,0,0,0
1970.892,9276381,0,0,0.0,0,0,0,0,0,0,0
1970.985,9276469,0,0,0.0,0,0,0,0,0,0,0
1971.078,9276569,0,0,0.0,0,0,0,0,0,0,0
1971.178,9276669,0,0,0.0,0,0,0,0,0,0,0
1971.278,9276769,0,0,0.0,0,0,0,0,0,0,0
1971.378,9276869,0,0,0.0,0,0,0,0,0,0,0
1971.478,9276969,0,0,0.0,0,0,0,0,0,0,0
1971.578,9277069,0,0,0.0,0,0,0,0,0,0,0
1971.678,9277169,0,0,0.0,0,0,0,0,0,0,0
1971.779,9277269,0,0,0.0,0,0,0,0,0,0,0
1971.878,9277369,0,0,0.0,0,0,0,0,0,0,0
1971.978,9277469,0,0,0.0,0,0,0,0,0,0,0
1972.078,9277569,0,0,0.0,0,0,0,0,0,0,0
1972.179,9277669,0,0,0.0,0,0,0,0,0,0,0
1972.279,9277769,0,0,0.0,0,0,0,0,0,0,0
1972.378,9277869,0,0,0.0,0,0,0,0,0,0,0
1972.478,9277969,0,0,0.0,0,0,0,0,0,0,0
1972.579,9278069,0,0,0.0,0,0,0,0,0,0,0
1972.679,9278169,0,0,0.0,0,0,0,0,0,0,0
1972.779,9278269,0,0,0.0,0,0,0,0,0,0,0
1972.892,9278381,0,0,0.0,0,0,0,0,0,0,0
1972.978,9278469,0,0,0.0,0,0,0,0,0,0,0
1973.079,9278569,0,0,0.0,0,0,0,0,0,0,0
1973.178,9278669,0,0,0.0,0,0,0,0,0,0,0
1973.278,9278769,0,0,0.0,0,0,0,0,0,0,0
1973.378,9278869,0,0,0.0,0,0,0,0,0,0,0
1973.478,9278969,0,0,0.0,0,0,0,0,0,0,0
1973.578,9279069,0,0,0.0,0,0,0,0,0,0,0
1973.679,9279169,0,0,0.0,0,0,0,0,0,0,0
1973.778,9279269,0,0,0.0,0,0,0,0,0,0,0
1973.878,9279369,0,0,0.0,0,0,0,0,0,0,0
1973.979,9279469,0,0,0.0,0,0,0,0,0,0,0
1974.079,9279569,0,0,0.0,0,0,0,0,0,0,0
1974.178,9279669,0,0,0.0,0,0,0,0,0,0,0
1974.278,9279769,0,0,0.0,0,0,0,0,0,0,0
1974.378,9279869,0,0,0.0,0,0,0,0,0,0,0
1974.480,9279969,0,0,0.0,0,0,0,0,0,0,0
1974.581,9280069,0,0,0.0,0,0,0,0,0,0,0
1974.678,9280169,0,0,0.0,0,0,0,0,0,0,0
1974.778,9280269,0,0,0.0,0,0,0,0,0,0,0
1974.892,9280381,0,0,0.0,0,0,0,0,0,0,0
1974.978,9280469,0,0,0.0,0,0,0,0,0,0,0
1975.078,9280569,0,0,0.0,0,0,0,0,0,0,0
1975.178,9280669,0,0,0.0,0,0,0,0,0,0,0
1975.278,9280769,0,0,0.0,0,0,0,0,0,0,0
1975.378,9280869,0,0,0.0,0,0,0,0,0,0,0
1975.478,9280969,0,0,0.0,0,0,0,0,0,0,0
1975.579,9281069,0,0,0.0,0,0,0,0,0,0,0
1975.678,9281169,0,0,0.0,0,0,0,0,0,0,0
1975.778,9281269,0,0,0.0,0,0,0,0,0,0,0
1975.878,9281369,0,0,0.0,0,0,0,0,0,0,0
1975.978,9281469,0,0,0.0,0,0,0,0,0,0,0
1976.079,9281569,0,0,0.0,0,0,0,0,0,0,0
1976.178,9281669,0,0,0.0,0,0,0,0,0,0,0
1976.280,9281769,0,0,0.0,0,0,0,0,0,0,0
1976.378,9281869,0,0,0.0,0,0,0,0,0,0,0
1976.478,9281969,0,0,0.0,0,0,0,0,0,0,0
1976.578,9282069,0,0,0.0,0,0,0,0,0,0,0
1976.678,9282169,0,0,0.0,0,0,0,0,0,0,0
1976.778,9282269,0,0,0.0,0,0,0,0,0,0,0
1976.891,9282381,0,0,0.0,0,0,0,0,0,0,0
1976.978,9282469,0,0,0.0,0,0,0,0,0,0,0
1977.078,9282569,0,0,0.0,0,0,0,0,0,0,0
1977.178,9282669,0,0,0.0,0,0,0,0,0,0,0
1977.278,9282769,0,0,0.0,0,0,0,0,0,0,0
1977.378,9282869,0,0,0.0,0,0,0,0,0,0,0
1977.479,9282969,0,0,0.0,0,0,0,0,0,0,0
1977.579,9283069,0,0,0.0,0,0,0,0,0,0,0
1977.678,9283169,0,0,0.0,0,0,0,0,0,0,0
1977.778,9283269,0,0,0.0,0,0,0,0,0,0,0
1977.878,9283369,0,0,0.0,0,0,0,0,0,0,0
1977.978,9283469,0,0,0.0,0,0,0,0,0,0,0
1978.078,9283569,0,0,0.0,0,0,0,0,0,0,0
1978.178,9283669,0,0,0.0,0,0,0,0,0,0,0
1978.278,9283769,0,0,0.0,0,0,0,0,0,0,0
1978.378,9283869,0,0,0.0,0,0,0,0,0,0,0
1978.478,9283969,0,0,0.0,0,0,0,0,0,0,0
1978.579,9284069,0,0,0.0,0,0,0,0,0,0,0
1978.678,9284169,0,0,0.0,0,0,0,0,0,0,0
1978.779,9284269,0,0,0.0,0,0,0,0,0,0,0
1978.891,9284381,0,0,0.0,0,0,0,0,0,0,0
1978.978,9284469,0,0,0.0,0,0,0,0,0,0,0
1979.078,9284569,0,0,0.0,0,0,0,0,0,0,0
1979.178,9284669,0,0,0.0,0,0,0,0,0,0,0
1979.278,9284769,0,0,0.0,0,0,0,0,0,0,0
1979.378,9284869,0,0,0.0,0,0,0,0,0,0,0
1979.479,9284969,0,0,0.0,0,0,0,0,0,0,0
1979.583,9285069,0,0,0.0,0,0,0,0,0,0,0
1979.680,9285169,0,0,0.0,0,0,0,0,0,0,0
1979.779,9285269,0,0,0.0,0,0,0,0,0,0,0
1979.878,9285369,0,0,0.0,0,0,0,0,0,0,0
1979.978,9285469,0,0,0.0,0,0,0,0,0,0,0
1980.077,9285569,0,0,0.0,0,0,0,0,0,0,0
1980.179,9285669,0,0,0.0,0,0,0,0,0,0,0
1980.278,9285769,0,0,0.0,0,0,0,0,0,0,0
1980.378,9285869,0,0,0.0,0,0,0,0,0,0,0
1980.479,9285969,0,0,0.0,0,0,0,0,0,0,0
1980.580,9286069,0,0,0.0,0,0,0,0,0,0,0
1980.679,9286169,0,0,0.0,0,0,0,0,0,0,0
1980.778,9286269,0,0,0.0,0,0,0,0,0,0,0
1980.891,9286381,0,0,0.0,0,0,0,0,0,0,0
1980.979,9286469,0,0,0.0,0,0,0,0,0,0,0
1981.080,9286569,0,0,0.0,0,0,0,0,0,0,0
1981.178,9286669,0,0,0.0,0,0,0,0,0,0,0
1981.281,9286769,0,0,0.0,0,0,0,0,0,0,0
1981.377,9286869,0,0,0.0,0,0,0,0,0,0,0
1981.479,9286969,0,0,0.0,0,0,0,0,0,0,0
1981.578,9287069,0,0,0.0,0,0,0,0,0,0,0
1981.679,9287169,0,0,0.0,0,0,0,0,0,0,0
1981.778,9287269,0,0,0.0,0,0,0,0,0,0,0
1981.878,9287369,0,0,0.0,0,0,0,0,0,0,0
1981.977,9287469,0,0,0.0,0,0,0,0,0,0,0
1982.077,9287569,0,0,0.0,0,0,0,0,0,0,0
1982.179,9287669,0,0,0.0,0,0,0,0,0,0,0
1982.279,9287769,0,0,0.0,0,0,0,0,0,0,0
1982.377,9287869,0,0,0.0,0,0,0,0,0,0,0
1982.478,9287969,0,0,0.0,0,0,0,0,0,0,0
1982.578,9288069,0,0,0.0,0,0,0,0,0,0,0
1982.680,9288169,0,0,0.0,0,0,0,0,0,0,0
1982.778,9288269,0,0,0.0,0,0,0,0,0,0,0
1982.891,9288381,0,0,0.0,0,0,0,0,0,0,0
1982.978,9288469,0,0,0.0,0,0,0,0,0,0,0
1983.077,9288569,0,0,0.0,0,0,0,0,0,0,0
1983.179,9288669,0,0,0.0,0,0,0,0,0,0,0
1983.278,9288769,0,0,0.0,0,0,0,0,0,0,0
1983.377,9288869,0,0,0.0,0,0,0,0,0,0,0
1983.479,9288969,0,0,0.0,0,0,0,0,0,0,0
1983.579,9289069,0,0,0.0,0,0,0,0,0,0,0
1983.678,9289169,0,0,0.0,0,0,0,0,0,0,0
1983.777,9289269,0,0,0.0,0,0,0,0,0,0,0
1983.878,9289369,0,0,0.0,0,0,0,0,0,0,0
1983.978,9289469,0,0,0.0,0,0,0,0,0,0,0
1984.078,9289569,0,0,0.0,0,0,0,0,0,0,0
1984.178,9289669,0,0,0.0,0,0,0,0,0,0,0
1984.278,9289769,0,0,0.0,0,0,0,0,0,0,0
1984.377,9289869,0,0,0.0,0,0,0,0,0,0,0
1984.478,9289969,0,0,0.0,0,0,0,0,0,0,0
1984.577,9290069,0,0,0.0,0,0,0,0,0,0,0
1984.677,9290169,0,0,0.0,0,0,0,0,0,0,0
1984.778,9290269,0,0,0.0,0,0,0,0,0,0,0
1984.890,9290381,0,0,0.0,0,0,0,0,0,0,0
1984.978,9290469,0,0,0.0,0,0,0,0,0,0,0
1985.079,9290569,0,0,0.0,0,0,0,0,0,0,0
1985.178,9290669,0,0,0.0,0,0,0,0,0,0,0
1985.278,9290769,0,0,0.0,0,0,0,0,0,0,0
1985.377,9290869,0,0,0.0,0,0,0,0,0,0,0
1985.479,9290969,0,0,0.0,0,0,0,0,0,0,0
1985.578,9291069,0,0,0.0,0,0,0,0,0,0,0
1985.680,9291169,0,0,0.0,0,0,0,0,0,0,0
1985.778,9291269,0,0,0.0,0,0,0,0,0,0,0
1985.878,9291369,0,0,0.0,0,0,0,0,0,0,0
1985.978,9291469,0,0,0.0,0,0,0,0,0,0,0
1986.077,9291569,0,0,0.0,0,0,0,0,0,0,0
1986.178,9291669,0,0,0.0,0,0,0,0,0,0,0
1986.279,9291769,0,0,0.0,0,0,0,0,0,0,0
1986.378,9291869,0,0,0.0,0,0,0,0,0,0,0
1986.477,9291969,0,0,0.0,0,0,0,0,0,0,0
1986.578,9292069,0,0,0.0,0,0,0,0,0,0,0
1986.678,9292169,0,0,0.0,0,0,0,0,0,0,0
1986.779,9292269,0,0,0.0,0,0,0,0,0,0,0
1986.890,9292381,0,0,0.0,0,0,0,0,0,0,0
1986.978,9292469,0,0,0.0,0,0,0,0,0,0,0
1987.079,9292569,0,0,0.0,0,0,0,0,0,0,0
1987.178,9292669,0,0,0.0,0,0,0,0,0,0,0
1987.278,9292769,0,0,0.0,0,0,0,0,0,0,0
1987.377,9292869,0,0,0.0,0,0,0,0,0,0,0
1987.477,9292969,0,0,0.0,0,0,0,0,0,0,0
1987.579,9293069,0,0,0.0,0,0,0,0,0,0,0
1987.677,9293169,0,0,0.0,0,0,0,0,0,0,0
1987.778,9293269,0,0,0.0,0,0,0,0,0,0,0
1987.877,9293369,0,0,0.0,0,0,0,0,0,0,0
1987.977,9293469,0,0,0.0,0,0,0,0,0,0,0
1988.077,9293569,0,0,0.0,0,0,0,0,0,0,0
1988.178,9293669,0,0,0.0,0,0,0,0,0,0,0
1988.279,9293769,0,0,0.0,0,0,0,0,0,0,0
1988.377,9293869,0,0,0.0,0,0,0,0,0,0,0
1988.478,9293969,0,0,0.0,0,0,0,0,0,0,0
1988.578,9294069,0,0,0.0,0,0,0,0,0,0,0
1988.679,9294169,0,0,0.0,0,0,0,0,0,0,0
1988.777,9294269,0,0,0.0,0,0,0,0,0,0,0
1988.890,9294381,0,0,0.0,0,0,0,0,0,0,0
1988.978,9294469,0,0,0.0,0,0,0,0,0,0,0
1989.077,9294569,0,0,0.0,0,0,0,0,0,0,0
1989.178,9294669,0,0,0.0,0,0,0,0,0,0,0
1989.277,9294769,0,0,0.0,0,0,0,0,0,0,0
1989.378,9294869,0,0,0.0,0,0,0,0,0,0,0
1989.478,9294969,0,0,0.0,0,0,0,0,0,0,0
1989.577,9295069,0,0,0.0,0,0,0,0,0,0,0
1989.678,9295169,0,0,0.0,0,0,0,0,0,0,0
1989.778,9295269,0,0,0.0,0,0,0,0,0,0,0
1989.878,9295369,0,0,0.0,0,0,0,0,0,0,0
1989.977,9295469,0,0,0.0,0,0,0,0,0,0,0
1990.079,9295569,0,0,0.0,0,0,0,0,0,0,0
1990.178,9295669,0,0,0.0,0,0,0,0,0,0,0
1990.277,9295769,0,0,0.0,0,0,0,0,0,0,0
1990.377,9295869,0,0,0.0,0,0,0,0,0,0,0
1990.478,9295969,0,0,0.0,0,0,0,0,0,0,0
1990.577,9296069,0,0,0.0,0,0,0,0,0,0,0
1990.677,9296169,0,0,0.0,0,0,0,0,0,0,0
1990.778,9296269,0,0,0.0,0,0,0,0,0,0,0
1990.891,9296381,0,0,0.0,0,0,0,0,0,0,0
1990.978,9296469,0,0,0.0,0,0,0,0,0,0,0
1991.078,9296569,0,0,0.0,0,0,0,0,0,0,0
1991.177,9296669,0,0,0.0,0,0,0,0,0,0,0
1991.277,9296769,0,0,0.0,0,0,0,0,0,0,0
1991.377,9296869,0,0,0.0,0,0,0,0,0,0,0
1991.478,9296969,0,0,0.0,0,0,0,0,0,0,0
1991.578,9297069,0,0,0.0,0,0,0,0,0,0,0
1991.677,9297169,0,0,0.0,0,0,0,0,0,0,0
1991.779,9297269,0,0,0.0,0,0,0,0,0,0,0
1991.877,9297369,0,0,0.0,0,0,0,0,0,0,0
1991.978,9297469,0,0,0.0,0,0,0,0,0,0,0
1992.077,9297569,0,0,0.0,0,0,0,0,0,0,0
1992.177,9297669,0,0,0.0,0,0,0,0,0,0,0
1992.278,9297769,0,0,0.0,0,0,0,0,0,0,0
1992.377,9297869,0,0,0.0,0,0,0,0,0,0,0
1992.477,9297969,0,0,0.0,0,0,0,0,0,0,0
1992.580,9298069,0,0,0.0,0,0,0,0,0,0,0
1992.678,9298169,0,0,0.0,0,0,0,0,0,0,0
1992.777,9298269,0,0,0.0,0,0,0,0,0,0,0
1992.890,9298381,0,0,0.0,0,0,0,0,0,0,0
1992.978,9298469,0,0,0.0,0,0,0,0,0,0,0
1993.078,9298569,0,0,0.0,0,0,0,0,0,0,0
1993.177,9298669,0,0,0.0,0,0,0,0,0,0,0
1993.278,9298769,0,0,0.0,0,0,0,0,0,0,0
1993.377,9298869,0,0,0.0,0,0,0,0,0,0,0
1993.478,9298969,0,0,0.0,0,0,0,0,0,0,0
1993.577,9299069,0,0,0.0,0,0,0,0,0,0,0
1993.678,9299169,0,0,0.0,0,0,0,0,0,0,0
1993.778,9299269,0,0,0.0,0,0,0,0,0,0,0
1993.878,9299369,0,0,0.0,0,0,0,0,0,0,0
1993.978,9299469,0,0,0.0,0,0,0,0,0,0,0
1994.078,9299569,0,0,0.0,0,0,0,0,0,0,0
1994.177,9299669,0,0,0.0,0,0,0,0,0,0,0
1994.279,9299769,0,0,0.0,0,0,0,0,0,0,0
1994.377,9299869,0,0,0.0,0,0,0,0,0,0,0
1994.477,9299969,0,0,0.0,0,0,0,0,0,0,0
1994.578,9300069,0,0,0.0,0,0,0,0,0,0,0
1994.677,9300169,0,0,0.0,0,0,0,0,0,0,0
1994.777,9300269,0,0,0.0,0,0,0,0,0,0,0
1994.890,9300381,0,0,0.0,0,0,0,0,0,0,0
1994.978,9300469,0,0,0.0,0,0,0,0,0,0,0
1995.077,9300569,0,0,0.0,0,0,0,0,0,0,0
1995.179,9300669,0,0,0.0,0,0,0,0,0,0,0
1995.277,9300769,0,0,0.0,0,0,0,0,0,0,0
1995.377,9300869,0,0,0.0,0,0,0,0,0,0,0
1995.477,9300969,0,0,0.0,0,0,0,0,0,0,0
1995.577,9301069,0,0,0.0,0,0,0,0,0,0,0
1995.677,9301169,0,0,0.0,0,0,0,0,0,0,0
1995.777,9301269,0,0,0.0,0,0,0,0,0,0,0
1995.877,9301369,0,0,0.0,0,0,0,0,0,0,0
1995.977,9301469,0,0,0.0,0,0,0,0,0,0,0
1996.077,9301569,0,0,0.0,0,0,0,0,0,0,0
1996.177,9301669,0,0,0.0,0,0,0,0,0,0,0
1996.277,9301769,0,0,0.0,0,0,0,0,0,0,0
1996.377,9301869,0,0,0.0,0,0,0,0,0,0,0
1996.477,9301969,0,0,0.0,0,0,0,0,0,0,0
1996.578,9302069,0,0,0.0,0,0,0,0,0,0,0
1996.678,9302169,0,0,0.0,0,0,0,0,0,0,0
1996.778,9302269,0,0,0.0,0,0,0,0,0,0,0
1996.890,9302381,0,0,0.0,0,0,0,0,0,0,0
1996.976,9302469,0,0,0.0,0,0,0,0,0,0,0
1997.078,9302569,0,0,0.0,0,0,0,0,0,0,0
1997.178,9302669,0,0,0.0,0,0,0,0,0,0,0
1997.277,9302769,0,0,0.0,0,0,0,0,0,0,0
1997.378,9302869,0,0,0.0,0,0,0,0,0,0,0
1997.477,9302969,0,0,0.0,0,0,0,0,0,0,0
1997.577,9303069,0,0,0.0,0,0,0,0,0,0,0
1997.677,9303169,0,0,0.0,0,0,0,0,0,0,0
1997.778,9303269,0,0,0.0,0,0,0,0,0,0,0
1997.877,9303369,0,0,0.0,0,0,0,0,0,0,0
1997.976,9303469,0,0,0.0,0,0,0,0,0,0,0
1998.078,9303569,0,0,0.0,0,0,0,0,0,0,0
1998.178,9303669,0,0,0.0,0,0,0,0,0,0,0
1998.277,9303769,0,0,0.0,0,0,0,0,0,0,0
1998.377,9303869,0,0,0.0,0,0,0,0,0,0,0
1998.477,9303969,0,0,0.0,0,0,0,0,0,0,0
1998.577,9304069,0,0,0.0,0,0,0,0,0,0,0
1998.677,9304169,0,0,0.0,0,0,0,0,0,0,0
1998.778,9304269,0,0,0.0,0,0,0,0,0,0,0
1998.890,9304381,0,0,0.0,0,0,0,0,0,0,0
1998.978,9304469,0,0,0.0,0,0,0,0,0,0,0
1999.078,9304569,0,0,0.0,0,0,0,0,0,0,0
1999.178,9304669,0,0,0.0,0,0,0,0,0,0,0
1999.277,9304769,0,0,0.0,0,0,0,0,0,0,0
1999.376,9304869,0,0,0.0,0,0,0,0,0,0,0
1999.478,9304969,0,0,0.0,0,0,0,0,0,0,0
1999.579,9305069,0,0,0.0,0,0,0,0,0,0,0
1999.684,9305169,0,0,0.0,0,0,0,0,0,0,0
1999.779,9305269,0,0,0.0,0,0,0,0,0,0,0
1999.878,9305369,0,0,0.0,0,0,0,0,0,0,0
1999.977,9305469,0,0,0.0,0,0,0,0,0,0,0
2000.080,9305569,0,0,0.0,0,0,0,0,0,0,0
2000.178,9305669,0,0,0.0,0,0,0,0,0,0,0
2000.276,9305769,0,0,0.0,0,0,0,0,0,0,0
2000.376,9305869,0,0,0.0,0,0,0,0,0,0,0
2000.477,9305969,0,0,0.0,0,0,0,0,0,0,0
2000.578,9306069,0,0,0.0,0,0,0,0,0,0,0
2000.680,9306169,0,0,0.0,0,0,0,0,0,0,0
2000.778,9306269,0,0,0.0,0,0,0,0,0,0,0
2000.890,9306381,0,0,0.0,0,0,0,0,0,0,0
2000.977,9306469,0,0,0.0,0,0,0,0,0,0,0
2001.076,9306569,0,0,0.0,0,0,0,0,0,0,0
2001.177,9306669,0,0,0.0,0,0,0,0,0,0,0
2001.278,9306769,0,0,0.0,0,0,0,0,0,0,0
2001.377,9306869,0,0,0.0,0,0,0,0,0,0,0
2001.477,9306969,0,0,0.0,0,0,0,0,0,0,0
2001.578,9307069,0,0,0.0,0,0,0,0,0,0,0
2001.676,9307169,0,0,0.0,0,0,0,0,0,0,0
2001.777,9307269,0,0,0.0,0,0,0,0,0,0,0
2001.876,9307369,0,0,0.0,0,0,0,0,0,0,0
2001.978,9307469,0,0,0.0,0,0,0,0,0,0,0
2002.077,9307569,0,0,0.0,0,0,0,0,0,0,0
2002.178,9307669,0,0,0.0,0,0,0,0,0,0,0
2002.277,9307769,0,0,0.0,0,0,0,0,0,0,0
2002.376,9307869,0,0,0.0,0,0,0,0,0,0,0
2002.477,9307969,0,0,0.0,0,0,0,0,0,0,0
2002.577,9308069,0,0,0.0,0,0,0,0,0,0,0
2002.678,9308169,0,0,0.0,0,0,0,0,0,0,0
2002.777,9308269,0,0,0.0,0,0,0,0,0,0,0
2002.890,9308381,0,0,0.0,0,0,0,0,0,0,0
2002.977,9308469,0,0,0.0,0,0,0,0,0,0,0
2003.078,9308569,0,0,0.0,0,0,0,0,0,0,0
2003.178,9308669,0,0,0.0,0,0,0,0,0,0,0
2003.278,9308769,0,0,0.0,0,0,0,0,0,0,0
2003.376,9308869,0,0,0.0,0,0,0,0,0,0,0
2003.477,9308969,0,0,0.0,0,0,0,0,0,0,0
2003.579,9309069,0,0,0.0,0,0,0,0,0,0,0
2003.677,9309169,0,0,0.0,0,0,0,0,0,0,0
2003.777,9309269,0,0,0.0,0,0,0,0,0,0,0
2003.877,9309369,0,0,0.0,0,0,0,0,0,0,0
2003.977,9309469,0,0,0.0,0,0,0,0,0,0,0
2004.076,9309569,0,0,0.0,0,0,0,0,0,0,0
2004.177,9309669,0,0,0.0,0,0,0,0,0,0,0
2004.276,9309769,0,0,0.0,0,0,0,0,0,0,0
2004.377,9309869,0,0,0.0,0,0,0,0,0,0,0
2004.478,9309969,0,0,0.0,0,0,0,0,0,0,0
2004.576,9310069,0,0,0.0,0,0,0,0,0,0,0
2004.678,9310169,0,0,0.0,0,0,0,0,0,0,0
2004.777,9310269,0,0,0.0,0,0,0,0,0,0,0
2004.889,9310381,0,0,0.0,0,0,0,0,0,0,0
2004.977,9310469,0,0,0.0,0,0,0,0,0,0,0
2005.077,9310569,0,0,0.0,0,0,0,0,0,0,0
2005.177,9310669,0,0,0.0,0,0,0,0,0,0,0
2005.278,9310769,0,0,0.0,0,0,0,0,0,0,0
2005.376,9310869,0,0,0.0,0,0,0,0,0,0,0
2005.476,9310969,0,0,0.0,0,0,0,0,0,0,0
2005.578,9311069,0,0,0.0,0,0,0,0,0,0,0
2005.683,9311169,0,0,0.0,0,0,0,0,0,0,0
2005.777,9311269,0,0,0.0,0,0,0,0,0,0,0
2005.877,9311369,0,0,0.0,0,0,0,0,0,0,0
2005.978,9311469,0,0,0.0,0,0,0,0,0,0,0
2006.077,9311569,0,0,0.0,0,0,0,0,0,0,0
2006.176,9311669,0,0,0.0,0,0,0,0,0,0,0
2006.277,9311769,0,0,0.0,0,0,0,0,0,0,0
2006.376,9311869,0,0,0.0,0,0,0,0,0,0,0
2006.476,9311969,0,0,0.0,0,0,0,0,0,0,0
2006.577,9312069,0,0,0.0,0,0,0,0,0,0,0
2006.676,9312169,0,0,0.0,0,0,0,0,0,0,0
2006.777,9312269,0,0,0.0,0,0,0,0,0,0,0
2006.889,9312381,0,0,0.0,0,0,0,0,0,0,0
2006.977,9312469,0,0,0.0,0,0,0,0,0,0,0
2007.078,9312569,0,0,0.0,0,0,0,0,0,0,0
2007.177,9312669,0,0,0.0,0,0,0,0,0,0,0
2007.277,9312769,0,0,0.0,0,0,0,0,0,0,0
2007.377,9312869,0,0,0.0,0,0,0,0,0,0,0
2007.478,9312969,0,0,0.0,0,0,0,0,0,0,0
2007.576,9313069,0,0,0.0,0,0,0,0,0,0,0
2007.676,9313169,0,0,0.0,0,0,0,0,0,0,0
2007.778,9313269,0,0,0.0,0,0,0,0,0,0,0
2007.877,9313369,0,0,0.0,0,0,0,0,0,0,0
2007.977,9313469,0,0,0.0,0,0,0,0,0,0,0
2008.076,9313569,0,0,0.0,0,0,0,0,0,0,0
2008.178,9313669,0,0,0.0,0,0,0,0,0,0,0
2008.277,9313769,0,0,0.0,0,0,0,0,0,0,0
2008.376,9313869,0,0,0.0,0,0,0,0,0,0,0
2008.477,9313969,0,0,0.0,0,0,0,0,0,0,0
2008.578,9314069,0,0,0.0,0,0,0,0,0,0,0
2008.678,9314169,0,0,0.0,0,0,0,0,0,0,0
2008.777,9314269,0,0,0.0,0,0,0,0,0,0,0
2008.889,9314381,0,0,0.0,0,0,0,0,0,0,0
2008.977,9314469,0,0,0.0,0,0,0,0,0,0,0
2009.078,9314569,0,0,0.0,0,0,0,0,0,0,0
2009.178,9314669,0,0,0.0,0,0,0,0,0,0,0
2009.278,9314769,0,0,0.0,0,0,0,0,0,0,0
2009.376,9314869,0,0,0.0,0,0,0,0,0,0,0
2009.477,9314969,0,0,0.0,0,0,0,0,0,0,0
2009.577,9315069,0,0,0.0,0,0,0,0,0,0,0
2009.676,9315169,0,0,0.0,0,0,0,0,0,0,0
2009.776,9315269,0,0,0.0,0,0,0,0,0,0,0
2009.877,9315369,0,0,0.0,0,0,0,0,0,0,0
2009.977,9315469,0,0,0.0,0,0,0,0,0,0,0
2010.077,9315569,0,0,0.0,0,0,0,0,0,0,0
2010.176,9315669,0,0,0.0,0,0,0,0,0,0,0
2010.277,9315769,0,0,0.0,0,0,0,0,0,0,0
2010.376,9315869,0,0,0.0,0,0,0,0,0,0,0
2010.476,9315969,0,0,0.0,0,0,0,0,0,0,0
2010.576,9316069,0,0,0.0,0,0,0,0,0,0,0
2010.677,9316169,0,0,0.0,0,0,0,0,0,0,0
2010.776,9316269,0,0,0.0,0,0,0,0,0,0,0
2010.889,9316381,0,0,0.0,0,0,0,0,0,0,0
2010.976,9316469,0,0,0.0,0,0,0,0,0,0,0
2011.077,9316569,0,0,0.0,0,0,0,0,0,0,0
2011.176,9316669,0,0,0.0,0,0,0,0,0,0,0
2011.277,9316769,0,0,0.0,0,0,0,0,0,0,0
2011.376,9316869,0,0,0.0,0,0,0,0,0,0,0
2011.476,9316969,0,0,0.0,0,0,0,0,0,0,0
2011.578,9317069,0,0,0.0,0,0,0,0,0,0,0
2011.676,9317169,0,0,0.0,0,0,0,0,0,0,0
2011.777,9317269,0,0,0.0,0,0,0,0,0,0,0
2011.876,9317369,0,0,0.0,0,0,0,0,0,0,0
2011.977,9317469,0,0,0.0,0,0,0,0,0,0,0
2012.076,9317569,0,0,0.0,0,0,0,0,0,0,0
2012.177,9317669,0,0,0.0,0,0,0,0,0,0,0
2012.278,9317769,0,0,0.0,0,0,0,0,0,0,0
2012.376,9317869,0,0,0.0,0,0,0,0,0,0,0
2012.475,9317969,0,0,0.0,0,0,0,0,0,0,0
2012.577,9318069,0,0,0.0,0,0,0,0,0,0,0
2012.677,9318169,0,0,0.0,0,0,0,0,0,0,0
2012.777,9318269,0,0,0.0,0,0,0,0,0,0,0
2012.889,9318381,0,0,0.0,0,0,0,0,0,0,0
2012.976,9318469,0,0,0.0,0,0,0,0,0,0,0
2013.077,9318569,0,0,0.0,0,0,0,0,0,0,0
2013.178,9318669,0,0,0.0,0,0,0,0,0,0,0
2013.277,9318769,0,0,0.0,0,0,0,0,0,0,0
2013.376,9318869,0,0,0.0,0,0,0,0,0,0,0
2013.476,9318969,0,0,0.0,0,0,0,0,0,0,0
2013.577,9319069,0,0,0.0,0,0,0,0,0,0,0
2013.676,9319169,0,0,0.0,0,0,0,0,0,0,0
2013.776,9319269,0,0,0.0,0,0,0,0,0,0,0
2013.877,9319369,0,0,0.0,0,0,0,0,0,0,0
2013.976,9319469,0,0,0.0,0,0,0,0,0,0,0
2014.077,9319569,0,0,0.0,0,0,0,0,0,0,0
2014.176,9319669,0,0,0.0,0,0,0,0,0,0,0
2014.276,9319769,0,0,0.0,0,0,0,0,0,0,0
2014.376,9319869,0,0,0.0,0,0,0,0,0,0,0
2014.476,9319969,0,0,0.0,0,0,0,0,0,0,0
2014.578,9320069,0,0,0.0,0,0,0,0,0,0,0
2014.677,9320169,0,0,0.0,0,0,0,0,0,0,0
2014.776,9320269,0,0,0.0,0,0,0,0,0,0,0
2014.889,9320381,0,0,0.0,0,0,0,0,0,0,0
2014.977,9320469,0,0,0.0,0,0,0,0,0,0,0
2015.076,9320569,0,0,0.0,0,0,0,0,0,0,0
2015.178,9320669,0,0,0.0,0,0,0,0,0,0,0
2015.277,9320769,0,0,0.0,0,0,0,0,0,0,0
2015.375,9320869,0,0,0.0,0,0,0,0,0,0,0
2015.477,9320969,0,0,0.0,0,0,0,0,0,0,0
2015.577,9321069,0,0,0.0,0,0,0,0,0,0,0
2015.678,9321169,0,0,0.0,0,0,0,0,0,0,0
2015.776,9321269,0,0,0.0,0,0,0,0,0,0,0
2015.878,9321369,0,0,0.0,0,0,0,0,0,0,0
2015.977,9321469,0,0,0.0,0,0,0,0,0,0,0
2016.076,9321569,0,0,0.0,0,0,0,0,0,0,0
2016.176,9321669,0,0,0.0,0,0,0,0,0,0,0
2016.276,9321769,0,0,0.0,0,0,0,0,0,0,0
2016.376,9321869,0,0,0.0,0,0,0,0,0,0,0
2016.476,9321969,0,0,0.0,0,0,0,0,0,0,0
2016.575,9322069,0,0,0.0,0,0,0,0,0,0,0
2016.676,9322169,0,0,0.0,0,0,0,0,0,0,0
2016.777,9322269,0,0,0.0,0,0,0,0,0,0,0
2016.889,9322381,0,0,0.0,0,0,0,0,0,0,0
2016.976,9322469,0,0,0.0,0,0,0,0,0,0,0
2017.076,9322569,0,0,0.0,0,0,0,0,0,0,0
2017.177,9322669,0,0,0.0,0,0,0,0,0,0,0
2017.276,9322769,0,0,0.0,0,0,0,0,0,0,0
2017.376,9322869,0,0,0.0,0,0,0,0,0,0,0
2017.476,9322969,0,0,0.0,0,0,0,0,0,0,0
2017.576,9323069,0,0,0.0,0,0,0,0,0,0,0
2017.676,9323169,0,0,0.0,0,0,0,0,0,0,0
2017.776,9323269,0,0,0.0,0,0,0,0,0,0,0
2017.876,9323369,0,0,0.0,0,0,0,0,0,0,0
2017.977,9323469,0,0,0.0,0,0,0,0,0,0,0
2018.076,9323569,0,0,0.0,0,0,0,0,0,0,0
2018.176,9323669,0,0,0.0,0,0,0,0,0,0,0
2018.276,9323769,0,0,0.0,0,0,0,0,0,0,0
2018.376,9323869,0,0,0.0,0,0,0,0,0,0,0
2018.476,9323969,0,0,0.0,0,0,0,0,0,0,0
2018.577,9324069,0,0,0.0,0,0,0,0,0,0,0
2018.676,9324169,0,0,0.0,0,0,0,0,0,0,0
2018.776,9324269,0,0,0.0,0,0,0,0,0,0,0
2018.889,9324381,0,0,0.0,0,0,0,0,0,0,0
2018.976,9324469,0,0,0.0,0,0,0,0,0,0,0
2019.076,9324569,0,0,0.0,0,0,0,0,0,0,0
2019.176,9324669,0,0,0.0,0,0,0,0,0,0,0
2019.277,9324769,0,0,0.0,0,0,0,0,0,0,0
2019.375,9324869,0,0,0.0,0,0,0,0,0,0,0
2019.477,9324969,0,0,0.0,0,0,0,0,0,0,0
2019.576,9325069,0,0,0.0,0,0,0,0,0,0,0
2019.678,9325169,0,0,0.0,0,0,0,0,0,0,0
2019.780,9325269,0,0,0.0,0,0,0,0,0,0,0
2019.876,9325369,0,0,0.0,0,0,0,0,0,0,0
2019.976,9325469,0,0,0.0,0,0,0,0,0,0,0
2020.076,9325569,0,0,0.0,0,0,0,0,0,0,0
2020.176,9325669,0,0,0.0,0,0,0,0,0,0,0
2020.275,9325769,0,0,0.0,0,0,0,0,0,0,0
2020.376,9325869,0,0,0.0,0,0,0,0,0,0,0
2020.475,9325969,0,0,0.0,0,0,0,0,0,0,0
2020.575,9326069,0,0,0.0,0,0,0,0,0,0,0
2020.676,9326169,0,0,0.0,0,0,0,0,0,0,0
2020.776,9326269,0,0,0.0,0,0,0,0,0,0,0
2020.888,9326381,0,0,0.0,0,0,0,0,0,0,0
2020.975,9326469,0,0,0.0,0,0,0,0,0,0,0
2021.076,9326569,0,0,0.0,0,0,0,0,0,0,0
2021.175,9326669,0,0,0.0,0,0,0,0,0,0,0
2021.276,9326769,0,0,0.0,0,0,0,0,0,0,0
2021.375,9326869,0,0,0.0,0,0,0,0,0,0,0
2021.476,9326969,0,0,0.0,0,0,0,0,0,0,0
2021.576,9327069,0,0,0.0,0,0,0,0,0,0,0
2021.676,9327169,0,0,0.0,0,0,0,0,0,0,0
2021.776,9327269,0,0,0.0,0,0,0,0,0,0,0
2021.875,9327369,0,0,0.0,0,0,0,0,0,0,0
2021.976,9327469,0,0,0.0,0,0,0,0,0,0,0
2022.076,9327569,0,0,0.0,0,0,0,0,0,0,0
2022.175,9327669,0,0,0.0,0,0,0,0,0,0,0
2022.275,9327769,0,0,0.0,0,0,0,0,0,0,0
2022.375,9327869,0,0,0.0,0,0,0,0,0,0,0
2022.476,9327969,0,0,0.0,0,0,0,0,0,0,0
2022.575,9328069,0,0,0.0,0,0,0,0,0,0,0
2022.675,9328169,0,0,0.0,0,0,0,0,0,0,0
2022.776,9328269,0,0,0.0,0,0,0,0,0,0,0
2022.888,9328381,0,0,0.0,0,0,0,0,0,0,0
2022.976,9328469,0,0,0.0,0,0,0,0,0,0,0
2023.075,9328569,0,0,0.0,0,0,0,0,0,0,0
2023.176,9328669,0,0,0.0,0,0,0,0,0,0,0
2023.276,9328769,0,0,0.0,0,0,0,0,0,0,0
2023.376,9328869,0,0,0.0,0,0,0,0,0,0,0
2023.475,9328969,0,0,0.0,0,0,0,0,0,0,0
2023.575,9329069,0,0,0.0,0,0,0,0,0,0,0
2023.676,9329169,0,0,0.0,0,0,0,0,0,0,0
2023.776,9329269,0,0,0.0,0,0,0,0,0,0,0
2023.876,9329369,0,0,0.0,0,0,0,0,0,0,0
2023.976,9329469,0,0,0.0,0,0,0,0,0,0,0
2024.076,9329569,0,0,0.0,0,0,0,0,0,0,0
2024.175,9329669,0,0,0.0,0,0,0,0,0,0,0
2024.276,9329769,0,0,0.0,0,0,0,0,0,0,0
2024.376,9329869,0,0,0.0,0,0,0,0,0,0,0
2024.475,9329969,0,0,0.0,0,0,0,0,0,0,0
2024.576,9330069,0,0,0.0,0,0,0,0,0,0,0
2024.675,9330169,0,0,0.0,0,0,0,0,0,0,0
2024.776,9330269,0,0,0.0,0,0,0,0,0,0,0
2024.888,9330381,0,0,0.0,0,0,0,0,0,0,0
2024.977,9330469,0,0,0.0,0,0,0,0,0,0,0
2025.076,9330569,0,0,0.0,0,0,0,0,0,0,0
2025.184,9330669,0,0,0.0,0,0,0,0,0,0,0
2025.275,9330769,0,0,0.0,0,0,0,0,0,0,0
2025.375,9330869,0,0,0.0,0,0,0,0,0,0,0
2025.475,9330969,0,0,0.0,0,0,0,0,0,0,0
2025.576,9331069,0,0,0.0,0,0,0,0,0,0,0
2025.679,9331169,0,0,0.0,0,0,0,0,0,0,0
2025.776,9331269,0,0,0.0,0,0,0,0,0,0,0
2025.875,9331369,0,0,0.0,0,0,0,0,0,0,0
2025.975,9331469,0,0,0.0,0,0,0,0,0,0,0
2026.075,9331569,0,0,0.0,0,0,0,0,0,0,0
2026.177,9331669,0,0,0.0,0,0,0,0,0,0,0
2026.276,9331769,0,0,0.0,0,0,0,0,0,0,0
2026.375,9331869,0,0,0.0,0,0,0,0,0,0,0
2026.475,9331969,0,0,0.0,0,0,0,0,0,0,0
2026.575,9332069,0,0,0.0,0,0,0,0,0,0,0
2026.675,9332169,0,0,0.0,0,0,0,0,0,0,0
2026.775,9332269,0,0,0.0,0,0,0,0,0,0,0
2026.888,9332381,0,0,0.0,0,0,0,0,0,0,0
2026.976,9332469,0,0,0.0,0,0,0,0,0,0,0
2027.076,9332569,0,0,0.0,0,0,0,0,0,0,0
2027.177,9332669,0,0,0.0,0,0,0,0,0,0,0
2027.277,9332769,0,0,0.0,0,0,0,0,0,0,0
2027.377,9332869,0,0,0.0,0,0,0,0,0,0,0
2027.475,9332969,0,0,0.0,0,0,0,0,0,0,0
2027.575,9333069,0,0,0.0,0,0,0,0,0,0,0
2027.676,9333169,0,0,0.0,0,0,0,0,0,0,0
2027.775,9333269,0,0,0.0,0,0,0,0,0,0,0
2027.875,9333369,0,0,0.0,0,0,0,0,0,0,0
2027.977,9333469,0,0,0.0,0,0,0,0,0,0,0
2028.076,9333569,0,0,0.0,0,0,0,0,0,0,0
2028.175,9333669,0,0,0.0,0,0,0,0,0,0,0
2028.277,9333769,0,0,0.0,0,0,0,0,0,0,0
2028.375,9333869,0,0,0.0,0,0,0,0,0,0,0
2028.478,9333969,0,0,0.0,0,0,0,0,0,0,0
2028.575,9334069,0,0,0.0,0,0,0,0,0,0,0
2028.675,9334169,0,0,0.0,0,0,0,0,0,0,0
2028.776,9334269,0,0,0.0,0,0,0,0,0,0,0
2028.888,9334381,0,0,0.0,0,0,0,0,0,0,0
2028.977,9334469,0,0,0.0,0,0,0,0,0,0,0
2029.075,9334569,0,0,0.0,0,0,0,0,0,0,0
2029.176,9334669,0,0,0.0,0,0,0,0,0,0,0
2029.275,9334769,0,0,0.0,0,0,0,0,0,0,0
2029.375,9334869,0,0,0.0,0,0,0,0,0,0,0
2029.475,9334969,0,0,0.0,0,0,0,0,0,0,0
2029.575,9335069,0,0,0.0,0,0,0,0,0,0,0
2029.675,9335169,0,0,0.0,0,0,0,0,0,0,0
2029.775,9335269,0,0,0.0,0,0,0,0,0,0,0
2029.875,9335369,0,0,0.0,0,0,0,0,0,0,0
2029.975,9335469,0,0,0.0,0,0,0,0,0,0,0
2030.075,9335569,0,0,0.0,0,0,0,0,0,0,0
2030.176,9335669,0,0,0.0,0,0,0,0,0,0,0
2030.276,9335769,0,0,0.0,0,0,0,0,0,0,0
2030.375,9335869,0,0,0.0,0,0,0,0,0,0,0
2030.475,9335969,0,0,0.0,0,0,0,0,0,0,0
2030.577,9336069,0,0,0.0,0,0,0,0,0,0,0
2030.675,9336169,0,0,0.0,0,0,0,0,0,0,0
2030.775,9336269,0,0,0.0,0,0,0,0,0,0,0
2030.888,9336381,0,0,0.0,0,0,0,0,0,0,0
2030.975,9336469,0,0,0.0,0,0,0,0,0,0,0
2031.075,9336569,0,0,0.0,0,0,0,0,0,0,0
2031.175,9336669,0,0,0.0,0,0,0,0,0,0,0
2031.274,9336769,0,0,0.0,0,0,0,0,0,0,0
2031.374,9336869,0,0,0.0,0,0,0,0,0,0,0
2031.475,9336969,0,0,0.0,0,0,0,0,0,0,0
2031.575,9337069,0,0,0.0,0,0,0,0,0,0,0
2031.675,9337169,0,0,0.0,0,0,0,0,0,0,0
2031.774,9337269,0,0,0.0,0,0,0,0,0,0,0
2031.875,9337369,0,0,0.0,0,0,0,0,0,0,0
2031.975,9337469,0,0,0.0,0,0,0,0,0,0,0
2032.075,9337569,0,0,0.0,0,0,0,0,0,0,0
2032.175,9337669,0,0,0.0,0,0,0,0,0,0,0
2032.275,9337769,0,0,0.0,0,0,0,0,0,0,0
2032.375,9337869,0,0,0.0,0,0,0,0,0,0,0
2032.475,9337969,0,0,0.0,0,0,0,0,0,0,0
2032.575,9338069,0,0,0.0,0,0,0,0,0,0,0
2032.675,9338169,0,0,0.0,0,0,0,0,0,0,0
2032.775,9338269,0,0,0.0,0,0,0,0,0,0,0
2032.888,9338381,0,0,0.0,0,0,0,0,0,0,0
2032.974,9338469,0,0,0.0,0,0,0,0,0,0,0
2033.075,9338569,0,0,0.0,0,0,0,0,0,0,0
2033.188,9338669,0,0,0.0,0,0,0,0,0,0,0
2033.275,9338769,0,0,0.0,0,0,0,0,0,0,0
2033.374,9338869,0,0,0.0,0,0,0,0,0,0,0
2033.474,9338969,0,0,0.0,0,0,0,0,0,0,0
2033.574,9339069,0,0,0.0,0,0,0,0,0,0,0
2033.675,9339169,0,0,0.0,0,0,0,0,0,0,0
2033.775,9339269,0,0,0.0,0,0,0,0,0,0,0
2033.874,9339369,0,0,0.0,0,0,0,0,0,0,0
2033.974,9339469,0,0,0.0,0,0,0,0,0,0,0
2034.074,9339569,0,0,0.0,0,0,0,0,0,0,0
2034.175,9339669,0,0,0.0,0,0,0,0,0,0,0
2034.275,9339769,0,0,0.0,0,0,0,0,0,0,0
2034.375,9339869,0,0,0.0,0,0,0,0,0,0,0
2034.476,9339969,0,0,0.0,0,0,0,0,0,0,0
2034.575,9340069,0,0,0.0,0,0,0,0,0,0,0
2034.675,9340169,0,0,0.0,0,0,0,0,0,0,0
2034.775,9340269,0,0,0.0,0,0,0,0,0,0,0
2034.888,9340381,0,0,0.0,0,0,0,0,0,0,0
2034.975,9340469,0,0,0.0,0,0,0,0,0,0,0
2035.074,9340569,0,0,0.0,0,0,0,0,0,0,0
2035.174,9340669,0,0,0.0,0,0,0,0,0,0,0
2035.275,9340769,0,0,0.0,0,0,0,0,0,0,0
2035.375,9340869,0,0,0.0,0,0,0,0,0,0,0
2035.475,9340969,0,0,0.0,0,0,0,0,0,0,0
2035.574,9341069,0,0,0.0,0,0,0,0,0,0,0
2035.674,9341169,0,0,0.0,0,0,0,0,0,0,0
2035.775,9341269,0,0,0.0,0,0,0,0,0,0,0
2035.875,9341369,0,0,0.0,0,0,0,0,0,0,0
2035.975,9341469,0,0,0.0,0,0,0,0,0,0,0
2036.074,9341569,0,0,0.0,0,0,0,0,0,0,0
2036.174,9341669,0,0,0.0,0,0,0,0,0,0,0
2036.274,9341769,0,0,0.0,0,0,0,0,0,0,0
2036.375,9341869,0,0,0.0,0,0,0,0,0,0,0
2036.474,9341969,0,0,0.0,0,0,0,0,0,0,0
2036.575,9342069,0,0,0.0,0,0,0,0,0,0,0
2036.675,9342169,0,0,0.0,0,0,0,0,0,0,0
2036.774,9342269,0,0,0.0,0,0,0,0,0,0,0
2036.887,9342381,0,0,0.0,0,0,0,0,0,0,0
2036.974,9342469,0,0,0.0,0,0,0,0,0,0,0
2037.079,9342569,0,0,0.0,0,0,0,0,0,0,0
2037.175,9342669,0,0,0.0,0,0,0,0,0,0,0
2037.275,9342769,0,0,0.0,0,0,0,0,0,0,0
2037.374,9342869,0,0,0.0,0,0,0,0,0,0,0
2037.474,9342969,0,0,0.0,0,0,0,0,0,0,0
2037.575,9343069,0,0,0.0,0,0,0,0,0,0,0
2037.678,9343169,0,0,0.0,0,0,0,0,0,0,0
2037.775,9343269,0,0,0.0,0,0,0,0,0,0,0
2037.874,9343369,0,0,0.0,0,0,0,0,0,0,0
2037.974,9343469,0,0,0.0,0,0,0,0,0,0,0
2038.075,9343569,0,0,0.0,0,0,0,0,0,0,0
2038.175,9343669,0,0,0.0,0,0,0,0,0,0,0
2038.275,9343769,0,0,0.0,0,0,0,0,0,0,0
2038.375,9343869,0,0,0.0,0,0,0,0,0,0,0
2038.475,9343969,0,0,0.0,0,0,0,0,0,0,0
2038.574,9344069,0,0,0.0,0,0,0,0,0,0,0
2038.674,9344169,0,0,0.0,0,0,0,0,0,0,0
2038.776,9344269,0,0,0.0,0,0,0,0,0,0,0
2038.887,9344381,0,0,0.0,0,0,0,0,0,0,0
2038.974,9344469,0,0,0.0,0,0,0,0,0,0,0
2039.075,9344569,0,0,0.0,0,0,0,0,0,0,0
2039.174,9344669,0,0,0.0,0,0,0,0,0,0,0
2039.274,9344769,0,0,0.0,0,0,0,0,0,0,0
2039.374,9344869,0,0,0.0,0,0,0,0,0,0,0
2039.474,9344969,0,0,0.0,0,0,0,0,0,0,0
2039.575,9345069,0,0,0.0,0,0,0,0,0,0,0
2039.675,9345169,0,0,0.0,0,0,0,0,0,0,0
2039.774,9345269,0,0,0.0,0,0,0,0,0,0,0
2039.874,9345369,0,0,0.0,0,0,0,0,0,0,0
2039.974,9345469,0,0,0.0,0,0,0,0,0,0,0
2040.074,9345569,0,0,0.0,0,0,0,0,0,0,0
2040.177,9345669,0,0,0.0,0,0,0,0,0,0,0
2040.274,9345769,0,0,0.0,0,0,0,0,0,0,0
2040.375,9345869,0,0,0.0,0,0,0,0,0,0,0
2040.475,9345969,0,0,0.0,0,0,0,0,0,0,0
2040.574,9346069,0,0,0.0,0,0,0,0,0,0,0
2040.674,9346169,0,0,0.0,0,0,0,0,0,0,0
2040.774,9346269,0,0,0.0,0,0,0,0,0,0,0
2040.887,9346381,0,0,0.0,0,0,0,0,0,0,0
2040.974,9346469,0,0,0.0,0,0,0,0,0,0,0
2041.074,9346569,0,0,0.0,0,0,0,0,0,0,0
2041.174,9346669,0,0,0.0,0,0,0,0,0,0,0
2041.274,9346769,0,0,0.0,0,0,0,0,0,0,0
2041.374,9346869,0,0,0.0,0,0,0,0,0,0,0
2041.474,9346969,0,0,0.0,0,0,0,0,0,0,0
2041.574,9347069,0,0,0.0,0,0,0,0,0,0,0
2041.674,9347169,0,0,0.0,0,0,0,0,0,0,0
2041.774,9347269,0,0,0.0,0,0,0,0,0,0,0
2041.875,9347369,0,0,0.0,0,0,0,0,0,0,0
2041.975,9347469,0,0,0.0,0,0,0,0,0,0,0
2042.074,9347569,0,0,0.0,0,0,0,0,0,0,0
2042.174,9347669,0,0,0.0,0,0,0,0,0,0,0
2042.274,9347769,0,0,0.0,0,0,0,0,0,0,0
2042.374,9347869,0,0,0.0,0,0,0,0,0,0,0
2042.474,9347969,0,0,0.0,0,0,0,0,0,0,0
2042.574,9348069,0,0,0.0,0,0,0,0,0,0,0
2042.674,9348169,0,0,0.0,0,0,0,0,0,0,0
2042.774,9348269,0,0,0.0,0,0,0,0,0,0,0
2042.887,9348381,0,0,0.0,0,0,0,0,0,0,0
2042.974,9348469,0,0,0.0,0,0,0,0,0,0,0
2043.074,9348569,0,0,0.0,0,0,0,0,0,0,0
2043.174,9348669,0,0,0.0,0,0,0,0,0,0,0
2043.274,9348769,0,0,0.0,0,0,0,0,0,0,0
2043.374,9348869,0,0,0.0,0,0,0,0,0,0,0
2043.474,9348969,0,0,0.0,0,0,0,0,0,0,0
2043.574,9349069,0,0,0.0,0,0,0,0,0,0,0
2043.674,9349169,0,0,0.0,0,0,0,0,0,0,0
2043.774,9349269,0,0,0.0,0,0,0,0,0,0,0
2043.874,9349369,0,0,0.0,0,0,0,0,0,0,0
2043.975,9349469,0,0,0.0,0,0,0,0,0,0,0
2044.074,9349569,0,0,0.0,0,0,0,0,0,0,0
2044.174,9349669,0,0,0.0,0,0,0,0,0,0,0
2044.274,9349769,0,0,0.0,0,0,0,0,0,0,0
2044.374,9349869,0,0,0.0,0,0,0,0,0,0,0
2044.474,9349969,0,0,0.0,0,0,0,0,0,0,0
2044.574,9350069,0,0,0.0,0,0,0,0,0,0,0
2044.674,9350169,0,0,0.0,0,0,0,0,0,0,0
2044.774,9350269,0,0,0.0,0,0,0,0,0,0,0
2044.888,9350381,0,0,0.0,0,0,0,0,0,0,0
2044.974,9350469,0,0,0.0,0,0,0,0,0,0,0
2045.074,9350569,0,0,0.0,0,0,0,0,0,0,0
2045.175,9350669,0,0,0.0,0,0,0,0,0,0,0
2045.274,9350769,0,0,0.0,0,0,0,0,0,0,0
2045.374,9350869,0,0,0.0,0,0,0,0,0,0,0
2045.475,9350969,0,0,0.0,0,0,0,0,0,0,0
2045.574,9351069,0,0,0.0,0,0,0,0,0,0,0
2045.674,9351169,0,0,0.0,0,0,0,0,0,0,0
2045.776,9351269,0,0,0.0,0,0,0,0,0,0,0
2045.874,9351369,0,0,0.0,0,0,0,0,0,0,0
2045.974,9351469,0,0,0.0,0,0,0,0,0,0,0
2046.074,9351569,0,0,0.0,0,0,0,0,0,0,0
2046.174,9351669,0,0,0.0,0,0,0,0,0,0,0
2046.274,9351769,0,0,0.0,0,0,0,0,0,0,0
2046.374,9351869,0,0,0.0,0,0,0,0,0,0,0
2046.474,9351969,0,0,0.0,0,0,0,0,0,0,0
2046.574,9352069,0,0,0.0,0,0,0,0,0,0,0
2046.674,9352169,0,0,0.0,0,0,0,0,0,0,0
2046.774,9352269,0,0,0.0,0,0,0,0,0,0,0
2046.886,9352381,0,0,0.0,0,0,0,0,0,0,0
2046.974,9352469,0,0,0.0,0,0,0,0,0,0,0
2047.074,9352569,0,0,0.0,0,0,0,0,0,0,0
2047.174,9352669,0,0,0.0,0,0,0,0,0,0,0
2047.274,9352769,0,0,0.0,0,0,0,0,0,0,0
2047.374,9352869,0,0,0.0,0,0,0,0,0,0,0
2047.474,9352969,0,0,0.0,0,0,0,0,0,0,0
2047.574,9353069,0,0,0.0,0,0,0,0,0,0,0
2047.674,9353169,0,0,0.0,0,0,0,0,0,0,0
2047.774,9353269,0,0,0.0,0,0,0,0,0,0,0
2047.874,9353369,0,0,0.0,0,0,0,0,0,0,0
2047.975,9353469,0,0,0.0,0,0,0,0,0,0,0
2048.076,9353569,0,0,0.0,0,0,0,0,0,0,0
2048.174,9353669,0,0,0.0,0,0,0,0,0,0,0
2048.274,9353769,0,0,0.0,0,0,0,0,0,0,0
2048.374,9353869,0,0,0.0,0,0,0,0,0,0,0
2048.474,9353969,0,0,0.0,0,0,0,0,0,0,0
2048.574,9354069,0,0,0.0,0,0,0,0,0,0,0
2048.673,9354169,0,0,0.0,0,0,0,0,0,0,0
2048.773,9354269,0,0,0.0,0,0,0,0,0,0,0
2048.887,9354381,0,0,0.0,0,0,0,0,0,0,0
2048.974,9354469,0,0,0.0,0,0,0,0,0,0,0
2049.074,9354569,0,0,0.0,0,0,0,0,0,0,0
2049.174,9354669,0,0,0.0,0,0,0,0,0,0,0
2049.274,9354769,0,0,0.0,0,0,0,0,0,0,0
2049.374,9354869,0,0,0.0,0,0,0,0,0,0,0
2049.474,9354969,0,0,0.0,0,0,0,0,0,0,0
2049.574,9355069,0,0,0.0,0,0,0,0,0,0,0
2049.674,9355169,0,0,0.0,0,0,0,0,0,0,0
2049.774,9355269,0,0,0.0,0,0,0,0,0,0,0
2049.874,9355369,0,0,0.0,0,0,0,0,0,0,0
2049.974,9355469,0,0,0.0,0,0,0,0,0,0,0
2050.074,9355569,0,0,0.0,0,0,0,0,0,0,0
2050.174,9355669,0,0,0.0,0,0,0,0,0,0,0
2050.273,9355769,0,0,0.0,0,0,0,0,0,0,0
2050.373,9355869,0,0,0.0,0,0,0,0,0,0,0
2050.474,9355969,0,0,0.0,0,0,0,0,0,0,0
2050.573,9356069,0,0,0.0,0,0,0,0,0,0,0
2050.675,9356169,0,0,0.0,0,0,0,0,0,0,0
2050.777,9356269,0,0,0.0,0,0,0,0,0,0,0
2050.887,9356381,0,0,0.0,0,0,0,0,0,0,0
2050.974,9356469,0,0,0.0,0,0,0,0,0,0,0
2051.074,9356569,0,0,0.0,0,0,0,0,0,0,0
2051.174,9356669,0,0,0.0,0,0,0,0,0,0,0
2051.274,9356769,0,0,0.0,0,0,0,0,0,0,0
2051.374,9356869,0,0,0.0,0,0,0,0,0,0,0
2051.474,9356969,0,0,0.0,0,0,0,0,0,0,0
2051.573,9357069,0,0,0.0,0,0,0,0,0,0,0
2051.673,9357169,0,0,0.0,0,0,0,0,0,0,0
2051.774,9357269,0,0,0.0,0,0,0,0,0,0,0
2051.874,9357369,0,0,0.0,0,0,0,0,0,0,0
2051.973,9357469,0,0,0.0,0,0,0,0,0,0,0
2052.074,9357569,0,0,0.0,0,0,0,0,0,0,0
2052.174,9357669,0,0,0.0,0,0,0,0,0,0,0
2052.274,9357769,0,0,0.0,0,0,0,0,0,0,0
2052.373,9357869,0,0,0.0,0,0,0,0,0,0,0
2052.474,9357969,0,0,0.0,0,0,0,0,0,0,0
2052.574,9358069,0,0,0.0,0,0,0,0,0,0,0
2052.674,9358169,0,0,0.0,0,0,0,0,0,0,0
2052.774,9358269,0,0,0.0,0,0,0,0,0,0,0
2052.887,9358381,0,0,0.0,0,0,0,0,0,0,0
2052.974,9358469,0,0,0.0,0,0,0,0,0,0,0
2053.073,9358569,0,0,0.0,0,0,0,0,0,0,0
2053.173,9358669,0,0,0.0,0,0,0,0,0,0,0
2053.274,9358769,0,0,0.0,0,0,0,0,0,0,0
2053.374,9358869,0,0,0.0,0,0,0,0,0,0,0
2053.474,9358969,0,0,0.0,0,0,0,0,0,0,0
2053.573,9359069,0,0,0.0,0,0,0,0,0,0,0
2053.675,9359169,0,0,0.0,0,0,0,0,0,0,0
2053.773,9359269,0,0,0.0,0,0,0,0,0,0,0
2053.874,9359369,0,0,0.0,0,0,0,0,0,0,0
2053.974,9359469,0,0,0.0,0,0,0,0,0,0,0
2054.073,9359569,0,0,0.0,0,0,0,0,0,0,0
2054.173,9359669,0,0,0.0,0,0,0,0,0,0,0
2054.274,9359769,0,0,0.0,0,0,0,0,0,0,0
2054.374,9359869,0,0,0.0,0,0,0,0,0,0,0
2054.473,9359969,0,0,0.0,0,0,0,0,0,0,0
2054.574,9360069,0,0,0.0,0,0,0,0,0,0,0
2054.674,9360169,0,0,0.0,0,0,0,0,0,0,0
2054.773,9360269,0,0,0.0,0,0,0,0,0,0,0
2054.886,9360381,0,0,0.0,0,0,0,0,0,0,0
2054.974,9360469,0,0,0.0,0,0,0,0,0,0,0
2055.074,9360569,0,0,0.0,0,0,0,0,0,0,0
2055.173,9360669,0,0,0.0,0,0,0,0,0,0,0
2055.273,9360769,0,0,0.0,0,0,0,0,0,0,0
2055.373,9360869,0,0,0.0,0,0,0,0,0,0,0
2055.474,9360969,0,0,0.0,0,0,0,0,0,0,0
2055.573,9361069,0,0,0.0,0,0,0,0,0,0,0
2055.673,9361169,0,0,0.0,0,0,0,0,0,0,0
2055.773,9361269,0,0,0.0,0,0,0,0,0,0,0
2055.874,9361369,0,0,0.0,0,0,0,0,0,0,0
2055.974,9361469,0,0,0.0,0,0,0,0,0,0,0
2056.073,9361569,0,0,0.0,0,0,0,0,0,0,0
2056.175,9361669,0,0,0.0,0,0,0,0,0,0,0
2056.273,9361769,0,0,0.0,0,0,0,0,0,0,0
2056.373,9361869,0,0,0.0,0,0,0,0,0,0,0
2056.473,9361969,0,0,0.0,0,0,0,0,0,0,0
2056.573,9362069,0,0,0.0,0,0,0,0,0,0,0
2056.673,9362169,0,0,0.0,0,0,0,0,0,0,0
2056.773,9362269,0,0,0.0,0,0,0,0,0,0,0
2056.886,9362381,0,0,0.0,0,0,0,0,0,0,0
2056.973,9362469,0,0,0.0,0,0,0,0,0,0,0
2057.073,9362569,0,0,0.0,0,0,0,0,0,0,0
2057.173,9362669,0,0,0.0,0,0,0,0,0,0,0
2057.273,9362769,0,0,0.0,0,0,0,0,0,0,0
2057.373,9362869,0,0,0.0,0,0,0,0,0,0,0
2057.473,9362969,0,0,0.0,0,0,0,0,0,0,0
2057.573,9363069,0,0,0.0,0,0,0,0,0,0,0
2057.673,9363169,0,0,0.0,0,0,0,0,0,0,0
2057.773,9363269,0,0,0.0,0,0,0,0,0,0,0
2057.873,9363369,0,0,0.0,0,0,0,0,0,0,0
2057.973,9363469,0,0,0.0,0,0,0,0,0,0,0
2058.073,9363569,0,0,0.0,0,0,0,0,0,0,0
2058.173,9363669,0,0,0.0,0,0,0,0,0,0,0
2058.274,9363769,0,0,0.0,0,0,0,0,0,0,0
2058.373,9363869,0,0,0.0,0,0,0,0,0,0,0
2058.473,9363969,0,0,0.0,0,0,0,0,0,0,0
2058.573,9364069,0,0,0.0,0,0,0,0,0,0,0
2058.673,9364169,0,0,0.0,0,0,0,0,0,0,0
2058.773,9364269,0,0,0.0,0,0,0,0,0,0,0
2058.886,9364381,0,0,0.0,0,0,0,0,0,0,0
2058.973,9364469,0,0,0.0,0,0,0,0,0,0,0
2059.074,9364569,0,0,0.0,0,0,0,0,0,0,0
2059.173,9364669,0,0,0.0,0,0,0,0,0,0,0
2059.274,9364769,0,0,0.0,0,0,0,0,0,0,0
2059.373,9364869,0,0,0.0,0,0,0,0,0,0,0
2059.473,9364969,0,0,0.0,0,0,0,0,0,0,0
2059.576,9365069,0,0,0.0,0,0,0,0,0,0,0
2059.673,9365169,0,0,0.0,0,0,0,0,0,0,0
2059.773,9365269,0,0,0.0,0,0,0,0,0,0,0
2059.874,9365369,0,0,0.0,0,0,0,0,0,0,0
2059.973,9365469,0,0,0.0,0,0,0,0,0,0,0
2060.073,9365569,0,0,0.0,0,0,0,0,0,0,0
2060.173,9365669,0,0,0.0,0,0,0,0,0,0,0
2060.273,9365769,0,0,0.0,0,0,0,0,0,0,0
2060.373,9365869,0,0,0.0,0,0,0,0,0,0,0
2060.473,9365969,0,0,0.0,0,0,0,0,0,0,0
2060.573,9366069,0,0,0.0,0,0,0,0,0,0,0
2060.673,9366169,0,0,0.0,0,0,0,0,0,0,0
2060.773,9366269,0,0,0.0,0,0,0,0,0,0,0
2060.886,9366381,0,0,0.0,0,0,0,0,0,0,0
2060.974,9366469,0,0,0.0,0,0,0,0,0,0,0
2061.073,9366569,0,0,0.0,0,0,0,0,0,0,0
2061.173,9366669,0,0,0.0,0,0,0,0,0,0,0
2061.273,9366769,0,0,0.0,0,0,0,0,0,0,0
2061.373,9366869,0,0,0.0,0,0,0,0,0,0,0
2061.473,9366969,0,0,0.0,0,0,0,0,0,0,0
2061.573,9367069,0,0,0.0,0,0,0,0,0,0,0
2061.673,9367169,0,0,0.0,0,0,0,0,0,0,0
2061.773,9367269,0,0,0.0,0,0,0,0,0,0,0
2061.874,9367369,0,0,0.0,0,0,0,0,0,0,0
2061.973,9367469,0,0,0.0,0,0,0,0,0,0,0
2062.073,9367569,0,0,0.0,0,0,0,0,0,0,0
2062.173,9367669,0,0,0.0,0,0,0,0,0,0,0
2062.273,9367769,0,0,0.0,0,0,0,0,0,0,0
2062.373,9367869,0,0,0.0,0,0,0,0,0,0,0
2062.473,9367969,0,0,0.0,0,0,0,0,0,0,0
2062.573,9368069,0,0,0.0,0,0,0,0,0,0,0
2062.673,9368169,0,0,0.0,0,0,0,0,0,0,0
2062.773,9368269,0,0,0.0,0,0,0,0,0,0,0
2062.886,9368381,0,0,0.0,0,0,0,0,0,0,0
2062.973,9368469,0,0,0.0,0,0,0,0,0,0,0
2063.073,9368569,0,0,0.0,0,0,0,0,0,0,0
2063.173,9368669,0,0,0.0,0,0,0,0,0,0,0
2063.273,9368769,0,0,0.0,0,0,0,0,0,0,0
2063.373,9368869,0,0,0.0,0,0,0,0,0,0,0
2063.473,9368969,0,0,0.0,0,0,0,0,0,0,0
2063.573,9369069,0,0,0.0,0,0,0,0,0,0,0
2063.673,9369169,0,0,0.0,0,0,0,0,0,0,0
2063.773,9369269,0,0,0.0,0,0,0,0,0,0,0
2063.873,9369369,0,0,0.0,0,0,0,0,0,0,0
2063.976,9369469,0,0,0.0,0,0,0,0,0,0,0
2064.073,9369569,0,0,0.0,0,0,0,0,0,0,0
2064.173,9369669,0,0,0.0,0,0,0,0,0,0,0
2064.273,9369769,0,0,0.0,0,0,0,0,0,0,0
2064.373,9369869,0,0,0.0,0,0,0,0,0,0,0
2064.473,9369969,0,0,0.0,0,0,0,0,0,0,0
2064.573,9370069,0,0,0.0,0,0,0,0,0,0,0
2064.673,9370169,0,0,0.0,0,0,0,0,0,0,0
2064.773,9370269,0,0,0.0,0,0,0,0,0,0,0
2064.886,9370381,0,0,0.0,0,0,0,0,0,0,0
2064.973,9370469,0,0,0.0,0,0,0,0,0,0,0
2065.073,9370569,0,0,0.0,0,0,0,0,0,0,0
2065.173,9370669,0,0,0.0,0,0,0,0,0,0,0
2065.273,9370769,0,0,0.0,0,0,0,0,0,0,0
2065.373,9370869,0,0,0.0,0,0,0,0,0,0,0
2065.473,9370969,0,0,0.0,0,0,0,0,0,0,0
2065.572,9371069,0,0,0.0,0,0,0,0,0,0,0
2065.673,9371169,0,0,0.0,0,0,0,0,0,0,0
2065.773,9371269,0,0,0.0,0,0,0,0,0,0,0
2065.873,9371369,0,0,0.0,0,0,0,0,0,0,0
2065.973,9371469,0,0,0.0,0,0,0,0,0,0,0
2066.073,9371569,0,0,0.0,0,0,0,0,0,0,0
2066.173,9371669,0,0,0.0,0,0,0,0,0,0,0
2066.273,9371769,0,0,0.0,0,0,0,0,0,0,0
2066.374,9371869,0,0,0.0,0,0,0,0,0,0,0
2066.473,9371969,0,0,0.0,0,0,0,0,0,0,0
2066.573,9372069,0,0,0.0,0,0,0,0,0,0,0
2066.673,9372169,0,0,0.0,0,0,0,0,0,0,0
2066.773,9372269,0,0,0.0,0,0,0,0,0,0,0
2066.886,9372381,0,0,0.0,0,0,0,0,0,0,0
2066.973,9372469,0,0,0.0,0,0,0,0,0,0,0
2067.073,9372569,0,0,0.0,0,0,0,0,0,0,0
2067.173,9372669,0,0,0.0,0,0,0,0,0,0,0
2067.273,9372769,0,0,0.0,0,0,0,0,0,0,0
2067.372,9372869,0,0,0.0,0,0,0,0,0,0,0
2067.473,9372969,0,0,0.0,0,0,0,0,0,0,0
2067.573,9373069,0,0,0.0,0,0,0,0,0,0,0
2067.673,9373169,0,0,0.0,0,0,0,0,0,0,0
2067.772,9373269,0,0,0.0,0,0,0,0,0,0,0
2067.873,9373369,0,0,0.0,0,0,0,0,0,0,0
2067.973,9373469,0,0,0.0,0,0,0,0,0,0,0
2068.073,9373569,0,0,0.0,0,0,0,0,0,0,0
2068.173,9373669,0,0,0.0,0,0,0,0,0,0,0
2068.273,9373769,0,0,0.0,0,0,0,0,0,0,0
2068.373,9373869,0,0,0.0,0,0,0,0,0,0,0
2068.473,9373969,0,0,0.0,0,0,0,0,0,0,0
2068.573,9374069,0,0,0.0,0,0,0,0,0,0,0
2068.673,9374169,0,0,0.0,0,0,0,0,0,0,0
2068.773,9374269,0,0,0.0,0,0,0,0,0,0,0
2068.885,9374381,0,0,0.0,0,0,0,0,0,0,0
2068.973,9374469,0,0,0.0,0,0,0,0,0,0,0
2069.073,9374569,0,0,0.0,0,0,0,0,0,0,0
2069.173,9374669,0,0,0.0,0,0,0,0,0,0,0
2069.273,9374769,0,0,0.0,0,0,0,0,0,0,0
2069.373,9374869,0,0,0.0,0,0,0,0,0,0,0
2069.472,9374969,0,0,0.0,0,0,0,0,0,0,0
2069.573,9375069,0,0,0.0,0,0,0,0,0,0,0
2069.672,9375169,0,0,0.0,0,0,0,0,0,0,0
2069.773,9375269,0,0,0.0,0,0,0,0,0,0,0
2069.873,9375369,0,0,0.0,0,0,0,0,0,0,0
2069.973,9375469,0,0,0.0,0,0,0,0,0,0,0
2070.073,9375569,0,0,0.0,0,0,0,0,0,0,0
2070.172,9375669,0,0,0.0,0,0,0,0,0,0,0
2070.273,9375769,0,0,0.0,0,0,0,0,0,0,0
2070.373,9375869,0,0,0.0,0,0,0,0,0,0,0
2070.472,9375969,0,0,0.0,0,0,0,0,0,0,0
2070.573,9376069,0,0,0.0,0,0,0,0,0,0,0
2070.672,9376169,0,0,0.0,0,0,0,0,0,0,0
2070.772,9376269,0,0,0.0,0,0,0,0,0,0,0
2070.885,9376381,0,0,0.0,0,0,0,0,0,0,0
2070.973,9376469,0,0,0.0,0,0,0,0,0,0,0
2071.072,9376569,0,0,0.0,0,0,0,0,0,0,0
2071.173,9376669,0,0,0.0,0,0,0,0,0,0,0
2071.272,9376769,0,0,0.0,0,0,0,0,0,0,0
2071.372,9376869,0,0,0.0,0,0,0,0,0,0,0
2071.473,9376969,0,0,0.0,0,0,0,0,0,0,0
2071.572,9377069,0,0,0.0,0,0,0,0,0,0,0
2071.673,9377169,0,0,0.0,0,0,0,0,0,0,0
2071.772,9377269,0,0,0.0,0,0,0,0,0,0,0
2071.873,9377369,0,0,0.0,0,0,0,0,0,0,0
2071.972,9377469,0,0,0.0,0,0,0,0,0,0,0
2072.073,9377569,0,0,0.0,0,0,0,0,0,0,0
2072.173,9377669,0,0,0.0,0,0,0,0,0,0,0
2072.273,9377769,0,0,0.0,0,0,0,0,0,0,0
2072.372,9377869,0,0,0.0,0,0,0,0,0,0,0
2072.472,9377969,0,0,0.0,0,0,0,0,0,0,0
2072.572,9378069,0,0,0.0,0,0,0,0,0,0,0
2072.673,9378169,0,0,0.0,0,0,0,0,0,0,0
2072.772,9378269,0,0,0.0,0,0,0,0,0,0,0
2072.885,9378381,0,0,0.0,0,0,0,0,0,0,0
2072.972,9378469,0,0,0.0,0,0,0,0,0,0,0
2073.072,9378569,0,0,0.0,0,0,0,0,0,0,0
2073.172,9378669,0,0,0.0,0,0,0,0,0,0,0
2073.273,9378769,0,0,0.0,0,0,0,0,0,0,0
2073.372,9378869,0,0,0.0,0,0,0,0,0,0,0
2073.473,9378969,0,0,0.0,0,0,0,0,0,0,0
2073.572,9379069,0,0,0.0,0,0,0,0,0,0,0
2073.672,9379169,0,0,0.0,0,0,0,0,0,0,0
2073.772,9379269,0,0,0.0,0,0,0,0,0,0,0
2073.872,9379369,0,0,0.0,0,0,0,0,0,0,0
2073.973,9379469,0,0,0.0,0,0,0,0,0,0,0
2074.073,9379569,0,0,0.0,0,0,0,0,0,0,0
2074.172,9379669,0,0,0.0,0,0,0,0,0,0,0
2074.272,9379769,0,0,0.0,0,0,0,0,0,0,0
2074.372,9379869,0,0,0.0,0,0,0,0,0,0,0
2074.473,9379969,0,0,0.0,0,0,0,0,0,0,0
2074.572,9380069,0,0,0.0,0,0,0,0,0,0,0
2074.672,9380169,0,0,0.0,0,0,0,0,0,0,0
2074.772,9380269,0,0,0.0,0,0,0,0,0,0,0
2074.885,9380381,0,0,0.0,0,0,0,0,0,0,0
2074.972,9380469,0,0,0.0,0,0,0,0,0,0,0
2075.072,9380569,0,0,0.0,0,0,0,0,0,0,0
2075.172,9380669,0,0,0.0,0,0,0,0,0,0,0
2075.272,9380769,0,0,0.0,0,0,0,0,0,0,0
2075.372,9380869,0,0,0.0,0,0,0,0,0,0,0
2075.472,9380969,0,0,0.0,0,0,0,0,0,0,0
2075.572,9381069,0,0,0.0,0,0,0,0,0,0,0
2075.673,9381169,0,0,0.0,0,0,0,0,0,0,0
2075.772,9381269,0,0,0.0,0,0,0,0,0,0,0
2075.872,9381369,0,0,0.0,0,0,0,0,0,0,0
2075.972,9381469,0,0,0.0,0,0,0,0,0,0,0
2076.072,9381569,0,0,0.0,0,0,0,0,0,0,0
2076.172,9381669,0,0,0.0,0,0,0,0,0,0,0
2076.272,9381769,0,0,0.0,0,0,0,0,0,0,0
2076.372,9381869,0,0,0.0,0,0,0,0,0,0,0
2076.472,9381969,0,0,0.0,0,0,0,0,0,0,0
2076.572,9382069,0,0,0.0,0,0,0,0,0,0,0
2076.672,9382169,0,0,0.0,0,0,0,0,0,0,0
2076.772,9382269,0,0,0.0,0,0,0,0,0,0,0
2076.885,9382381,0,0,0.0,0,0,0,0,0,0,0
2076.972,9382469,0,0,0.0,0,0,0,0,0,0,0
2077.072,9382569,0,0,0.0,0,0,0,0,0,0,0
2077.172,9382669,0,0,0.0,0,0,0,0,0,0,0
2077.272,9382769,0,0,0.0,0,0,0,0,0,0,0
2077.372,9382869,0,0,0.0,0,0,0,0,0,0,0
2077.472,9382969,0,0,0.0,0,0,0,0,0,0,0
2077.572,9383069,0,0,0.0,0,0,0,0,0,0,0
2077.672,9383169,0,0,0.0,0,0,0,0,0,0,0
2077.772,9383269,0,0,0.0,0,0,0,0,0,0,0
2077.872,9383369,0,0,0.0,0,0,0,0,0,0,0
2077.972,9383469,0,0,0.0,0,0,0,0,0,0,0
2078.072,9383569,0,0,0.0,0,0,0,0,0,0,0
2078.172,9383669,0,0,0.0,0,0,0,0,0,0,0
2078.272,9383769,0,0,0.0,0,0,0,0,0,0,0
2078.372,9383869,0,0,0.0,0,0,0,0,0,0,0
2078.472,9383969,0,0,0.0,0,0,0,0,0,0,0
2078.572,9384069,0,0,0.0,0,0,0,0,0,0,0
2078.672,9384169,0,0,0.0,0,0,0,0,0,0,0
2078.772,9384269,0,0,0.0,0,0,0,0,0,0,0
2078.885,9384381,0,0,0.0,0,0,0,0,0,0,0
2078.972,9384469,0,0,0.0,0,0,0,0,0,0,0
2079.072,9384569,0,0,0.0,0,0,0,0,0,0,0
2079.172,9384669,0,0,0.0,0,0,0,0,0,0,0
2079.272,9384769,0,0,0.0,0,0,0,0,0,0,0
2079.372,9384869,0,0,0.0,0,0,0,0,0,0,0
2079.472,9384969,0,0,0.0,0,0,0,0,0,0,0
2079.572,9385069,0,0,0.0,0,0,0,0,0,0,0
2079.672,9385169,0,0,0.0,0,0,0,0,0,0,0
2079.772,9385269,0,0,0.0,0,0,0,0,0,0,0
2079.872,9385369,0,0,0.0,0,0,0,0,0,0,0
2079.972,9385469,0,0,0.0,0,0,0,0,0,0,0
2080.072,9385569,0,0,0.0,0,0,0,0,0,0,0
2080.173,9385669,0,0,0.0,0,0,0,0,0,0,0
2080.272,9385769,0,0,0.0,0,0,0,0,0,0,0
2080.372,9385869,0,0,0.0,0,0,0,0,0,0,0
2080.472,9385969,0,0,0.0,0,0,0,0,0,0,0
2080.572,9386069,0,0,0.0,0,0,0,0,0,0,0
2080.672,9386169,0,0,0.0,0,0,0,0,0,0,0
2080.772,9386269,0,0,0.0,0,0,0,0,0,0,0
2080.885,9386381,0,0,0.0,0,0,0,0,0,0,0
2080.972,9386469,0,0,0.0,0,0,0,0,0,0,0
2081.072,9386569,0,0,0.0,0,0,0,0,0,0,0
2081.172,9386669,0,0,0.0,0,0,0,0,0,0,0
2081.272,9386769,0,0,0.0,0,0,0,0,0,0,0
2081.372,9386869,0,0,0.0,0,0,0,0,0,0,0
2081.472,9386969,0,0,0.0,0,0,0,0,0,0,0
2081.572,9387069,0,0,0.0,0,0,0,0,0,0,0
2081.672,9387169,0,0,0.0,0,0,0,0,0,0,0
2081.772,9387269,0,0,0.0,0,0,0,0,0,0,0
2081.872,9387369,0,0,0.0,0,0,0,0,0,0,0
2081.972,9387469,0,0,0.0,0,0,0,0,0,0,0
2082.072,9387569,0,0,0.0,0,0,0,0,0,0,0
2082.172,9387669,0,0,0.0,0,0,0,0,0,0,0
2082.272,9387769,0,0,0.0,0,0,0,0,0,0,0
2082.372,9387869,0,0,0.0,0,0,0,0,0,0,0
2082.472,9387969,0,0,0.0,0,0,0,0,0,0,0
2082.572,9388069,0,0,0.0,0,0,0,0,0,0,0
2082.672,9388169,0,0,0.0,0,0,0,0,0,0,0
2082.772,9388269,0,0,0.0,0,0,0,0,0,0,0
2082.884,9388381,0,0,0.0,0,0,0,0,0,0,0
2082.971,9388469,0,0,0.0,0,0,0,0,0,0,0
2083.071,9388569,0,0,0.0,0,0,0,0,0,0,0
2083.172,9388669,0,0,0.0,0,0,0,0,0,0,0
2083.271,9388769,0,0,0.0,0,0,0,0,0,0,0
2083.372,9388869,0,0,0.0,0,0,0,0,0,0,0
2083.472,9388969,0,0,0.0,0,0,0,0,0,0,0
2083.572,9389069,0,0,0.0,0,0,0,0,0,0,0
2083.672,9389169,0,0,0.0,0,0,0,0,0,0,0
2083.772,9389269,0,0,0.0,0,0,0,0,0,0,0
2083.872,9389369,0,0,0.0,0,0,0,0,0,0,0
2083.972,9389469,0,0,0.0,0,0,0,0,0,0,0
2084.072,9389569,0,0,0.0,0,0,0,0,0,0,0
2084.172,9389669,0,0,0.0,0,0,0,0,0,0,0
2084.272,9389769,0,0,0.0,0,0,0,0,0,0,0
2084.371,9389869,0,0,0.0,0,0,0,0,0,0,0
2084.471,9389969,0,0,0.0,0,0,0,0,0,0,0
2084.572,9390069,0,0,0.0,0,0,0,0,0,0,0
2084.678,9390169,0,0,0.0,0,0,0,0,0,0,0
2084.772,9390269,0,0,0.0,0,0,0,0,0,0,0
2084.884,9390381,0,0,0.0,0,0,0,0,0,0,0
2084.972,9390469,0,0,0.0,0,0,0,0,0,0,0
2085.072,9390569,0,0,0.0,0,0,0,0,0,0,0
2085.173,9390669,0,0,0.0,0,0,0,0,0,0,0
2085.272,9390769,0,0,0.0,0,0,0,0,0,0,0
2085.372,9390869,0,0,0.0,0,0,0,0,0,0,0
2085.472,9390969,0,0,0.0,0,0,0,0,0,0,0
2085.572,9391069,0,0,0.0,0,0,0,0,0,0,0
2085.672,9391169,0,0,0.0,0,0,0,0,0,0,0
2085.771,9391269,0,0,0.0,0,0,0,0,0,0,0
2085.872,9391369,0,0,0.0,0,0,0,0,0,0,0
2085.972,9391469,0,0,0.0,0,0,0,0,0,0,0
2086.071,9391569,0,0,0.0,0,0,0,0,0,0,0
2086.172,9391669,0,0,0.0,0,0,0,0,0,0,0
2086.271,9391769,0,0,0.0,0,0,0,0,0,0,0
2086.371,9391869,0,0,0.0,0,0,0,0,0,0,0
2086.471,9391969,0,0,0.0,0,0,0,0,0,0,0
2086.572,9392069,0,0,0.0,0,0,0,0,0,0,0
2086.672,9392169,0,0,0.0,0,0,0,0,0,0,0
2086.772,9392269,0,0,0.0,0,0,0,0,0,0,0
2086.885,9392381,0,0,0.0,0,0,0,0,0,0,0
2086.972,9392469,0,0,0.0,0,0,0,0,0,0,0
2087.072,9392569,0,0,0.0,0,0,0,0,0,0,0
2087.173,9392669,0,0,0.0,0,0,0,0,0,0,0
2087.271,9392769,0,0,0.0,0,0,0,0,0,0,0
2087.371,9392869,0,0,0.0,0,0,0,0,0,0,0
2087.471,9392969,0,0,0.0,0,0,0,0,0,0,0
2087.573,9393069,0,0,0.0,0,0,0,0,0,0,0
2087.672,9393169,0,0,0.0,0,0,0,0,0,0,0
2087.771,9393269,0,0,0.0,0,0,0,0,0,0,0
2087.871,9393369,0,0,0.0,0,0,0,0,0,0,0
2087.971,9393469,0,0,0.0,0,0,0,0,0,0,0
2088.071,9393569,0,0,0.0,0,0,0,0,0,0,0
2088.171,9393669,0,0,0.0,0,0,0,0,0,0,0
2088.272,9393769,0,0,0.0,0,0,0,0,0,0,0
2088.371,9393869,0,0,0.0,0,0,0,0,0,0,0
2088.472,9393969,0,0,0.0,0,0,0,0,0,0,0
2088.571,9394069,0,0,0.0,0,0,0,0,0,0,0
2088.672,9394169,0,0,0.0,0,0,0,0,0,0,0
2088.771,9394269,0,0,0.0,0,0,0,0,0,0,0
2088.885,9394381,0,0,0.0,0,0,0,0,0,0,0
2088.971,9394469,0,0,0.0,0,0,0,0,0,0,0
2089.071,9394569,0,0,0.0,0,0,0,0,0,0,0
2089.171,9394669,0,0,0.0,0,0,0,0,0,0,0
2089.272,9394769,0,0,0.0,0,0,0,0,0,0,0
2089.371,9394869,0,0,0.0,0,0,0,0,0,0,0
2089.471,9394969,0,0,0.0,0,0,0,0,0,0,0
2089.571,9395069,0,0,0.0,0,0,0,0,0,0,0
2089.673,9395169,0,0,0.0,0,0,0,0,0,0,0
2089.771,9395269,0,0,0.0,0,0,0,0,0,0,0
2089.871,9395369,0,0,0.0,0,0,0,0,0,0,0
2089.971,9395469,0,0,0.0,0,0,0,0,0,0,0
2090.071,9395569,0,0,0.0,0,0,0,0,0,0,0
2090.171,9395669,0,0,0.0,0,0,0,0,0,0,0
2090.271,9395769,0,0,0.0,0,0,0,0,0,0,0
2090.371,9395869,0,0,0.0,0,0,0,0,0,0,0
2090.472,9395969,0,0,0.0,0,0,0,0,0,0,0
2090.571,9396069,0,0,0.0,0,0,0,0,0,0,0
2090.671,9396169,0,0,0.0,0,0,0,0,0,0,0
2090.771,9396269,0,0,0.0,0,0,0,0,0,0,0
2090.884,9396381,0,0,0.0,0,0,0,0,0,0,0
2090.971,9396469,0,0,0.0,0,0,0,0,0,0,0
2091.071,9396569,0,0,0.0,0,0,0,0,0,0,0
2091.171,9396669,0,0,0.0,0,0,0,0,0,0,0
2091.271,9396769,0,0,0.0,0,0,0,0,0,0,0
2091.371,9396869,0,0,0.0,0,0,0,0,0,0,0
2091.471,9396969,0,0,0.0,0,0,0,0,0,0,0
2091.571,9397069,0,0,0.0,0,0,0,0,0,0,0
2091.671,9397169,0,0,0.0,0,0,0,0,0,0,0
2091.771,9397269,0,0,0.0,0,0,0,0,0,0,0
2091.871,9397369,0,0,0.0,0,0,0,0,0,0,0
2091.971,9397469,0,0,0.0,0,0,0,0,0,0,0
2092.071,9397569,0,0,0.0,0,0,0,0,0,0,0
2092.172,9397669,0,0,0.0,0,0,0,0,0,0,0
2092.271,9397769,0,0,0.0,0,0,0,0,0,0,0
2092.371,9397869,0,0,0.0,0,0,0,0,0,0,0
2092.471,9397969,0,0,0.0,0,0,0,0,0,0,0
2092.571,9398069,0,0,0.0,0,0,0,0,0,0,0
2092.671,9398169,0,0,0.0,0,0,0,0,0,0,0
2092.771,9398269,0,0,0.0,0,0,0,0,0,0,0
2092.884,9398381,0,0,0.0,0,0,0,0,0,0,0
2092.971,9398469,0,0,0.0,0,0,0,0,0,0,0
2093.071,9398569,0,0,0.0,0,0,0,0,0,0,0
2093.171,9398669,0,0,0.0,0,0,0,0,0,0,0
2093.271,9398769,0,0,0.0,0,0,0,0,0,0,0
2093.371,9398869,0,0,0.0,0,0,0,0,0,0,0
2093.471,9398969,0,0,0.0,0,0,0,0,0,0,0
2093.571,9399069,0,0,0.0,0,0,0,0,0,0,0
2093.671,9399169,0,0,0.0,0,0,0,0,0,0,0
2093.771,9399269,0,0,0.0,0,0,0,0,0,0,0
2093.871,9399369,0,0,0.0,0,0,0,0,0,0,0
2093.971,9399469,0,0,0.0,0,0,0,0,0,0,0
2094.071,9399569,0,0,0.0,0,0,0,0,0,0,0
2094.171,9399669,0,0,0.0,0,0,0,0,0,0,0
2094.271,9399769,0,0,0.0,0,0,0,0,0,0,0
2094.371,9399869,0,0,0.0,0,0,0,0,0,0,0
2094.471,9399969,0,0,0.0,0,0,0,0,0,0,0
2094.571,9400069,0,0,0.0,0,0,0,0,0,0,0
2094.671,9400169,0,0,0.0,0,0,0,0,0,0,0
2094.771,9400269,0,0,0.0,0,0,0,0,0,0,0
2094.884,9400381,0,0,0.0,0,0,0,0,0,0,0
2094.971,9400469,0,0,0.0,0,0,0,0,0,0,0
2095.071,9400569,0,0,0.0,0,0,0,0,0,0,0
2095.171,9400669,0,0,0.0,0,0,0,0,0,0,0
2095.271,9400769,0,0,0.0,0,0,0,0,0,0,0
2095.371,9400869,0,0,0.0,0,0,0,0,0,0,0
2095.471,9400969,0,0,0.0,0,0,0,0,0,0,0
2095.571,9401069,0,0,0.0,0,0,0,0,0,0,0
2095.670,9401169,0,0,0.0,0,0,0,0,0,0,0
2095.771,9401269,0,0,0.0,0,0,0,0,0,0,0
2095.871,9401369,0,0,0.0,0,0,0,0,0,0,0
2095.971,9401469,0,0,0.0,0,0,0,0,0,0,0
2096.071,9401569,0,0,0.0,0,0,0,0,0,0,0
2096.171,9401669,0,0,0.0,0,0,0,0,0,0,0
2096.271,9401769,0,0,0.0,0,0,0,0,0,0,0
2096.371,9401869,0,0,0.0,0,0,0,0,0,0,0
2096.471,9401969,0,0,0.0,0,0,0,0,0,0,0
2096.571,9402069,0,0,0.0,0,0,0,0,0,0,0
2096.671,9402169,0,0,0.0,0,0,0,0,0,0,0
2096.771,9402269,0,0,0.0,0,0,0,0,0,0,0
2096.884,9402381,0,0,0.0,0,0,0,0,0,0,0
2096.971,9402469,0,0,0.0,0,0,0,0,0,0,0
2097.071,9402569,0,0,0.0,0,0,0,0,0,0,0
2097.171,9402669,0,0,0.0,0,0,0,0,0,0,0
2097.271,9402769,0,0,0.0,0,0,0,0,0,0,0
2097.370,9402869,0,0,0.0,0,0,0,0,0,0,0
2097.471,9402969,0,0,0.0,0,0,0,0,0,0,0
2097.571,9403069,0,0,0.0,0,0,0,0,0,0,0
2097.671,9403169,0,0,0.0,0,0,0,0,0,0,0
2097.771,9403269,0,0,0.0,0,0,0,0,0,0,0
2097.871,9403369,0,0,0.0,0,0,0,0,0,0,0
2097.971,9403469,0,0,0.0,0,0,0,0,0,0,0
2098.071,9403569,0,0,0.0,0,0,0,0,0,0,0
2098.171,9403669,0,0,0.0,0,0,0,0,0,0,0
2098.270,9403769,0,0,0.0,0,0,0,0,0,0,0
2098.371,9403869,0,0,0.0,0,0,0,0,0,0,0
2098.471,9403969,0,0,0.0,0,0,0,0,0,0,0
2098.571,9404069,0,0,0.0,0,0,0,0,0,0,0
2098.671,9404169,0,0,0.0,0,0,0,0,0,0,0
2098.771,9404269,0,0,0.0,0,0,0,0,0,0,0
2098.884,9404381,0,0,0.0,0,0,0,0,0,0,0
2098.971,9404469,0,0,0.0,0,0,0,0,0,0,0
2099.071,9404569,0,0,0.0,0,0,0,0,0,0,0
2099.171,9404669,0,0,0.0,0,0,0,0,0,0,0
2099.271,9404769,0,0,0.0,0,0,0,0,0,0,0
2099.372,9404869,0,0,0.0,0,0,0,0,0,0,0
2099.471,9404969,0,0,0.0,0,0,0,0,0,0,0
2099.571,9405069,0,0,0.0,0,0,0,0,0,0,0
2099.671,9405169,0,0,0.0,0,0,0,0,0,0,0
2099.771,9405269,0,0,0.0,0,0,0,0,0,0,0
2099.871,9405369,0,0,0.0,0,0,0,0,0,0,0
2099.971,9405469,0,0,0.0,0,0,0,0,0,0,0
2100.071,9405569,0,0,0.0,0,0,0,0,0,0,0
2100.170,9405669,0,0,0.0,0,0,0,0,0,0,0
2100.271,9405769,0,0,0.0,0,0,0,0,0,0,0
2100.371,9405869,0,0,0.0,0,0,0,0,0,0,0
2100.471,9405969,0,0,0.0,0,0,0,0,0,0,0
2100.571,9406069,0,0,0.0,0,0,0,0,0,0,0
2100.671,9406169,0,0,0.0,0,0,0,0,0,0,0
2100.771,9406269,0,0,0.0,0,0,0,0,0,0,0
2100.884,9406381,0,0,0.0,0,0,0,0,0,0,0
2100.971,9406469,0,0,0.0,0,0,0,0,0,0,0
2101.071,9406569,0,0,0.0,0,0,0,0,0,0,0
2101.171,9406669,0,0,0.0,0,0,0,0,0,0,0
2101.271,9406769,0,0,0.0,0,0,0,0,0,0,0
2101.370,9406869,0,0,0.0,0,0,0,0,0,0,0
2101.471,9406969,0,0,0.0,0,0,0,0,0,0,0
2101.571,9407069,0,0,0.0,0,0,0,0,0,0,0
2101.671,9407169,0,0,0.0,0,0,0,0,0,0,0
2101.771,9407269,0,0,0.0,0,0,0,0,0,0,0
2101.871,9407369,0,0,0.0,0,0,0,0,0,0,0
2101.971,9407469,0,0,0.0,0,0,0,0,0,0,0
2102.071,9407569,0,0,0.0,0,0,0,0,0,0,0
2102.170,9407669,0,0,0.0,0,0,0,0,0,0,0
2102.270,9407769,0,0,0.0,0,0,0,0,0,0,0
2102.371,9407869,0,0,0.0,0,0,0,0,0,0,0
2102.471,9407969,0,0,0.0,0,0,0,0,0,0,0
2102.571,9408069,0,0,0.0,0,0,0,0,0,0,0
2102.671,9408169,0,0,0.0,0,0,0,0,0,0,0
2102.771,9408269,0,0,0.0,0,0,0,0,0,0,0
2102.884,9408381,0,0,0.0,0,0,0,0,0,0,0
2102.971,9408469,0,0,0.0,0,0,0,0,0,0,0
2103.071,9408569,0,0,0.0,0,0,0,0,0,0,0
2103.171,9408669,0,0,0.0,0,0,0,0,0,0,0
2103.271,9408769,0,0,0.0,0,0,0,0,0,0,0
2103.371,9408869,0,0,0.0,0,0,0,0,0,0,0
2103.470,9408969,0,0,0.0,0,0,0,0,0,0,0
2103.571,9409069,0,0,0.0,0,0,0,0,0,0,0
2103.671,9409169,0,0,0.0,0,0,0,0,0,0,0
2103.770,9409269,0,0,0.0,0,0,0,0,0,0,0
2103.870,9409369,0,0,0.0,0,0,0,0,0,0,0
2103.970,9409469,0,0,0.0,0,0,0,0,0,0,0
2104.071,9409569,0,0,0.0,0,0,0,0,0,0,0
2104.170,9409669,0,0,0.0,0,0,0,0,0,0,0
2104.271,9409769,0,0,0.0,0,0,0,0,0,0,0
2104.371,9409869,0,0,0.0,0,0,0,0,0,0,0
2104.471,9409969,0,0,0.0,0,0,0,0,0,0,0
2104.571,9410069,0,0,0.0,0,0,0,0,0,0,0
2104.670,9410169,0,0,0.0,0,0,0,0,0,0,0
2104.770,9410269,0,0,0.0,0,0,0,0,0,0,0
2104.883,9410381,0,0,0.0,0,0,0,0,0,0,0
2104.971,9410469,0,0,0.0,0,0,0,0,0,0,0
2105.071,9410569,0,0,0.0,0,0,0,0,0,0,0
2105.170,9410669,0,0,0.0,0,0,0,0,0,0,0
2105.270,9410769,0,0,0.0,0,0,0,0,0,0,0
2105.370,9410869,0,0,0.0,0,0,0,0,0,0,0
2105.471,9410969,0,0,0.0,0,0,0,0,0,0,0
2105.570,9411069,0,0,0.0,0,0,0,0,0,0,0
2105.670,9411169,0,0,0.0,0,0,0,0,0,0,0
2105.770,9411269,0,0,0.0,0,0,0,0,0,0,0
2105.870,9411369,0,0,0.0,0,0,0,0,0,0,0
2105.970,9411469,0,0,0.0,0,0,0,0,0,0,0
2106.070,9411569,0,0,0.0,0,0,0,0,0,0,0
2106.170,9411669,0,0,0.0,0,0,0,0,0,0,0
2106.270,9411769,0,0,0.0,0,0,0,0,0,0,0
2106.370,9411869,0,0,0.0,0,0,0,0,0,0,0
2106.470,9411969,0,0,0.0,0,0,0,0,0,0,0
2106.570,9412069,0,0,0.0,0,0,0,0,0,0,0
2106.670,9412169,0,0,0.0,0,0,0,0,0,0,0
2106.770,9412269,0,0,0.0,0,0,0,0,0,0,0
2106.884,9412381,0,0,0.0,0,0,0,0,0,0,0
2106.970,9412469,0,0,0.0,0,0,0,0,0,0,0
2107.070,9412569,0,0,0.0,0,0,0,0,0,0,0
2107.170,9412669,0,0,0.0,0,0,0,0,0,0,0
2107.270,9412769,0,0,0.0,0,0,0,0,0,0,0
2107.370,9412869,0,0,0.0,0,0,0,0,0,0,0
2107.475,9412969,0,0,0.0,0,0,0,0,0,0,0
2107.570,9413069,0,0,0.0,0,0,0,0,0,0,0
2107.670,9413169,0,0,0.0,0,0,0,0,0,0,0
2107.771,9413269,0,0,0.0,0,0,0,0,0,0,0
2107.871,9413369,0,0,0.0,0,0,0,0,0,0,0
2107.970,9413469,0,0,0.0,0,0,0,0,0,0,0
2108.070,9413569,0,0,0.0,0,0,0,0,0,0,0
2108.170,9413669,0,0,0.0,0,0,0,0,0,0,0
2108.270,9413769,0,0,0.0,0,0,0,0,0,0,0
2108.370,9413869,0,0,0.0,0,0,0,0,0,0,0
2108.470,9413969,0,0,0.0,0,0,0,0,0,0,0
2108.570,9414069,0,0,0.0,0,0,0,0,0,0,0
2108.670,9414169,0,0,0.0,0,0,0,0,0,0,0
2108.770,9414269,0,0,0.0,0,0,0,0,0,0,0
2108.883,9414381,0,0,0.0,0,0,0,0,0,0,0
2108.970,9414469,0,0,0.0,0,0,0,0,0,0,0
2109.070,9414569,0,0,0.0,0,0,0,0,0,0,0
2109.170,9414669,0,0,0.0,0,0,0,0,0,0,0
2109.270,9414769,0,0,0.0,0,0,0,0,0,0,0
2109.370,9414869,0,0,0.0,0,0,0,0,0,0,0
2109.470,9414969,0,0,0.0,0,0,0,0,0,0,0
2109.570,9415069,0,0,0.0,0,0,0,0,0,0,0
2109.671,9415169,0,0,0.0,0,0,0,0,0,0,0
2109.770,9415269,0,0,0.0,0,0,0,0,0,0,0
2109.871,9415369,0,0,0.0,0,0,0,0,0,0,0
2109.970,9415469,0,0,0.0,0,0,0,0,0,0,0
2110.070,9415569,0,0,0.0,0,0,0,0,0,0,0
2110.170,9415669,0,0,0.0,0,0,0,0,0,0,0
2110.270,9415769,0,0,0.0,0,0,0,0,0,0,0
2110.370,9415869,0,0,0.0,0,0,0,0,0,0,0
2110.470,9415969,0,0,0.0,0,0,0,0,0,0,0
2110.570,9416069,0,0,0.0,0,0,0,0,0,0,0
2110.671,9416169,0,0,0.0,0,0,0,0,0,0,0
2110.770,9416269,0,0,0.0,0,0,0,0,0,0,0
2110.885,9416381,0,0,0.0,0,0,0,0,0,0,0
2110.970,9416469,0,0,0.0,0,0,0,0,0,0,0
2111.070,9416569,0,0,0.0,0,0,0,0,0,0,0
2111.170,9416669,0,0,0.0,0,0,0,0,0,0,0
2111.270,9416769,0,0,0.0,0,0,0,0,0,0,0
2111.370,9416869,0,0,0.0,0,0,0,0,0,0,0
2111.470,9416969,0,0,0.0,0,0,0,0,0,0,0
2111.570,9417069,0,0,0.0,0,0,0,0,0,0,0
2111.670,9417169,0,0,0.0,0,0,0,0,0,0,0
2111.770,9417269,0,0,0.0,0,0,0,0,0,0,0
2111.870,9417369,0,0,0.0,0,0,0,0,0,0,0
2111.970,9417469,0,0,0.0,0,0,0,0,0,0,0
2112.070,9417569,0,0,0.0,0,0,0,0,0,0,0
2112.170,9417669,0,0,0.0,0,0,0,0,0,0,0
2112.270,9417769,0,0,0.0,0,0,0,0,0,0,0
2112.370,9417869,0,0,0.0,0,0,0,0,0,0,0
2112.470,9417969,0,0,0.0,0,0,0,0,0,0,0
2112.571,9418069,0,0,0.0,0,0,0,0,0,0,0
2112.672,9418169,0,0,0.0,0,0,0,0,0,0,0
2112.771,9418269,0,0,0.0,0,0,0,0,0,0,0
2112.884,9418381,0,0,0.0,0,0,0,0,0,0,0
2112.970,9418469,0,0,0.0,0,0,0,0,0,0,0
2113.070,9418569,0,0,0.0,0,0,0,0,0,0,0
2113.170,9418669,0,0,0.0,0,0,0,0,0,0,0
2113.270,9418769,0,0,0.0,0,0,0,0,0,0,0
2113.370,9418869,0,0,0.0,0,0,0,0,0,0,0
2113.470,9418969,0,0,0.0,0,0,0,0,0,0,0
2113.570,9419069,0,0,0.0,0,0,0,0,0,0,0
2113.670,9419169,0,0,0.0,0,0,0,0,0,0,0
2113.769,9419269,0,0,0.0,0,0,0,0,0,0,0
2113.870,9419369,0,0,0.0,0,0,0,0,0,0,0
2113.970,9419469,0,0,0.0,0,0,0,0,0,0,0
2114.070,9419569,0,0,0.0,0,0,0,0,0,0,0
2114.169,9419669,0,0,0.0,0,0,0,0,0,0,0
2114.270,9419769,0,0,0.0,0,0,0,0,0,0,0
2114.370,9419869,0,0,0.0,0,0,0,0,0,0,0
2114.470,9419969,0,0,0.0,0,0,0,0,0,0,0
2114.570,9420069,0,0,0.0,0,0,0,0,0,0,0
2114.670,9420169,0,0,0.0,0,0,0,0,0,0,0
2114.770,9420269,0,0,0.0,0,0,0,0,0,0,0
2114.884,9420381,0,0,0.0,0,0,0,0,0,0,0
2114.970,9420469,0,0,0.0,0,0,0,0,0,0,0
2115.070,9420569,0,0,0.0,0,0,0,0,0,0,0
2115.170,9420669,0,0,0.0,0,0,0,0,0,0,0
2115.270,9420769,0,0,0.0,0,0,0,0,0,0,0
2115.370,9420869,0,0,0.0,0,0,0,0,0,0,0
2115.470,9420969,0,0,0.0,0,0,0,0,0,0,0
2115.570,9421069,0,0,0.0,0,0,0,0,0,0,0
2115.670,9421169,0,0,0.0,0,0,0,0,0,0,0
2115.770,9421269,0,0,0.0,0,0,0,0,0,0,0
2115.870,9421369,0,0,0.0,0,0,0,0,0,0,0
2115.970,9421469,0,0,0.0,0,0,0,0,0,0,0
2116.070,9421569,0,0,0.0,0,0,0,0,0,0,0
2116.170,9421669,0,0,0.0,0,0,0,0,0,0,0
2116.270,9421769,0,0,0.0,0,0,0,0,0,0,0
2116.370,9421869,0,0,0.0,0,0,0,0,0,0,0
2116.470,9421969,0,0,0.0,0,0,0,0,0,0,0
2116.570,9422069,0,0,0.0,0,0,0,0,0,0,0
2116.670,9422169,0,0,0.0,0,0,0,0,0,0,0
2116.770,9422269,0,0,0.0,0,0,0,0,0,0,0
2116.883,9422381,0,0,0.0,0,0,0,0,0,0,0
2116.970,9422469,0,0,0.0,0,0,0,0,0,0,0
2117.070,9422569,0,0,0.0,0,0,0,0,0,0,0
2117.170,9422669,0,0,0.0,0,0,0,0,0,0,0
2117.270,9422769,0,0,0.0,0,0,0,0,0,0,0
2117.370,9422869,0,0,0.0,0,0,0,0,0,0,0
2117.473,9422969,0,0,0.0,0,0,0,0,0,0,0
2117.572,9423069,0,0,0.0,0,0,0,0,0,0,0
2117.670,9423169,0,0,0.0,0,0,0,0,0,0,0
2117.770,9423269,0,0,0.0,0,0,0,0,0,0,0
2117.870,9423369,0,0,0.0,0,0,0,0,0,0,0
2117.970,9423469,0,0,0.0,0,0,0,0,0,0,0
2118.070,9423569,0,0,0.0,0,0,0,0,0,0,0
2118.170,9423669,0,0,0.0,0,0,0,0,0,0,0
2118.270,9423769,0,0,0.0,0,0,0,0,0,0,0
2118.369,9423869,0,0,0.0,0,0,0,0,0,0,0
2118.470,9423969,0,0,0.0,0,0,0,0,0,0,0
2118.570,9424069,0,0,0.0,0,0,0,0,0,0,0
2118.670,9424169,0,0,0.0,0,0,0,0,0,0,0
2118.770,9424269,0,0,0.0,0,0,0,0,0,0,0
2118.882,9424381,0,0,0.0,0,0,0,0,0,0,0
2118.969,9424469,0,0,0.0,0,0,0,0,0,0,0
2119.070,9424569,0,0,0.0,0,0,0,0,0,0,0
2119.170,9424669,0,0,0.0,0,0,0,0,0,0,0
2119.269,9424769,0,0,0.0,0,0,0,0,0,0,0
2119.370,9424869,0,0,0.0,0,0,0,0,0,0,0
2119.470,9424969,0,0,0.0,0,0,0,0,0,0,0
2119.570,9425069,0,0,0.0,0,0,0,0,0,0,0
2119.670,9425169,0,0,0.0,0,0,0,0,0,0,0
2119.769,9425269,0,0,0.0,0,0,0,0,0,0,0
2119.870,9425369,0,0,0.0,0,0,0,0,0,0,0
2119.969,9425469,0,0,0.0,0,0,0,0,0,0,0
2120.070,9425569,0,0,0.0,0,0,0,0,0,0,0
2120.169,9425669,0,0,0.0,0,0,0,0,0,0,0
2120.270,9425769,0,0,0.0,0,0,0,0,0,0,0
2120.369,9425869,0,0,0.0,0,0,0,0,0,0,0
2120.470,9425969,0,0,0.0,0,0,0,0,0,0,0
2120.571,9426069,0,0,0.0,0,0,0,0,0,0,0
2120.670,9426169,0,0,0.0,0,0,0,0,0,0,0
2120.770,9426269,0,0,0.0,0,0,0,0,0,0,0
2120.883,9426381,0,0,0.0,0,0,0,0,0,0,0
2120.969,9426469,0,0,0.0,0,0,0,0,0,0,0
2121.069,9426569,0,0,0.0,0,0,0,0,0,0,0
2121.169,9426669,0,0,0.0,0,0,0,0,0,0,0
2121.270,9426769,0,0,0.0,0,0,0,0,0,0,0
2121.369,9426869,0,0,0.0,0,0,0,0,0,0,0
2121.469,9426969,0,0,0.0,0,0,0,0,0,0,0
2121.569,9427069,0,0,0.0,0,0,0,0,0,0,0
2121.669,9427169,0,0,0.0,0,0,0,0,0,0,0
2121.770,9427269,0,0,0.0,0,0,0,0,0,0,0
2121.871,9427369,0,0,0.0,0,0,0,0,0,0,0
2121.969,9427469,0,0,0.0,0,0,0,0,0,0,0
2122.069,9427569,0,0,0.0,0,0,0,0,0,0,0
2122.170,9427669,0,0,0.0,0,0,0,0,0,0,0
2122.270,9427769,0,0,0.0,0,0,0,0,0,0,0
2122.369,9427869,0,0,0.0,0,0,0,0,0,0,0
2122.469,9427969,0,0,0.0,0,0,0,0,0,0,0
2122.569,9428069,0,0,0.0,0,0,0,0,0,0,0
2122.669,9428169,0,0,0.0,0,0,0,0,0,0,0
2122.770,9428269,0,0,0.0,0,0,0,0,0,0,0
2122.882,9428381,0,0,0.0,0,0,0,0,0,0,0
2122.970,9428469,0,0,0.0,0,0,0,0,0,0,0
2123.069,9428569,0,0,0.0,0,0,0,0,0,0,0
2123.169,9428669,0,0,0.0,0,0,0,0,0,0,0
2123.269,9428769,0,0,0.0,0,0,0,0,0,0,0
2123.369,9428869,0,0,0.0,0,0,0,0,0,0,0
2123.471,9428969,0,0,0.0,0,0,0,0,0,0,0
2123.569,9429069,0,0,0.0,0,0,0,0,0,0,0
2123.669,9429169,0,0,0.0,0,0,0,0,0,0,0
2123.769,9429269,0,0,0.0,0,0,0,0,0,0,0
2123.870,9429369,0,0,0.0,0,0,0,0,0,0,0
2123.969,9429469,0,0,0.0,0,0,0,0,0,0,0
2124.069,9429569,0,0,0.0,0,0,0,0,0,0,0
2124.169,9429669,0,0,0.0,0,0,0,0,0,0,0
2124.269,9429769,0,0,0.0,0,0,0,0,0,0,0
2124.369,9429869,0,0,0.0,0,0,0,0,0,0,0
2124.470,9429969,0,0,0.0,0,0,0,0,0,0,0
2124.569,9430069,0,0,0.0,0,0,0,0,0,0,0
2124.669,9430169,0,0,0.0,0,0,0,0,0,0,0
2124.769,9430269,0,0,0.0,0,0,0,0,0,0,0
2124.882,9430381,0,0,0.0,0,0,0,0,0,0,0
2124.970,9430469,0,0,0.0,0,0,0,0,0,0,0
2125.069,9430569,0,0,0.0,0,0,0,0,0,0,0
2125.169,9430669,0,0,0.0,0,0,0,0,0,0,0
2125.269,9430769,0,0,0.0,0,0,0,0,0,0,0
2125.369,9430869,0,0,0.0,0,0,0,0,0,0,0
2125.469,9430969,0,0,0.0,0,0,0,0,0,0,0
2125.569,9431069,0,0,0.0,0,0,0,0,0,0,0
2125.669,9431169,0,0,0.0,0,0,0,0,0,0,0
2125.769,9431269,0,0,0.0,0,0,0,0,0,0,0
2125.869,9431369,0,0,0.0,0,0,0,0,0,0,0
2125.969,9431469,0,0,0.0,0,0,0,0,0,0,0
2126.069,9431569,0,0,0.0,0,0,0,0,0,0,0
2126.169,9431669,0,0,0.0,0,0,0,0,0,0,0
2126.269,9431769,0,0,0.0,0,0,0,0,0,0,0
2126.369,9431869,0,0,0.0,0,0,0,0,0,0,0
2126.469,9431969,0,0,0.0,0,0,0,0,0,0,0
2126.569,9432069,0,0,0.0,0,0,0,0,0,0,0
2126.669,9432169,0,0,0.0,0,0,0,0,0,0,0
2126.770,9432269,0,0,0.0,0,0,0,0,0,0,0
2126.881,9432381,0,0,0.0,0,0,0,0,0,0,0
2126.969,9432469,0,0,0.0,0,0,0,0,0,0,0
2127.069,9432569,0,0,0.0,0,0,0,0,0,0,0
2127.169,9432669,0,0,0.0,0,0,0,0,0,0,0
2127.269,9432769,0,0,0.0,0,0,0,0,0,0,0
2127.369,9432869,0,0,0.0,0,0,0,0,0,0,0
2127.469,9432969,0,0,0.0,0,0,0,0,0,0,0
2127.569,9433069,0,0,0.0,0,0,0,0,0,0,0
2127.669,9433169,0,0,0.0,0,0,0,0,0,0,0
2127.769,9433269,0,0,0.0,0,0,0,0,0,0,0
2127.869,9433369,0,0,0.0,0,0,0,0,0,0,0
2127.969,9433469,0,0,0.0,0,0,0,0,0,0,0
2128.069,9433569,0,0,0.0,0,0,0,0,0,0,0
2128.169,9433669,0,0,0.0,0,0,0,0,0,0,0
2128.269,9433769,0,0,0.0,0,0,0,0,0,0,0
2128.369,9433869,0,0,0.0,0,0,0,0,0,0,0
2128.469,9433969,0,0,0.0,0,0,0,0,0,0,0
2128.569,9434069,0,0,0.0,0,0,0,0,0,0,0
2128.669,9434169,0,0,0.0,0,0,0,0,0,0,0
2128.769,9434269,0,0,0.0,0,0,0,0,0,0,0
2128.882,9434381,0,0,0.0,0,0,0,0,0,0,0
2128.971,9434469,0,0,0.0,0,0,0,0,0,0,0
2129.069,9434569,0,0,0.0,0,0,0,0,0,0,0
2129.169,9434669,0,0,0.0,0,0,0,0,0,0,0
2129.269,9434769,0,0,0.0,0,0,0,0,0,0,0
2129.369,9434869,0,0,0.0,0,0,0,0,0,0,0
2129.469,9434969,0,0,0.0,0,0,0,0,0,0,0
2129.569,9435069,0,0,0.0,0,0,0,0,0,0,0
2129.669,9435169,0,0,0.0,0,0,0,0,0,0,0
2129.769,9435269,0,0,0.0,0,0,0,0,0,0,0
2129.870,9435369,0,0,0.0,0,0,0,0,0,0,0
2129.970,9435469,0,0,0.0,0,0,0,0,0,0,0
2130.069,9435569,0,0,0.0,0,0,0,0,0,0,0
2130.174,9435669,0,0,0.0,0,0,0,0,0,0,0
2130.269,9435769,0,0,0.0,0,0,0,0,0,0,0
2130.369,9435869,0,0,0.0,0,0,0,0,0,0,0
2130.469,9435969,0,0,0.0,0,0,0,0,0,0,0
2130.569,9436069,0,0,0.0,0,0,0,0,0,0,0
2130.670,9436169,0,0,0.0,0,0,0,0,0,0,0
2130.770,9436269,0,0,0.0,0,0,0,0,0,0,0
2130.882,9436381,0,0,0.0,0,0,0,0,0,0,0
2130.969,9436469,0,0,0.0,0,0,0,0,0,0,0
2131.069,9436569,0,0,0.0,0,0,0,0,0,0,0
2131.169,9436669,0,0,0.0,0,0,0,0,0,0,0
2131.274,9436769,0,0,0.0,0,0,0,0,0,0,0
2131.369,9436869,0,0,0.0,0,0,0,0,0,0,0
2131.469,9436969,0,0,0.0,0,0,0,0,0,0,0
2131.569,9437069,0,0,0.0,0,0,0,0,0,0,0
2131.669,9437169,0,0,0.0,0,0,0,0,0,0,0
2131.770,9437269,0,0,0.0,0,0,0,0,0,0,0
2131.869,9437369,0,0,0.0,0,0,0,0,0,0,0
2131.969,9437469,0,0,0.0,0,0,0,0,0,0,0
2132.069,9437569,0,0,0.0,0,0,0,0,0,0,0
2132.170,9437669,0,0,0.0,0,0,0,0,0,0,0
2132.269,9437769,0,0,0.0,0,0,0,0,0,0,0
2132.369,9437869,0,0,0.0,0,0,0,0,0,0,0
2132.469,9437969,0,0,0.0,0,0,0,0,0,0,0
2132.569,9438069,0,0,0.0,0,0,0,0,0,0,0
2132.669,9438169,0,0,0.0,0,0,0,0,0,0,0
2132.769,9438269,0,0,0.0,0,0,0,0,0,0,0
2132.882,9438381,0,0,0.0,0,0,0,0,0,0,0
2132.969,9438469,0,0,0.0,0,0,0,0,0,0,0
2133.069,9438569,0,0,0.0,0,0,0,0,0,0,0
2133.169,9438669,0,0,0.0,0,0,0,0,0,0,0
2133.275,9438769,0,0,0.0,0,0,0,0,0,0,0
2133.369,9438869,0,0,0.0,0,0,0,0,0,0,0
2133.468,9438969,0,0,0.0,0,0,0,0,0,0,0
2133.569,9439069,0,0,0.0,0,0,0,0,0,0,0
2133.669,9439169,0,0,0.0,0,0,0,0,0,0,0
2133.769,9439269,0,0,0.0,0,0,0,0,0,0,0
2133.869,9439369,0,0,0.0,0,0,0,0,0,0,0
2133.969,9439469,0,0,0.0,0,0,0,0,0,0,0
2134.069,9439569,0,0,0.0,0,0,0,0,0,0,0
2134.174,9439669,0,0,0.0,0,0,0,0,0,0,0
2134.269,9439769,0,0,0.0,0,0,0,0,0,0,0
2134.368,9439869,0,0,0.0,0,0,0,0,0,0,0
2134.469,9439969,0,0,0.0,0,0,0,0,0,0,0
2134.569,9440069,0,0,0.0,0,0,0,0,0,0,0
2134.668,9440169,0,0,0.0,0,0,0,0,0,0,0
2134.769,9440269,0,0,0.0,0,0,0,0,0,0,0
2134.881,9440381,0,0,0.0,0,0,0,0,0,0,0
2134.969,9440469,0,0,0.0,0,0,0,0,0,0,0
2135.068,9440569,0,0,0.0,0,0,0,0,0,0,0
2135.169,9440669,0,0,0.0,0,0,0,0,0,0,0
2135.269,9440769,0,0,0.0,0,0,0,0,0,0,0
2135.368,9440869,0,0,0.0,0,0,0,0,0,0,0
2135.469,9440969,0,0,0.0,0,0,0,0,0,0,0
2135.569,9441069,0,0,0.0,0,0,0,0,0,0,0
2135.669,9441169,0,0,0.0,0,0,0,0,0,0,0
2135.769,9441269,0,0,0.0,0,0,0,0,0,0,0
2135.869,9441369,0,0,0.0,0,0,0,0,0,0,0
2135.968,9441469,0,0,0.0,0,0,0,0,0,0,0
2136.069,9441569,0,0,0.0,0,0,0,0,0,0,0
2136.170,9441669,0,0,0.0,0,0,0,0,0,0,0
2136.268,9441769,0,0,0.0,0,0,0,0,0,0,0
2136.368,9441869,0,0,0.0,0,0,0,0,0,0,0
2136.469,9441969,0,0,0.0,0,0,0,0,0,0,0
2136.570,9442069,0,0,0.0,0,0,0,0,0,0,0
2136.669,9442169,0,0,0.0,0,0,0,0,0,0,0
2136.769,9442269,0,0,0.0,0,0,0,0,0,0,0
2136.882,9442381,0,0,0.0,0,0,0,0,0,0,0
2136.968,9442469,0,0,0.0,0,0,0,0,0,0,0
2137.068,9442569,0,0,0.0,0,0,0,0,0,0,0
2137.168,9442669,0,0,0.0,0,0,0,0,0,0,0
2137.270,9442769,0,0,0.0,0,0,0,0,0,0,0
2137.368,9442869,0,0,0.0,0,0,0,0,0,0,0
2137.469,9442969,0,0,0.0,0,0,0,0,0,0,0
2137.570,9443069,0,0,0.0,0,0,0,0,0,0,0
2137.670,9443169,0,0,0.0,0,0,0,0,0,0,0
2137.771,9443269,0,0,0.0,0,0,0,0,0,0,0
2137.869,9443369,0,0,0.0,0,0,0,0,0,0,0
2137.968,9443469,0,0,0.0,0,0,0,0,0,0,0
2138.068,9443569,0,0,0.0,0,0,0,0,0,0,0
2138.168,9443669,0,0,0.0,0,0,0,0,0,0,0
2138.269,9443769,0,0,0.0,0,0,0,0,0,0,0
2138.368,9443869,0,0,0.0,0,0,0,0,0,0,0
2138.469,9443969,0,0,0.0,0,0,0,0,0,0,0
2138.569,9444069,0,0,0.0,0,0,0,0,0,0,0
2138.668,9444169,0,0,0.0,0,0,0,0,0,0,0
2138.770,9444269,0,0,0.0,0,0,0,0,0,0,0
2138.882,9444381,0,0,0.0,0,0,0,0,0,0,0
2138.968,9444469,0,0,0.0,0,0,0,0,0,0,0
2139.069,9444569,0,0,0.0,0,0,0,0,0,0,0
2139.168,9444669,0,0,0.0,0,0,0,0,0,0,0
2139.268,9444769,0,0,0.0,0,0,0,0,0,0,0
2139.368,9444869,0,0,0.0,0,0,0,0,0,0,0
2139.469,9444969,0,0,0.0,0,0,0,0,0,0,0
2139.569,9445069,0,0,0.0,0,0,0,0,0,0,0
2139.668,9445169,0,0,0.0,0,0,0,0,0,0,0
2139.768,9445269,0,0,0.0,0,0,0,0,0,0,0
2139.868,9445369,0,0,0.0,0,0,0,0,0,0,0
2139.969,9445469,0,0,0.0,0,0,0,0,0,0,0
2140.068,9445569,0,0,0.0,0,0,0,0,0,0,0
2140.168,9445669,0,0,0.0,0,0,0,0,0,0,0
2140.269,9445769,0,0,0.0,0,0,0,0,0,0,0
2140.368,9445869,0,0,0.0,0,0,0,0,0,0,0
2140.468,9445969,0,0,0.0,0,0,0,0,0,0,0
2140.571,9446069,0,0,0.0,0,0,0,0,0,0,0
2140.668,9446169,0,0,0.0,0,0,0,0,0,0,0
2140.768,9446269,0,0,0.0,0,0,0,0,0,0,0
2140.881,9446381,0,0,0.0,0,0,0,0,0,0,0
2140.968,9446469,0,0,0.0,0,0,0,0,0,0,0
2141.068,9446569,0,0,0.0,0,0,0,0,0,0,0
2141.168,9446669,0,0,0.0,0,0,0,0,0,0,0
2141.270,9446769,0,0,0.0,0,0,0,0,0,0,0
2141.368,9446869,0,0,0.0,0,0,0,0,0,0,0
2141.468,9446969,0,0,0.0,0,0,0,0,0,0,0
2141.568,9447069,0,0,0.0,0,0,0,0,0,0,0
2141.668,9447169,0,0,0.0,0,0,0,0,0,0,0
2141.769,9447269,0,0,0.0,0,0,0,0,0,0,0
2141.868,9447369,0,0,0.0,0,0,0,0,0,0,0
2141.970,9447469,0,0,0.0,0,0,0,0,0,0,0
2142.070,9447569,0,0,0.0,0,0,0,0,0,0,0
2142.168,9447669,0,0,0.0,0,0,0,0,0,0,0
2142.268,9447769,0,0,0.0,0,0,0,0,0,0,0
2142.368,9447869,0,0,0.0,0,0,0,0,0,0,0
2142.468,9447969,0,0,0.0,0,0,0,0,0,0,0
2142.568,9448069,0,0,0.0,0,0,0,0,0,0,0
2142.668,9448169,0,0,0.0,0,0,0,0,0,0,0
2142.769,9448269,0,0,0.0,0,0,0,0,0,0,0
2142.884,9448381,0,0,0.0,0,0,0,0,0,0,0
2142.969,9448469,0,0,0.0,0,0,0,0,0,0,0
2143.069,9448569,0,0,0.0,0,0,0,0,0,0,0
2143.168,9448669,0,0,0.0,0,0,0,0,0,0,0
2143.268,9448769,0,0,0.0,0,0,0,0,0,0,0
2143.368,9448869,0,0,0.0,0,0,0,0,0,0,0
2143.468,9448969,0,0,0.0,0,0,0,0,0,0,0
2143.568,9449069,0,0,0.0,0,0,0,0,0,0,0
2143.668,9449169,0,0,0.0,0,0,0,0,0,0,0
2143.768,9449269,0,0,0.0,0,0,0,0,0,0,0
2143.869,9449369,0,0,0.0,0,0,0,0,0,0,0
2143.975,9449469,0,0,0.0,0,0,0,0,0,0,0
2144.068,9449569,0,0,0.0,0,0,0,0,0,0,0
2144.173,9449669,0,0,0.0,0,0,0,0,0,0,0
2144.268,9449769,0,0,0.0,0,0,0,0,0,0,0
2144.368,9449869,0,0,0.0,0,0,0,0,0,0,0
2144.468,9449969,0,0,0.0,0,0,0,0,0,0,0
2144.568,9450069,0,0,0.0,0,0,0,0,0,0,0
2144.668,9450169,0,0,0.0,0,0,0,0,0,0,0
2144.769,9450269,0,0,0.0,0,0,0,0,0,0,0
2144.881,9450381,0,0,0.0,0,0,0,0,0,0,0
2144.968,9450469,0,0,0.0,0,0,0,0,0,0,0
2145.068,9450569,0,0,0.0,0,0,0,0,0,0,0
2145.168,9450669,0,0,0.0,0,0,0,0,0,0,0
2145.268,9450769,0,0,0.0,0,0,0,0,0,0,0
2145.368,9450869,0,0,0.0,0,0,0,0,0,0,0
2145.468,9450969,0,0,0.0,0,0,0,0,0,0,0
2145.568,9451069,0,0,0.0,0,0,0,0,0,0,0
2145.668,9451169,0,0,0.0,0,0,0,0,0,0,0
2145.768,9451269,0,0,0.0,0,0,0,0,0,0,0
2145.868,9451369,0,0,0.0,0,0,0,0,0,0,0
2145.968,9451469,0,0,0.0,0,0,0,0,0,0,0
2146.068,9451569,0,0,0.0,0,0,0,0,0,0,0
2146.169,9451669,0,0,0.0,0,0,0,0,0,0,0
2146.271,9451769,0,0,0.0,0,0,0,0,0,0,0
2146.368,9451869,0,0,0.0,0,0,0,0,0,0,0
2146.468,9451969,0,0,0.0,0,0,0,0,0,0,0
2146.568,9452069,0,0,0.0,0,0,0,0,0,0,0
2146.668,9452169,0,0,0.0,0,0,0,0,0,0,0
2146.768,9452269,0,0,0.0,0,0,0,0,0,0,0
2146.881,9452381,0,0,0.0,0,0,0,0,0,0,0
2146.968,9452469,0,0,0.0,0,0,0,0,0,0,0
2147.068,9452569,0,0,0.0,0,0,0,0,0,0,0
2147.169,9452669,0,0,0.0,0,0,0,0,0,0,0
2147.269,9452769,0,0,0.0,0,0,0,0,0,0,0
2147.368,9452869,0,0,0.0,0,0,0,0,0,0,0
2147.468,9452969,0,0,0.0,0,0,0,0,0,0,0
2147.568,9453069,0,0,0.0,0,0,0,0,0,0,0
2147.668,9453169,0,0,0.0,0,0,0,0,0,0,0
2147.768,9453269,0,0,0.0,0,0,0,0,0,0,0
2147.868,9453369,0,0,0.0,0,0,0,0,0,0,0
2147.968,9453469,0,0,0.0,0,0,0,0,0,0,0
2148.070,9453569,0,0,0.0,0,0,0,0,0,0,0
2148.168,9453669,0,0,0.0,0,0,0,0,0,0,0
2148.269,9453769,0,0,0.0,0,0,0,0,0,0,0
2148.368,9453869,0,0,0.0,0,0,0,0,0,0,0
2148.468,9453969,0,0,0.0,0,0,0,0,0,0,0
2148.568,9454069,0,0,0.0,0,0,0,0,0,0,0
2148.668,9454169,0,0,0.0,0,0,0,0,0,0,0
2148.768,9454269,0,0,0.0,0,0,0,0,0,0,0
2148.881,9454381,0,0,0.0,0,0,0,0,0,0,0
2148.968,9454469,0,0,0.0,0,0,0,0,0,0,0
2149.068,9454569,0,0,0.0,0,0,0,0,0,0,0
2149.169,9454669,0,0,0.0,0,0,0,0,0,0,0
2149.269,9454769,0,0,0.0,0,0,0,0,0,0,0
2149.368,9454869,0,0,0.0,0,0,0,0,0,0,0
2149.467,9454969,0,0,0.0,0,0,0,0,0,0,0
2149.570,9455069,0,0,0.0,0,0,0,0,0,0,0
2149.668,9455169,0,0,0.0,0,0,0,0,0,0,0
2149.769,9455269,0,0,0.0,0,0,0,0,0,0,0
2149.868,9455369,0,0,0.0,0,0,0,0,0,0,0
2149.968,9455469,0,0,0.0,0,0,0,0,0,0,0
2150.068,9455569,0,0,0.0,0,0,0,0,0,0,0
2150.168,9455669,0,0,0.0,0,0,0,0,0,0,0
2150.268,9455769,0,0,0.0,0,0,0,0,0,0,0
2150.368,9455869,0,0,0.0,0,0,0,0,0,0,0
2150.468,9455969,0,0,0.0,0,0,0,0,0,0,0
2150.568,9456069,0,0,0.0,0,0,0,0,0,0,0
2150.668,9456169,0,0,0.0,0,0,0,0,0,0,0
2150.768,9456269,0,0,0.0,0,0,0,0,0,0,0
2150.881,9456381,0,0,0.0,0,0,0,0,0,0,0
2150.968,9456469,0,0,0.0,0,0,0,0,0,0,0
2151.068,9456569,0,0,0.0,0,0,0,0,0,0,0
2151.167,9456669,0,0,0.0,0,0,0,0,0,0,0
2151.267,9456769,0,0,0.0,0,0,0,0,0,0,0
2151.367,9456869,0,0,0.0,0,0,0,0,0,0,0
2151.468,9456969,0,0,0.0,0,0,0,0,0,0,0
2151.568,9457069,0,0,0.0,0,0,0,0,0,0,0
2151.668,9457169,0,0,0.0,0,0,0,0,0,0,0
2151.767,9457269,0,0,0.0,0,0,0,0,0,0,0
2151.867,9457369,0,0,0.0,0,0,0,0,0,0,0
2151.968,9457469,0,0,0.0,0,0,0,0,0,0,0
2152.068,9457569,0,0,0.0,0,0,0,0,0,0,0
2152.167,9457669,0,0,0.0,0,0,0,0,0,0,0
2152.268,9457769,0,0,0.0,0,0,0,0,0,0,0
2152.368,9457869,0,0,0.0,0,0,0,0,0,0,0
2152.468,9457969,0,0,0.0,0,0,0,0,0,0,0
2152.567,9458069,0,0,0.0,0,0,0,0,0,0,0
2152.667,9458169,0,0,0.0,0,0,0,0,0,0,0
2152.767,9458269,0,0,0.0,0,0,0,0,0,0,0
2152.881,9458381,0,0,0.0,0,0,0,0,0,0,0
2152.967,9458469,0,0,0.0,0,0,0,0,0,0,0
2153.068,9458569,0,0,0.0,0,0,0,0,0,0,0
2153.168,9458669,0,0,0.0,0,0,0,0,0,0,0
2153.268,9458769,0,0,0.0,0,0,0,0,0,0,0
2153.368,9458869,0,0,0.0,0,0,0,0,0,0,0
2153.468,9458969,0,0,0.0,0,0,0,0,0,0,0
2153.567,9459069,0,0,0.0,0,0,0,0,0,0,0
2153.669,9459169,0,0,0.0,0,0,0,0,0,0,0
2153.767,9459269,0,0,0.0,0,0,0,0,0,0,0
2153.867,9459369,0,0,0.0,0,0,0,0,0,0,0
2153.968,9459469,0,0,0.0,0,0,0,0,0,0,0
2154.068,9459569,0,0,0.0,0,0,0,0,0,0,0
2154.168,9459669,0,0,0.0,0,0,0,0,0,0,0
2154.268,9459769,0,0,0.0,0,0,0,0,0,0,0
2154.367,9459869,0,0,0.0,0,0,0,0,0,0,0
2154.469,9459969,0,0,0.0,0,0,0,0,0,0,0
2154.568,9460069,0,0,0.0,0,0,0,0,0,0,0
2154.668,9460169,0,0,0.0,0,0,0,0,0,0,0
2154.767,9460269,0,0,0.0,0,0,0,0,0,0,0
2154.881,9460381,0,0,0.0,0,0,0,0,0,0,0
2154.968,9460469,0,0,0.0,0,0,0,0,0,0,0
2155.067,9460569,0,0,0.0,0,0,0,0,0,0,0
2155.167,9460669,0,0,0.0,0,0,0,0,0,0,0
2155.267,9460769,0,0,0.0,0,0,0,0,0,0,0
2155.371,9460869,0,0,0.0,0,0,0,0,0,0,0
2155.468,9460969,0,0,0.0,0,0,0,0,0,0,0
2155.567,9461069,0,0,0.0,0,0,0,0,0,0,0
2155.669,9461169,0,0,0.0,0,0,0,0,0,0,0
2155.767,9461269,0,0,0.0,0,0,0,0,0,0,0
2155.869,9461369,0,0,0.0,0,0,0,0,0,0,0
2155.968,9461469,0,0,0.0,0,0,0,0,0,0,0
2156.067,9461569,0,0,0.0,0,0,0,0,0,0,0
2156.171,9461669,0,0,0.0,0,0,0,0,0,0,0
2156.269,9461769,0,0,0.0,0,0,0,0,0,0,0
2156.367,9461869,0,0,0.0,0,0,0,0,0,0,0
2156.467,9461969,0,0,0.0,0,0,0,0,0,0,0
2156.567,9462069,0,0,0.0,0,0,0,0,0,0,0
2156.668,9462169,0,0,0.0,0,0,0,0,0,0,0
2156.767,9462269,0,0,0.0,0,0,0,0,0,0,0
2156.880,9462381,0,0,0.0,0,0,0,0,0,0,0
2156.968,9462469,0,0,0.0,0,0,0,0,0,0,0
2157.068,9462569,0,0,0.0,0,0,0,0,0,0,0
2157.169,9462669,0,0,0.0,0,0,0,0,0,0,0
2157.267,9462769,0,0,0.0,0,0,0,0,0,0,0
2157.368,9462869,0,0,0.0,0,0,0,0,0,0,0
2157.467,9462969,0,0,0.0,0,0,0,0,0,0,0
2157.567,9463069,0,0,0.0,0,0,0,0,0,0,0
2157.667,9463169,0,0,0.0,0,0,0,0,0,0,0
2157.768,9463269,0,0,0.0,0,0,0,0,0,0,0
2157.868,9463369,0,0,0.0,0,0,0,0,0,0,0
2157.968,9463469,0,0,0.0,0,0,0,0,0,0,0
2158.068,9463569,0,0,0.0,0,0,0,0,0,0,0
2158.169,9463669,0,0,0.0,0,0,0,0,0,0,0
2158.267,9463769,0,0,0.0,0,0,0,0,0,0,0
2158.367,9463869,0,0,0.0,0,0,0,0,0,0,0
2158.467,9463969,0,0,0.0,0,0,0,0,0,0,0
2158.567,9464069,0,0,0.0,0,0,0,0,0,0,0
2158.667,9464169,0,0,0.0,0,0,0,0,0,0,0
2158.767,9464269,0,0,0.0,0,0,0,0,0,0,0
2158.880,9464381,0,0,0.0,0,0,0,0,0,0,0
2158.967,9464469,0,0,0.0,0,0,0,0,0,0,0
2159.068,9464569,0,0,0.0,0,0,0,0,0,0,0
2159.167,9464669,0,0,0.0,0,0,0,0,0,0,0
2159.267,9464769,0,0,0.0,0,0,0,0,0,0,0
2159.367,9464869,0,0,0.0,0,0,0,0,0,0,0
2159.467,9464969,0,0,0.0,0,0,0,0,0,0,0
2159.567,9465069,0,0,0.0,0,0,0,0,0,0,0
2159.667,9465169,0,0,0.0,0,0,0,0,0,0,0
2159.767,9465269,0,0,0.0,0,0,0,0,0,0,0
2159.867,9465369,0,0,0.0,0,0,0,0,0,0,0
2159.967,9465469,0,0,0.0,0,0,0,0,0,0,0
2160.067,9465569,0,0,0.0,0,0,0,0,0,0,0
2160.167,9465669,0,0,0.0,0,0,0,0,0,0,0
2160.267,9465769,0,0,0.0,0,0,0,0,0,0,0
2160.367,9465869,0,0,0.0,0,0,0,0,0,0,0
2160.476,9465969,0,0,0.0,0,0,0,0,0,0,0
2160.567,9466069,0,0,0.0,0,0,0,0,0,0,0
2160.667,9466169,0,0,0.0,0,0,0,0,0,0,0
2160.767,9466269,0,0,0.0,0,0,0,0,0,0,0
2160.880,9466381,0,0,0.0,0,0,0,0,0,0,0
2160.967,9466469,0,0,0.0,0,0,0,0,0,0,0
2161.068,9466569,0,0,0.0,0,0,0,0,0,0,0
2161.167,9466669,0,0,0.0,0,0,0,0,0,0,0
2161.267,9466769,0,0,0.0,0,0,0,0,0,0,0
2161.367,9466869,0,0,0.0,0,0,0,0,0,0,0
2161.467,9466969,0,0,0.0,0,0,0,0,0,0,0
2161.567,9467069,0,0,0.0,0,0,0,0,0,0,0
2161.667,9467169,0,0,0.0,0,0,0,0,0,0,0
2161.767,9467269,0,0,0.0,0,0,0,0,0,0,0
2161.867,9467369,0,0,0.0,0,0,0,0,0,0,0
2161.968,9467469,0,0,0.0,0,0,0,0,0,0,0
2162.067,9467569,0,0,0.0,0,0,0,0,0,0,0
2162.167,9467669,0,0,0.0,0,0,0,0,0,0,0
2162.270,9467769,0,0,0.0,0,0,0,0,0,0,0
2162.367,9467869,0,0,0.0,0,0,0,0,0,0,0
2162.467,9467969,0,0,0.0,0,0,0,0,0,0,0
2162.567,9468069,0,0,0.0,0,0,0,0,0,0,0
2162.667,9468169,0,0,0.0,0,0,0,0,0,0,0
2162.767,9468269,0,0,0.0,0,0,0,0,0,0,0
2162.880,9468381,0,0,0.0,0,0,0,0,0,0,0
2162.967,9468469,0,0,0.0,0,0,0,0,0,0,0
2163.067,9468569,0,0,0.0,0,0,0,0,0,0,0
2163.167,9468669,0,0,0.0,0,0,0,0,0,0,0
2163.268,9468769,0,0,0.0,0,0,0,0,0,0,0
2163.367,9468869,0,0,0.0,0,0,0,0,0,0,0
2163.468,9468969,0,0,0.0,0,0,0,0,0,0,0
2163.567,9469069,0,0,0.0,0,0,0,0,0,0,0
2163.666,9469169,0,0,0.0,0,0,0,0,0,0,0
2163.775,9469269,0,0,0.0,0,0,0,0,0,0,0
2163.866,9469369,0,0,0.0,0,0,0,0,0,0,0
2163.968,9469469,0,0,0.0,0,0,0,0,0,0,0
2164.071,9469569,0,0,0.0,0,0,0,0,0,0,0
2164.166,9469669,0,0,0.0,0,0,0,0,0,0,0
2164.267,9469769,0,0,0.0,0,0,0,0,0,0,0
2164.367,9469869,0,0,0.0,0,0,0,0,0,0,0
2164.467,9469969,0,0,0.0,0,0,0,0,0,0,0
2164.566,9470069,0,0,0.0,0,0,0,0,0,0,0
2164.667,9470169,0,0,0.0,0,0,0,0,0,0,0
2164.767,9470269,0,0,0.0,0,0,0,0,0,0,0
2164.880,9470381,0,0,0.0,0,0,0,0,0,0,0
2164.967,9470469,0,0,0.0,0,0,0,0,0,0,0
2165.068,9470569,0,0,0.0,0,0,0,0,0,0,0
2165.167,9470669,0,0,0.0,0,0,0,0,0,0,0
2165.267,9470769,0,0,0.0,0,0,0,0,0,0,0
2165.366,9470869,0,0,0.0,0,0,0,0,0,0,0
2165.467,9470969,0,0,0.0,0,0,0,0,0,0,0
2165.566,9471069,0,0,0.0,0,0,0,0,0,0,0
2165.667,9471169,0,0,0.0,0,0,0,0,0,0,0
2165.767,9471269,0,0,0.0,0,0,0,0,0,0,0
2165.867,9471369,0,0,0.0,0,0,0,0,0,0,0
2165.966,9471469,0,0,0.0,0,0,0,0,0,0,0
2166.067,9471569,0,0,0.0,0,0,0,0,0,0,0
2166.166,9471669,0,0,0.0,0,0,0,0,0,0,0
2166.268,9471769,0,0,0.0,0,0,0,0,0,0,0
2166.367,9471869,0,0,0.0,0,0,0,0,0,0,0
2166.468,9471969,0,0,0.0,0,0,0,0,0,0,0
2166.567,9472069,0,0,0.0,0,0,0,0,0,0,0
2166.666,9472169,0,0,0.0,0,0,0,0,0,0,0
2166.767,9472269,0,0,0.0,0,0,0,0,0,0,0
2166.879,9472381,0,0,0.0,0,0,0,0,0,0,0
2166.970,9472469,0,0,0.0,0,0,0,0,0,0,0
2167.067,9472569,0,0,0.0,0,0,0,0,0,0,0
2167.166,9472669,0,0,0.0,0,0,0,0,0,0,0
2167.275,9472769,0,0,0.0,0,0,0,0,0,0,0
2167.367,9472869,0,0,0.0,0,0,0,0,0,0,0
2167.466,9472969,0,0,0.0,0,0,0,0,0,0,0
2167.568,9473069,0,0,0.0,0,0,0,0,0,0,0
2167.666,9473169,0,0,0.0,0,0,0,0,0,0,0
2167.766,9473269,0,0,0.0,0,0,0,0,0,0,0
2167.866,9473369,0,0,0.0,0,0,0,0,0,0,0
2167.969,9473469,0,0,0.0,0,0,0,0,0,0,0
2168.067,9473569,0,0,0.0,0,0,0,0,0,0,0
2168.166,9473669,0,0,0.0,0,0,0,0,0,0,0
2168.269,9473769,0,0,0.0,0,0,0,0,0,0,0
2168.366,9473869,0,0,0.0,0,0,0,0,0,0,0
2168.467,9473969,0,0,0.0,0,0,0,0,0,0,0
2168.573,9474069,0,0,0.0,0,0,0,0,0,0,0
2168.667,9474169,0,0,0.0,0,0,0,0,0,0,0
2168.767,9474269,0,0,0.0,0,0,0,0,0,0,0
2168.880,9474381,0,0,0.0,0,0,0,0,0,0,0
2168.967,9474469,0,0,0.0,0,0,0,0,0,0,0
2169.073,9474569,0,0,0.0,0,0,0,0,0,0,0
2169.167,9474669,0,0,0.0,0,0,0,0,0,0,0
2169.269,9474769,0,0,0.0,0,0,0,0,0,0,0
2169.367,9474869,0,0,0.0,0,0,0,0,0,0,0
2169.466,9474969,0,0,0.0,0,0,0,0,0,0,0
2169.568,9475069,0,0,0.0,0,0,0,0,0,0,0
2169.666,9475169,0,0,0.0,0,0,0,0,0,0,0
2169.766,9475269,0,0,0.0,0,0,0,0,0,0,0
2169.867,9475369,0,0,0.0,0,0,0,0,0,0,0
2169.973,9475469,0,0,0.0,0,0,0,0,0,0,0
2170.070,9475569,0,0,0.0,0,0,0,0,0,0,0
2170.167,9475669,0,0,0.0,0,0,0,0,0,0,0
2170.268,9475769,0,0,0.0,0,0,0,0,0,0,0
2170.366,9475869,0,0,0.0,0,0,0,0,0,0,0
2170.467,9475969,0,0,0.0,0,0,0,0,0,0,0
2170.567,9476069,0,0,0.0,0,0,0,0,0,0,0
2170.666,9476169,0,0,0.0,0,0,0,0,0,0,0
2170.766,9476269,0,0,0.0,0,0,0,0,0,0,0
2170.880,9476381,0,0,0.0,0,0,0,0,0,0,0
2170.967,9476469,0,0,0.0,0,0,0,0,0,0,0
2171.067,9476569,0,0,0.0,0,0,0,0,0,0,0
2171.166,9476669,0,0,0.0,0,0,0,0,0,0,0
2171.267,9476769,0,0,0.0,0,0,0,0,0,0,0
2171.366,9476869,0,0,0.0,0,0,0,0,0,0,0
2171.468,9476969,0,0,0.0,0,0,0,0,0,0,0
2171.568,9477069,0,0,0.0,0,0,0,0,0,0,0
2171.666,9477169,0,0,0.0,0,0,0,0,0,0,0
2171.767,9477269,0,0,0.0,0,0,0,0,0,0,0
2171.867,9477369,0,0,0.0,0,0,0,0,0,0,0
2171.966,9477469,0,0,0.0,0,0,0,0,0,0,0
2172.066,9477569,0,0,0.0,0,0,0,0,0,0,0
2172.168,9477669,0,0,0.0,0,0,0,0,0,0,0
2172.267,9477769,0,0,0.0,0,0,0,0,0,0,0
2172.367,9477869,0,0,0.0,0,0,0,0,0,0,0
2172.466,9477969,0,0,0.0,0,0,0,0,0,0,0
2172.571,9478069,0,0,0.0,0,0,0,0,0,0,0
2172.666,9478169,0,0,0.0,0,0,0,0,0,0,0
2172.766,9478269,0,0,0.0,0,0,0,0,0,0,0
2172.879,9478381,0,0,0.0,0,0,0,0,0,0,0
2172.968,9478469,0,0,0.0,0,0,0,0,0,0,0
2173.066,9478569,0,0,0.0,0,0,0,0,0,0,0
2173.166,9478669,0,0,0.0,0,0,0,0,0,0,0
2173.271,9478769,0,0,0.0,0,0,0,0,0,0,0
2173.366,9478869,0,0,0.0,0,0,0,0,0,0,0
2173.467,9478969,0,0,0.0,0,0,0,0,0,0,0
2173.568,9479069,0,0,0.0,0,0,0,0,0,0,0
2173.667,9479169,0,0,0.0,0,0,0,0,0,0,0
2173.767,9479269,0,0,0.0,0,0,0,0,0,0,0
2173.867,9479369,0,0,0.0,0,0,0,0,0,0,0
2173.969,9479469,0,0,0.0,0,0,0,0,0,0,0
2174.067,9479569,0,0,0.0,0,0,0,0,0,0,0
2174.166,9479669,0,0,0.0,0,0,0,0,0,0,0
2174.267,9479769,0,0,0.0,0,0,0,0,0,0,0
2174.366,9479869,0,0,0.0,0,0,0,0,0,0,0
2174.466,9479969,0,0,0.0,0,0,0,0,0,0,0
2174.566,9480069,0,0,0.0,0,0,0,0,0,0,0
2174.666,9480169,0,0,0.0,0,0,0,0,0,0,0
2174.766,9480269,0,0,0.0,0,0,0,0,0,0,0
2174.880,9480381,0,0,0.0,0,0,0,0,0,0,0
2174.966,9480469,0,0,0.0,0,0,0,0,0,0,0
2175.066,9480569,0,0,0.0,0,0,0,0,0,0,0
2175.167,9480669,0,0,0.0,0,0,0,0,0,0,0
2175.266,9480769,0,0,0.0,0,0,0,0,0,0,0
2175.366,9480869,0,0,0.0,0,0,0,0,0,0,0
2175.467,9480969,0,0,0.0,0,0,0,0,0,0,0
2175.566,9481069,0,0,0.0,0,0,0,0,0,0,0
2175.667,9481169,0,0,0.0,0,0,0,0,0,0,0
2175.766,9481269,0,0,0.0,0,0,0,0,0,0,0
2175.866,9481369,0,0,0.0,0,0,0,0,0,0,0
2175.968,9481469,0,0,0.0,0,0,0,0,0,0,0
2176.066,9481569,0,0,0.0,0,0,0,0,0,0,0
2176.167,9481669,0,0,0.0,0,0,0,0,0,0,0
2176.267,9481769,0,0,0.0,0,0,0,0,0,0,0
2176.366,9481869,0,0,0.0,0,0,0,0,0,0,0
2176.466,9481969,0,0,0.0,0,0,0,0,0,0,0
2176.567,9482069,0,0,0.0,0,0,0,0,0,0,0
2176.667,9482169,0,0,0.0,0,0,0,0,0,0,0
2176.766,9482269,0,0,0.0,0,0,0,0,0,0,0
2176.880,9482381,0,0,0.0,0,0,0,0,0,0,0
2176.968,9482469,0,0,0.0,0,0,0,0,0,0,0
2177.066,9482569,0,0,0.0,0,0,0,0,0,0,0
2177.166,9482669,0,0,0.0,0,0,0,0,0,0,0
2177.267,9482769,0,0,0.0,0,0,0,0,0,0,0
2177.366,9482869,0,0,0.0,0,0,0,0,0,0,0
2177.466,9482969,0,0,0.0,0,0,0,0,0,0,0
2177.566,9483069,0,0,0.0,0,0,0,0,0,0,0
2177.666,9483169,0,0,0.0,0,0,0,0,0,0,0
2177.766,9483269,0,0,0.0,0,0,0,0,0,0,0
2177.866,9483369,0,0,0.0,0,0,0,0,0,0,0
2177.966,9483469,0,0,0.0,0,0,0,0,0,0,0
2178.067,9483569,0,0,0.0,0,0,0,0,0,0,0
2178.167,9483669,0,0,0.0,0,0,0,0,0,0,0
2178.267,9483769,0,0,0.0,0,0,0,0,0,0,0
2178.366,9483869,0,0,0.0,0,0,0,0,0,0,0
2178.466,9483969,0,0,0.0,0,0,0,0,0,0,0
2178.566,9484069,0,0,0.0,0,0,0,0,0,0,0
2178.666,9484169,0,0,0.0,0,0,0,0,0,0,0
2178.766,9484269,0,0,0.0,0,0,0,0,0,0,0
2178.879,9484381,0,0,0.0,0,0,0,0,0,0,0
2178.965,9484469,0,0,0.0,0,0,0,0,0,0,0
2179.066,9484569,0,0,0.0,0,0,0,0,0,0,0
2179.166,9484669,0,0,0.0,0,0,0,0,0,0,0
2179.266,9484769,0,0,0.0,0,0,0,0,0,0,0
2179.366,9484869,0,0,0.0,0,0,0,0,0,0,0
2179.467,9484969,0,0,0.0,0,0,0,0,0,0,0
2179.568,9485069,0,0,0.0,0,0,0,0,0,0,0
2179.666,9485169,0,0,0.0,0,0,0,0,0,0,0
2179.766,9485269,0,0,0.0,0,0,0,0,0,0,0
2179.867,9485369,0,0,0.0,0,0,0,0,0,0,0
2179.967,9485469,0,0,0.0,0,0,0,0,0,0,0
2180.066,9485569,0,0,0.0,0,0,0,0,0,0,0
2180.166,9485669,0,0,0.0,0,0,0,0,0,0,0
2180.269,9485769,0,0,0.0,0,0,0,0,0,0,0
2180.366,9485869,0,0,0.0,0,0,0,0,0,0,0
2180.466,9485969,0,0,0.0,0,0,0,0,0,0,0
2180.567,9486069,0,0,0.0,0,0,0,0,0,0,0
2180.667,9486169,0,0,0.0,0,0,0,0,0,0,0
2180.765,9486269,0,0,0.0,0,0,0,0,0,0,0
2180.879,9486381,0,0,0.0,0,0,0,0,0,0,0
2180.966,9486469,0,0,0.0,0,0,0,0,0,0,0
2181.066,9486569,0,0,0.0,0,0,0,0,0,0,0
2181.166,9486669,0,0,0.0,0,0,0,0,0,0,0
2181.266,9486769,0,0,0.0,0,0,0,0,0,0,0
2181.365,9486869,0,0,0.0,0,0,0,0,0,0,0
2181.466,9486969,0,0,0.0,0,0,0,0,0,0,0
2181.566,9487069,0,0,0.0,0,0,0,0,0,0,0
2181.667,9487169,0,0,0.0,0,0,0,0,0,0,0
2181.766,9487269,0,0,0.0,0,0,0,0,0,0,0
2181.866,9487369,0,0,0.0,0,0,0,0,0,0,0
2181.966,9487469,0,0,0.0,0,0,0,0,0,0,0
2182.066,9487569,0,0,0.0,0,0,0,0,0,0,0
2182.166,9487669,0,0,0.0,0,0,0,0,0,0,0
2182.266,9487769,0,0,0.0,0,0,0,0,0,0,0
2182.366,9487869,0,0,0.0,0,0,0,0,0,0,0
2182.467,9487969,0,0,0.0,0,0,0,0,0,0,0
2182.567,9488069,0,0,0.0,0,0,0,0,0,0,0
2182.669,9488169,0,0,0.0,0,0,0,0,0,0,0
2182.766,9488269,0,0,0.0,0,0,0,0,0,0,0
2182.879,9488381,0,0,0.0,0,0,0,0,0,0,0
2182.966,9488469,0,0,0.0,0,0,0,0,0,0,0
2183.066,9488569,0,0,0.0,0,0,0,0,0,0,0
2183.166,9488669,0,0,0.0,0,0,0,0,0,0,0
2183.267,9488769,0,0,0.0,0,0,0,0,0,0,0
2183.366,9488869,0,0,0.0,0,0,0,0,0,0,0
2183.467,9488969,0,0,0.0,0,0,0,0,0,0,0
2183.569,9489069,0,0,0.0,0,0,0,0,0,0,0
2183.666,9489169,0,0,0.0,0,0,0,0,0,0,0
2183.766,9489269,0,0,0.0,0,0,0,0,0,0,0
2183.866,9489369,0,0,0.0,0,0,0,0,0,0,0
2183.966,9489469,0,0,0.0,0,0,0,0,0,0,0
2184.065,9489569,0,0,0.0,0,0,0,0,0,0,0
2184.166,9489669,0,0,0.0,0,0,0,0,0,0,0
2184.266,9489769,0,0,0.0,0,0,0,0,0,0,0
2184.366,9489869,0,0,0.0,0,0,0,0,0,0,0
2184.467,9489969,0,0,0.0,0,0,0,0,0,0,0
2184.570,9490069,0,0,0.0,0,0,0,0,0,0,0
2184.666,9490169,0,0,0.0,0,0,0,0,0,0,0
2184.765,9490269,0,0,0.0,0,0,0,0,0,0,0
2184.879,9490381,0,0,0.0,0,0,0,0,0,0,0
2184.966,9490469,0,0,0.0,0,0,0,0,0,0,0
2185.067,9490569,0,0,0.0,0,0,0,0,0,0,0
2185.168,9490669,0,0,0.0,0,0,0,0,0,0,0
2185.266,9490769,0,0,0.0,0,0,0,0,0,0,0
2185.366,9490869,0,0,0.0,0,0,0,0,0,0,0
2185.466,9490969,0,0,0.0,0,0,0,0,0,0,0
2185.566,9491069,0,0,0.0,0,0,0,0,0,0,0
2185.666,9491169,0,0,0.0,0,0,0,0,0,0,0
2185.766,9491269,0,0,0.0,0,0,0,0,0,0,0
2185.866,9491369,0,0,0.0,0,0,0,0,0,0,0
2185.967,9491469,0,0,0.0,0,0,0,0,0,0,0
2186.067,9491569,0,0,0.0,0,0,0,0,0,0,0
2186.167,9491669,0,0,0.0,0,0,0,0,0,0,0
2186.266,9491769,0,0,0.0,0,0,0,0,0,0,0
2186.366,9491869,0,0,0.0,0,0,0,0,0,0,0
2186.466,9491969,0,0,0.0,0,0,0,0,0,0,0
2186.566,9492069,0,0,0.0,0,0,0,0,0,0,0
2186.666,9492169,0,0,0.0,0,0,0,0,0,0,0
2186.765,9492269,0,0,0.0,0,0,0,0,0,0,0
2186.878,9492381,0,0,0.0,0,0,0,0,0,0,0
2186.967,9492469,0,0,0.0,0,0,0,0,0,0,0
2187.066,9492569,0,0,0.0,0,0,0,0,0,0,0
2187.166,9492669,0,0,0.0,0,0,0,0,0,0,0
2187.266,9492769,0,0,0.0,0,0,0,0,0,0,0
2187.366,9492869,0,0,0.0,0,0,0,0,0,0,0
2187.465,9492969,0,0,0.0,0,0,0,0,0,0,0
2187.566,9493069,0,0,0.0,0,0,0,0,0,0,0
2187.666,9493169,0,0,0.0,0,0,0,0,0,0,0
2187.766,9493269,0,0,0.0,0,0,0,0,0,0,0
2187.866,9493369,0,0,0.0,0,0,0,0,0,0,0
2187.970,9493469,0,0,0.0,0,0,0,0,0,0,0
2188.067,9493569,0,0,0.0,0,0,0,0,0,0,0
2188.165,9493669,0,0,0.0,0,0,0,0,0,0,0
2188.267,9493769,0,0,0.0,0,0,0,0,0,0,0
2188.365,9493869,0,0,0.0,0,0,0,0,0,0,0
2188.466,9493969,0,0,0.0,0,0,0,0,0,0,0
2188.566,9494069,0,0,0.0,0,0,0,0,0,0,0
2188.666,9494169,0,0,0.0,0,0,0,0,0,0,0
2188.765,9494269,0,0,0.0,0,0,0,0,0,0,0
2188.879,9494381,0,0,0.0,0,0,0,0,0,0,0
2188.967,9494469,0,0,0.0,0,0,0,0,0,0,0
2189.067,9494569,0,0,0.0,0,0,0,0,0,0,0
2189.167,9494669,0,0,0.0,0,0,0,0,0,0,0
2189.266,9494769,0,0,0.0,0,0,0,0,0,0,0
2189.365,9494869,0,0,0.0,0,0,0,0,0,0,0
2189.465,9494969,0,0,0.0,0,0,0,0,0,0,0
2189.567,9495069,0,0,0.0,0,0,0,0,0,0,0
2189.665,9495169,0,0,0.0,0,0,0,0,0,0,0
2189.765,9495269,0,0,0.0,0,0,0,0,0,0,0
2189.867,9495369,0,0,0.0,0,0,0,0,0,0,0
2189.967,9495469,0,0,0.0,0,0,0,0,0,0,0
2190.066,9495569,0,0,0.0,0,0,0,0,0,0,0
2190.165,9495669,0,0,0.0,0,0,0,0,0,0,0
2190.265,9495769,0,0,0.0,0,0,0,0,0,0,0
2190.365,9495869,0,0,0.0,0,0,0,0,0,0,0
2190.465,9495969,0,0,0.0,0,0,0,0,0,0,0
2190.567,9496069,0,0,0.0,0,0,0,0,0,0,0
2190.665,9496169,0,0,0.0,0,0,0,0,0,0,0
2190.765,9496269,0,0,0.0,0,0,0,0,0,0,0
2190.878,9496381,0,0,0.0,0,0,0,0,0,0,0
2190.965,9496469,0,0,0.0,0,0,0,0,0,0,0
2191.065,9496569,0,0,0.0,0,0,0,0,0,0,0
2191.166,9496669,0,0,0.0,0,0,0,0,0,0,0
2191.265,9496769,0,0,0.0,0,0,0,0,0,0,0
2191.365,9496869,0,0,0.0,0,0,0,0,0,0,0
2191.465,9496969,0,0,0.0,0,0,0,0,0,0,0
2191.565,9497069,0,0,0.0,0,0,0,0,0,0,0
2191.665,9497169,0,0,0.0,0,0,0,0,0,0,0
2191.765,9497269,0,0,0.0,0,0,0,0,0,0,0
2191.865,9497369,0,0,0.0,0,0,0,0,0,0,0
2191.965,9497469,0,0,0.0,0,0,0,0,0,0,0
2192.065,9497569,0,0,0.0,0,0,0,0,0,0,0
2192.165,9497669,0,0,0.0,0,0,0,0,0,0,0
2192.265,9497769,0,0,0.0,0,0,0,0,0,0,0
2192.365,9497869,0,0,0.0,0,0,0,0,0,0,0
2192.465,9497969,0,0,0.0,0,0,0,0,0,0,0
2192.565,9498069,0,0,0.0,0,0,0,0,0,0,0
2192.665,9498169,0,0,0.0,0,0,0,0,0,0,0
2192.765,9498269,0,0,0.0,0,0,0,0,0,0,0
2192.878,9498381,0,0,0.0,0,0,0,0,0,0,0
2192.965,9498469,0,0,0.0,0,0,0,0,0,0,0
2193.065,9498569,0,0,0.0,0,0,0,0,0,0,0
2193.165,9498669,0,0,0.0,0,0,0,0,0,0,0
2193.265,9498769,0,0,0.0,0,0,0,0,0,0,0
2193.365,9498869,0,0,0.0,0,0,0,0,0,0,0
2193.465,9498969,0,0,0.0,0,0,0,0,0,0,0
2193.565,9499069,0,0,0.0,0,0,0,0,0,0,0
2193.665,9499169,0,0,0.0,0,0,0,0,0,0,0
2193.765,9499269,0,0,0.0,0,0,0,0,0,0,0
2193.865,9499369,0,0,0.0,0,0,0,0,0,0,0
2193.965,9499469,0,0,0.0,0,0,0,0,0,0,0
2194.065,9499569,0,0,0.0,0,0,0,0,0,0,0
2194.165,9499669,0,0,0.0,0,0,0,0,0,0,0
2194.265,9499769,0,0,0.0,0,0,0,0,0,0,0
2194.365,9499869,0,0,0.0,0,0,0,0,0,0,0
2194.465,9499969,0,0,0.0,0,0,0,0,0,0,0
2194.565,9500069,0,0,0.0,0,0,0,0,0,0,0
2194.665,9500169,0,0,0.0,0,0,0,0,0,0,0
2194.765,9500269,0,0,0.0,0,0,0,0,0,0,0
2194.877,9500381,0,0,0.0,0,0,0,0,0,0,0
2194.965,9500469,0,0,0.0,0,0,0,0,0,0,0
2195.065,9500569,0,0,0.0,0,0,0,0,0,0,0
2195.165,9500669,0,0,0.0,0,0,0,0,0,0,0
2195.265,9500769,0,0,0.0,0,0,0,0,0,0,0
2195.365,9500869,0,0,0.0,0,0,0,0,0,0,0
2195.465,9500969,0,0,0.0,0,0,0,0,0,0,0
2195.565,9501069,0,0,0.0,0,0,0,0,0,0,0
2195.665,9501169,0,0,0.0,0,0,0,0,0,0,0
2195.765,9501269,0,0,0.0,0,0,0,0,0,0,0
2195.865,9501369,0,0,0.0,0,0,0,0,0,0,0
2195.965,9501469,0,0,0.0,0,0,0,0,0,0,0
2196.065,9501569,0,0,0.0,0,0,0,0,0,0,0
2196.165,9501669,0,0,0.0,0,0,0,0,0,0,0
2196.265,9501769,0,0,0.0,0,0,0,0,0,0,0
2196.368,9501869,0,0,0.0,0,0,0,0,0,0,0
2196.464,9501969,0,0,0.0,0,0,0,0,0,0,0
2196.565,9502069,0,0,0.0,0,0,0,0,0,0,0
2196.665,9502169,0,0,0.0,0,0,0,0,0,0,0
2196.765,9502269,0,0,0.0,0,0,0,0,0,0,0
2196.878,9502381,0,0,0.0,0,0,0,0,0,0,0
2196.964,9502469,0,0,0.0,0,0,0,0,0,0,0
2197.065,9502569,0,0,0.0,0,0,0,0,0,0,0
2197.165,9502669,0,0,0.0,0,0,0,0,0,0,0
2197.265,9502769,0,0,0.0,0,0,0,0,0,0,0
2197.365,9502869,0,0,0.0,0,0,0,0,0,0,0
2197.465,9502969,0,0,0.0,0,0,0,0,0,0,0
2197.564,9503069,0,0,0.0,0,0,0,0,0,0,0
2197.664,9503169,0,0,0.0,0,0,0,0,0,0,0
2197.766,9503269,0,0,0.0,0,0,0,0,0,0,0
2197.864,9503369,0,0,0.0,0,0,0,0,0,0,0
2197.964,9503469,0,0,0.0,0,0,0,0,0,0,0
2198.065,9503569,0,0,0.0,0,0,0,0,0,0,0
2198.166,9503669,0,0,0.0,0,0,0,0,0,0,0
2198.266,9503769,0,0,0.0,0,0,0,0,0,0,0
2198.365,9503869,0,0,0.0,0,0,0,0,0,0,0
2198.465,9503969,0,0,0.0,0,0,0,0,0,0,0
2198.565,9504069,0,0,0.0,0,0,0,0,0,0,0
2198.666,9504169,0,0,0.0,0,0,0,0,0,0,0
2198.765,9504269,0,0,0.0,0,0,0,0,0,0,0
2198.878,9504381,0,0,0.0,0,0,0,0,0,0,0
2198.964,9504469,0,0,0.0,0,0,0,0,0,0,0
2199.064,9504569,0,0,0.0,0,0,0,0,0,0,0
2199.165,9504669,0,0,0.0,0,0,0,0,0,0,0
2199.265,9504769,0,0,0.0,0,0,0,0,0,0,0
2199.365,9504869,0,0,0.0,0,0,0,0,0,0,0
2199.467,9504969,0,0,0.0,0,0,0,0,0,0,0
2199.565,9505069,0,0,0.0,0,0,0,0,0,0,0
2199.665,9505169,0,0,0.0,0,0,0,0,0,0,0
2199.765,9505269,0,0,0.0,0,0,0,0,0,0,0
2199.864,9505369,0,0,0.0,0,0,0,0,0,0,0
2199.965,9505469,0,0,0.0,0,0,0,0,0,0,0
2200.065,9505569,0,0,0.0,0,0,0,0,0,0,0
2200.165,9505669,0,0,0.0,0,0,0,0,0,0,0
2200.265,9505769,0,0,0.0,0,0,0,0,0,0,0
2200.364,9505869,0,0,0.0,0,0,0,0,0,0,0
2200.465,9505969,0,0,0.0,0,0,0,0,0,0,0
2200.565,9506069,0,0,0.0,0,0,0,0,0,0,0
2200.665,9506169,0,0,0.0,0,0,0,0,0,0,0
2200.765,9506269,0,0,0.0,0,0,0,0,0,0,0
2200.877,9506381,0,0,0.0,0,0,0,0,0,0,0
2200.965,9506469,0,0,0.0,0,0,0,0,0,0,0
2201.065,9506569,0,0,0.0,0,0,0,0,0,0,0
2201.165,9506669,0,0,0.0,0,0,0,0,0,0,0
2201.265,9506769,0,0,0.0,0,0,0,0,0,0,0
2201.365,9506869,0,0,0.0,0,0,0,0,0,0,0
2201.465,9506969,0,0,0.0,0,0,0,0,0,0,0
2201.565,9507069,0,0,0.0,0,0,0,0,0,0,0
2201.666,9507169,0,0,0.0,0,0,0,0,0,0,0
2201.765,9507269,0,0,0.0,0,0,0,0,0,0,0
2201.865,9507369,0,0,0.0,0,0,0,0,0,0,0
2201.965,9507469,0,0,0.0,0,0,0,0,0,0,0
2202.068,9507569,0,0,0.0,0,0,0,0,0,0,0
2202.165,9507669,0,0,0.0,0,0,0,0,0,0,0
2202.265,9507769,0,0,0.0,0,0,0,0,0,0,0
2202.365,9507869,0,0,0.0,0,0,0,0,0,0,0
2202.465,9507969,0,0,0.0,0,0,0,0,0,0,0
2202.567,9508069,0,0,0.0,0,0,0,0,0,0,0
2202.666,9508169,0,0,0.0,0,0,0,0,0,0,0
2202.767,9508269,0,0,0.0,0,0,0,0,0,0,0
2202.878,9508381,0,0,0.0,0,0,0,0,0,0,0
2202.966,9508469,0,0,0.0,0,0,0,0,0,0,0
2203.066,9508569,0,0,0.0,0,0,0,0,0,0,0
2203.165,9508669,0,0,0.0,0,0,0,0,0,0,0
2203.265,9508769,0,0,0.0,0,0,0,0,0,0,0
2203.365,9508869,0,0,0.0,0,0,0,0,0,0,0
2203.465,9508969,0,0,0.0,0,0,0,0,0,0,0
2203.565,9509069,0,0,0.0,0,0,0,0,0,0,0
2203.665,9509169,0,0,0.0,0,0,0,0,0,0,0
2203.765,9509269,0,0,0.0,0,0,0,0,0,0,0
2203.864,9509369,0,0,0.0,0,0,0,0,0,0,0
2203.964,9509469,0,0,0.0,0,0,0,0,0,0,0
2204.065,9509569,0,0,0.0,0,0,0,0,0,0,0
2204.165,9509669,0,0,0.0,0,0,0,0,0,0,0
2204.265,9509769,0,0,0.0,0,0,0,0,0,0,0
2204.365,9509869,0,0,0.0,0,0,0,0,0,0,0
2204.465,9509969,0,0,0.0,0,0,0,0,0,0,0
2204.564,9510069,0,0,0.0,0,0,0,0,0,0,0
2204.665,9510169,0,0,0.0,0,0,0,0,0,0,0
2204.765,9510269,0,0,0.0,0,0,0,0,0,0,0
2204.877,9510381,0,0,0.0,0,0,0,0,0,0,0
2204.965,9510469,0,0,0.0,0,0,0,0,0,0,0
2205.065,9510569,0,0,0.0,0,0,0,0,0,0,0
2205.166,9510669,0,0,0.0,0,0,0,0,0,0,0
2205.265,9510769,0,0,0.0,0,0,0,0,0,0,0
2205.364,9510869,0,0,0.0,0,0,0,0,0,0,0
2205.464,9510969,0,0,0.0,0,0,0,0,0,0,0
2205.564,9511069,0,0,0.0,0,0,0,0,0,0,0
2205.665,9511169,0,0,0.0,0,0,0,0,0,0,0
2205.765,9511269,0,0,0.0,0,0,0,0,0,0,0
2205.866,9511369,0,0,0.0,0,0,0,0,0,0,0
2205.964,9511469,0,0,0.0,0,0,0,0,0,0,0
2206.066,9511569,0,0,0.0,0,0,0,0,0,0,0
2206.166,9511669,0,0,0.0,0,0,0,0,0,0,0
2206.265,9511769,0,0,0.0,0,0,0,0,0,0,0
2206.364,9511869,0,0,0.0,0,0,0,0,0,0,0
2206.465,9511969,0,0,0.0,0,0,0,0,0,0,0
2206.565,9512069,0,0,0.0,0,0,0,0,0,0,0
2206.664,9512169,0,0,0.0,0,0,0,0,0,0,0
2206.765,9512269,0,0,0.0,0,0,0,0,0,0,0
2206.877,9512381,0,0,0.0,0,0,0,0,0,0,0
2206.965,9512469,0,0,0.0,0,0,0,0,0,0,0
2207.066,9512569,0,0,0.0,0,0,0,0,0,0,0
2207.165,9512669,0,0,0.0,0,0,0,0,0,0,0
2207.267,9512769,0,0,0.0,0,0,0,0,0,0,0
2207.364,9512869,0,0,0.0,0,0,0,0,0,0,0
2207.468,9512969,0,0,0.0,0,0,0,0,0,0,0
2207.564,9513069,0,0,0.0,0,0,0,0,0,0,0
2207.670,9513169,0,0,0.0,0,0,0,0,0,0,0
2207.767,9513269,0,0,0.0,0,0,0,0,0,0,0
2207.865,9513369,0,0,0.0,0,0,0,0,0,0,0
2207.964,9513469,0,0,0.0,0,0,0,0,0,0,0
2208.064,9513569,0,0,0.0,0,0,0,0,0,0,0
2208.164,9513669,0,0,0.0,0,0,0,0,0,0,0
2208.266,9513769,0,0,0.0,0,0,0,0,0,0,0
2208.364,9513869,0,0,0.0,0,0,0,0,0,0,0
2208.464,9513969,0,0,0.0,0,0,0,0,0,0,0
2208.565,9514069,0,0,0.0,0,0,0,0,0,0,0
2208.667,9514169,0,0,0.0,0,0,0,0,0,0,0
2208.765,9514269,0,0,0.0,0,0,0,0,0,0,0
2208.877,9514381,0,0,0.0,0,0,0,0,0,0,0
2208.965,9514469,0,0,0.0,0,0,0,0,0,0,0
2209.064,9514569,0,0,0.0,0,0,0,0,0,0,0
2209.165,9514669,0,0,0.0,0,0,0,0,0,0,0
2209.265,9514769,0,0,0.0,0,0,0,0,0,0,0
2209.365,9514869,0,0,0.0,0,0,0,0,0,0,0
2209.466,9514969,0,0,0.0,0,0,0,0,0,0,0
2209.565,9515069,0,0,0.0,0,0,0,0,0,0,0
2209.664,9515169,0,0,0.0,0,0,0,0,0,0,0
2209.764,9515269,0,0,0.0,0,0,0,0,0,0,0
2209.864,9515369,0,0,0.0,0,0,0,0,0,0,0
2209.964,9515469,0,0,0.0,0,0,0,0,0,0,0
2210.064,9515569,0,0,0.0,0,0,0,0,0,0,0
2210.167,9515669,0,0,0.0,0,0,0,0,0,0,0
2210.265,9515769,0,0,0.0,0,0,0,0,0,0,0
2210.364,9515869,0,0,0.0,0,0,0,0,0,0,0
2210.465,9515969,0,0,0.0,0,0,0,0,0,0,0
2210.565,9516069,0,0,0.0,0,0,0,0,0,0,0
2210.665,9516169,0,0,0.0,0,0,0,0,0,0,0
2210.765,9516269,0,0,0.0,0,0,0,0,0,0,0
2210.877,9516381,0,0,0.0,0,0,0,0,0,0,0
2210.964,9516469,0,0,0.0,0,0,0,0,0,0,0
2211.064,9516569,0,0,0.0,0,0,0,0,0,0,0
2211.166,9516669,0,0,0.0,0,0,0,0,0,0,0
2211.264,9516769,0,0,0.0,0,0,0,0,0,0,0
2211.364,9516869,0,0,0.0,0,0,0,0,0,0,0
2211.464,9516969,0,0,0.0,0,0,0,0,0,0,0
2211.567,9517069,0,0,0.0,0,0,0,0,0,0,0
2211.664,9517169,0,0,0.0,0,0,0,0,0,0,0
2211.765,9517269,0,0,0.0,0,0,0,0,0,0,0
2211.864,9517369,0,0,0.0,0,0,0,0,0,0,0
2211.964,9517469,0,0,0.0,0,0,0,0,0,0,0
2212.064,9517569,0,0,0.0,0,0,0,0,0,0,0
2212.166,9517669,0,0,0.0,0,0,0,0,0,0,0
2212.264,9517769,0,0,0.0,0,0,0,0,0,0,0
2212.364,9517869,0,0,0.0,0,0,0,0,0,0,0
2212.464,9517969,0,0,0.0,0,0,0,0,0,0,0
2212.564,9518069,0,0,0.0,0,0,0,0,0,0,0
2212.664,9518169,0,0,0.0,0,0,0,0,0,0,0
2212.764,9518269,0,0,0.0,0,0,0,0,0,0,0
2212.877,9518381,0,0,0.0,0,0,0,0,0,0,0
2212.964,9518469,0,0,0.0,0,0,0,0,0,0,0
2213.064,9518569,0,0,0.0,0,0,0,0,0,0,0
2213.164,9518669,0,0,0.0,0,0,0,0,0,0,0
2213.264,9518769,0,0,0.0,0,0,0,0,0,0,0
2213.364,9518869,0,0,0.0,0,0,0,0,0,0,0
2213.464,9518969,0,0,0.0,0,0,0,0,0,0,0
2213.564,9519069,0,0,0.0,0,0,0,0,0,0,0
2213.664,9519169,0,0,0.0,0,0,0,0,0,0,0
2213.764,9519269,0,0,0.0,0,0,0,0,0,0,0
2213.864,9519369,0,0,0.0,0,0,0,0,0,0,0
2213.963,9519469,0,0,0.0,0,0,0,0,0,0,0
2214.064,9519569,0,0,0.0,0,0,0,0,0,0,0
2214.164,9519669,0,0,0.0,0,0,0,0,0,0,0
2214.264,9519769,0,0,0.0,0,0,0,0,0,0,0
2214.364,9519869,0,0,0.0,0,0,0,0,0,0,0
2214.464,9519969,0,0,0.0,0,0,0,0,0,0,0
2214.564,9520069,0,0,0.0,0,0,0,0,0,0,0
2214.664,9520169,0,0,0.0,0,0,0,0,0,0,0
2214.764,9520269,0,0,0.0,0,0,0,0,0,0,0
2214.877,9520381,0,0,0.0,0,0,0,0,0,0,0
2214.964,9520469,0,0,0.0,0,0,0,0,0,0,0
2215.074,9520569,0,0,0.0,0,0,0,0,0,0,0
2215.164,9520669,0,0,0.0,0,0,0,0,0,0,0
2215.264,9520769,0,0,0.0,0,0,0,0,0,0,0
2215.364,9520869,0,0,0.0,0,0,0,0,0,0,0
2215.464,9520969,0,0,0.0,0,0,0,0,0,0,0
2215.564,9521069,0,0,0.0,0,0,0,0,0,0,0
2215.664,9521169,0,0,0.0,0,0,0,0,0,0,0
2215.764,9521269,0,0,0.0,0,0,0,0,0,0,0
2215.864,9521369,0,0,0.0,0,0,0,0,0,0,0
2215.964,9521469,0,0,0.0,0,0,0,0,0,0,0
2216.064,9521569,0,0,0.0,0,0,0,0,0,0,0
2216.164,9521669,0,0,0.0,0,0,0,0,0,0,0
2216.264,9521769,0,0,0.0,0,0,0,0,0,0,0
2216.364,9521869,0,0,0.0,0,0,0,0,0,0,0
2216.464,9521969,0,0,0.0,0,0,0,0,0,0,0
2216.564,9522069,0,0,0.0,0,0,0,0,0,0,0
2216.664,9522169,0,0,0.0,0,0,0,0,0,0,0
2216.764,9522269,0,0,0.0,0,0,0,0,0,0,0
2216.877,9522381,0,0,0.0,0,0,0,0,0,0,0
2216.963,9522469,0,0,0.0,0,0,0,0,0,0,0
2217.064,9522569,0,0,0.0,0,0,0,0,0,0,0
2217.163,9522669,0,0,0.0,0,0,0,0,0,0,0
2217.269,9522769,0,0,0.0,0,0,0,0,0,0,0
2217.364,9522869,0,0,0.0,0,0,0,0,0,0,0
2217.464,9522969,0,0,0.0,0,0,0,0,0,0,0
2217.564,9523069,0,0,0.0,0,0,0,0,0,0,0
2217.664,9523169,0,0,0.0,0,0,0,0,0,0,0
2217.764,9523269,0,0,0.0,0,0,0,0,0,0,0
2217.864,9523369,0,0,0.0,0,0,0,0,0,0,0
2217.964,9523469,0,0,0.0,0,0,0,0,0,0,0
2218.064,9523569,0,0,0.0,0,0,0,0,0,0,0
2218.164,9523669,0,0,0.0,0,0,0,0,0,0,0
2218.264,9523769,0,0,0.0,0,0,0,0,0,0,0
2218.364,9523869,0,0,0.0,0,0,0,0,0,0,0
2218.464,9523969,0,0,0.0,0,0,0,0,0,0,0
2218.564,9524069,0,0,0.0,0,0,0,0,0,0,0
2218.664,9524169,0,0,0.0,0,0,0,0,0,0,0
2218.763,9524269,0,0,0.0,0,0,0,0,0,0,0
2218.877,9524381,0,0,0.0,0,0,0,0,0,0,0
2218.963,9524469,0,0,0.0,0,0,0,0,0,0,0
2219.064,9524569,0,0,0.0,0,0,0,0,0,0,0
2219.164,9524669,0,0,0.0,0,0,0,0,0,0,0
2219.264,9524769,0,0,0.0,0,0,0,0,0,0,0
2219.364,9524869,0,0,0.0,0,0,0,0,0,0,0
2219.463,9524969,0,0,0.0,0,0,0,0,0,0,0
2219.564,9525069,0,0,0.0,0,0,0,0,0,0,0
2219.664,9525169,0,0,0.0,0,0,0,0,0,0,0
2219.764,9525269,0,0,0.0,0,0,0,0,0,0,0
2219.864,9525369,0,0,0.0,0,0,0,0,0,0,0
2219.964,9525469,0,0,0.0,0,0,0,0,0,0,0
2220.063,9525569,0,0,0.0,0,0,0,0,0,0,0
2220.163,9525669,0,0,0.0,0,0,0,0,0,0,0
2220.264,9525769,0,0,0.0,0,0,0,0,0,0,0
2220.363,9525869,0,0,0.0,0,0,0,0,0,0,0
2220.464,9525969,0,0,0.0,0,0,0,0,0,0,0
2220.564,9526069,0,0,0.0,0,0,0,0,0,0,0
2220.664,9526169,0,0,0.0,0,0,0,0,0,0,0
2220.765,9526269,0,0,0.0,0,0,0,0,0,0,0
2220.877,9526381,0,0,0.0,0,0,0,0,0,0,0
2220.964,9526469,0,0,0.0,0,0,0,0,0,0,0
2221.063,9526569,0,0,0.0,0,0,0,0,0,0,0
2221.163,9526669,0,0,0.0,0,0,0,0,0,0,0
2221.264,9526769,0,0,0.0,0,0,0,0,0,0,0
2221.363,9526869,0,0,0.0,0,0,0,0,0,0,0
2221.463,9526969,0,0,0.0,0,0,0,0,0,0,0
2221.564,9527069,0,0,0.0,0,0,0,0,0,0,0
2221.664,9527169,0,0,0.0,0,0,0,0,0,0,0
2221.763,9527269,0,0,0.0,0,0,0,0,0,0,0
2221.864,9527369,0,0,0.0,0,0,0,0,0,0,0
2221.964,9527469,0,0,0.0,0,0,0,0,0,0,0
2222.064,9527569,0,0,0.0,0,0,0,0,0,0,0
2222.163,9527669,0,0,0.0,0,0,0,0,0,0,0
2222.264,9527769,0,0,0.0,0,0,0,0,0,0,0
2222.363,9527869,0,0,0.0,0,0,0,0,0,0,0
2222.463,9527969,0,0,0.0,0,0,0,0,0,0,0
2222.563,9528069,0,0,0.0,0,0,0,0,0,0,0
2222.664,9528169,0,0,0.0,0,0,0,0,0,0,0
2222.763,9528269,0,0,0.0,0,0,0,0,0,0,0
2222.876,9528381,0,0,0.0,0,0,0,0,0,0,0
2222.963,9528469,0,0,0.0,0,0,0,0,0,0,0
2223.063,9528569,0,0,0.0,0,0,0,0,0,0,0
2223.163,9528669,0,0,0.0,0,0,0,0,0,0,0
2223.264,9528769,0,0,0.0,0,0,0,0,0,0,0
2223.363,9528869,0,0,0.0,0,0,0,0,0,0,0
2223.463,9528969,0,0,0.0,0,0,0,0,0,0,0
2223.563,9529069,0,0,0.0,0,0,0,0,0,0,0
2223.663,9529169,0,0,0.0,0,0,0,0,0,0,0
2223.763,9529269,0,0,0.0,0,0,0,0,0,0,0
2223.864,9529369,0,0,0.0,0,0,0,0,0,0,0
2223.963,9529469,0,0,0.0,0,0,0,0,0,0,0
2224.063,9529569,0,0,0.0,0,0,0,0,0,0,0
2224.163,9529669,0,0,0.0,0,0,0,0,0,0,0
2224.263,9529769,0,0,0.0,0,0,0,0,0,0,0
2224.363,9529869,0,0,0.0,0,0,0,0,0,0,0
2224.463,9529969,0,0,0.0,0,0,0,0,0,0,0
2224.563,9530069,0,0,0.0,0,0,0,0,0,0,0
2224.663,9530169,0,0,0.0,0,0,0,0,0,0,0
2224.763,9530269,0,0,0.0,0,0,0,0,0,0,0
2224.876,9530381,0,0,0.0,0,0,0,0,0,0,0
2224.964,9530469,0,0,0.0,0,0,0,0,0,0,0
2225.063,9530569,0,0,0.0,0,0,0,0,0,0,0
2225.164,9530669,0,0,0.0,0,0,0,0,0,0,0
2225.263,9530769,0,0,0.0,0,0,0,0,0,0,0
2225.363,9530869,0,0,0.0,0,0,0,0,0,0,0
2225.463,9530969,0,0,0.0,0,0,0,0,0,0,0
2225.564,9531069,0,0,0.0,0,0,0,0,0,0,0
2225.664,9531169,0,0,0.0,0,0,0,0,0,0,0
2225.764,9531269,0,0,0.0,0,0,0,0,0,0,0
2225.863,9531369,0,0,0.0,0,0,0,0,0,0,0
2225.963,9531469,0,0,0.0,0,0,0,0,0,0,0
2226.063,9531569,0,0,0.0,0,0,0,0,0,0,0
2226.163,9531669,0,0,0.0,0,0,0,0,0,0,0
2226.263,9531769,0,0,0.0,0,0,0,0,0,0,0
2226.363,9531869,0,0,0.0,0,0,0,0,0,0,0
2226.463,9531969,0,0,0.0,0,0,0,0,0,0,0
2226.563,9532069,0,0,0.0,0,0,0,0,0,0,0
2226.663,9532169,0,0,0.0,0,0,0,0,0,0,0
2226.763,9532269,0,0,0.0,0,0,0,0,0,0,0
2226.876,9532381,0,0,0.0,0,0,0,0,0,0,0
2226.963,9532469,0,0,0.0,0,0,0,0,0,0,0
2227.064,9532569,0,0,0.0,0,0,0,0,0,0,0
2227.163,9532669,0,0,0.0,0,0,0,0,0,0,0
2227.263,9532769,0,0,0.0,0,0,0,0,0,0,0
2227.363,9532869,0,0,0.0,0,0,0,0,0,0,0
2227.463,9532969,0,0,0.0,0,0,0,0,0,0,0
2227.564,9533069,0,0,0.0,0,0,0,0,0,0,0
2227.663,9533169,0,0,0.0,0,0,0,0,0,0,0
2227.763,9533269,0,0,0.0,0,0,0,0,0,0,0
2227.863,9533369,0,0,0.0,0,0,0,0,0,0,0
2227.963,9533469,0,0,0.0,0,0,0,0,0,0,0
2228.063,9533569,0,0,0.0,0,0,0,0,0,0,0
2228.163,9533669,0,0,0.0,0,0,0,0,0,0,0
2228.263,9533769,0,0,0.0,0,0,0,0,0,0,0
2228.363,9533869,0,0,0.0,0,0,0,0,0,0,0
2228.463,9533969,0,0,0.0,0,0,0,0,0,0,0
2228.563,9534069,0,0,0.0,0,0,0,0,0,0,0
2228.663,9534169,0,0,0.0,0,0,0,0,0,0,0
2228.763,9534269,0,0,0.0,0,0,0,0,0,0,0
2228.875,9534381,0,0,0.0,0,0,0,0,0,0,0
2228.963,9534469,0,0,0.0,0,0,0,0,0,0,0
2229.063,9534569,0,0,0.0,0,0,0,0,0,0,0
2229.163,9534669,0,0,0.0,0,0,0,0,0,0,0
2229.265,9534769,0,0,0.0,0,0,0,0,0,0,0
2229.363,9534869,0,0,0.0,0,0,0,0,0,0,0
2229.463,9534969,0,0,0.0,0,0,0,0,0,0,0
2229.563,9535069,0,0,0.0,0,0,0,0,0,0,0
2229.664,9535169,0,0,0.0,0,0,0,0,0,0,0
2229.763,9535269,0,0,0.0,0,0,0,0,0,0,0
2229.863,9535369,0,0,0.0,0,0,0,0,0,0,0
2229.963,9535469,0,0,0.0,0,0,0,0,0,0,0
2230.063,9535569,0,0,0.0,0,0,0,0,0,0,0
2230.163,9535669,0,0,0.0,0,0,0,0,0,0,0
2230.263,9535769,0,0,0.0,0,0,0,0,0,0,0
2230.363,9535869,0,0,0.0,0,0,0,0,0,0,0
2230.463,9535969,0,0,0.0,0,0,0,0,0,0,0
2230.562,9536069,0,0,0.0,0,0,0,0,0,0,0
2230.663,9536169,0,0,0.0,0,0,0,0,0,0,0
2230.763,9536269,0,0,0.0,0,0,0,0,0,0,0
2230.876,9536381,0,0,0.0,0,0,0,0,0,0,0
2230.963,9536469,0,0,0.0,0,0,0,0,0,0,0
2231.063,9536569,0,0,0.0,0,0,0,0,0,0,0
2231.164,9536669,0,0,0.0,0,0,0,0,0,0,0
2231.263,9536769,0,0,0.0,0,0,0,0,0,0,0
2231.363,9536869,0,0,0.0,0,0,0,0,0,0,0
2231.463,9536969,0,0,0.0,0,0,0,0,0,0,0
2231.563,9537069,0,0,0.0,0,0,0,0,0,0,0
2231.663,9537169,0,0,0.0,0,0,0,0,0,0,0
2231.763,9537269,0,0,0.0,0,0,0,0,0,0,0
2231.863,9537369,0,0,0.0,0,0,0,0,0,0,0
2231.963,9537469,0,0,0.0,0,0,0,0,0,0,0
2232.063,9537569,0,0,0.0,0,0,0,0,0,0,0
2232.163,9537669,0,0,0.0,0,0,0,0,0,0,0
2232.263,9537769,0,0,0.0,0,0,0,0,0,0,0
2232.363,9537869,0,0,0.0,0,0,0,0,0,0,0
2232.463,9537969,0,0,0.0,0,0,0,0,0,0,0
2232.563,9538069,0,0,0.0,0,0,0,0,0,0,0
2232.662,9538169,0,0,0.0,0,0,0,0,0,0,0
2232.763,9538269,0,0,0.0,0,0,0,0,0,0,0
2232.876,9538381,0,0,0.0,0,0,0,0,0,0,0
2232.963,9538469,0,0,0.0,0,0,0,0,0,0,0
2233.063,9538569,0,0,0.0,0,0,0,0,0,0,0
2233.162,9538669,0,0,0.0,0,0,0,0,0,0,0
2233.263,9538769,0,0,0.0,0,0,0,0,0,0,0
2233.363,9538869,0,0,0.0,0,0,0,0,0,0,0
2233.463,9538969,0,0,0.0,0,0,0,0,0,0,0
2233.563,9539069,0,0,0.0,0,0,0,0,0,0,0
2233.663,9539169,0,0,0.0,0,0,0,0,0,0,0
2233.763,9539269,0,0,0.0,0,0,0,0,0,0,0
2233.862,9539369,0,0,0.0,0,0,0,0,0,0,0
2233.963,9539469,0,0,0.0,0,0,0,0,0,0,0
2234.063,9539569,0,0,0.0,0,0,0,0,0,0,0
2234.162,9539669,0,0,0.0,0,0,0,0,0,0,0
2234.262,9539769,0,0,0.0,0,0,0,0,0,0,0
2234.363,9539869,0,0,0.0,0,0,0,0,0,0,0
2234.463,9539969,0,0,0.0,0,0,0,0,0,0,0
2234.563,9540069,0,0,0.0,0,0,0,0,0,0,0
2234.663,9540169,0,0,0.0,0,0,0,0,0,0,0
2234.763,9540269,0,0,0.0,0,0,0,0,0,0,0
2234.876,9540381,0,0,0.0,0,0,0,0,0,0,0
2234.963,9540469,0,0,0.0,0,0,0,0,0,0,0
2235.063,9540569,0,0,0.0,0,0,0,0,0,0,0
2235.163,9540669,0,0,0.0,0,0,0,0,0,0,0
2235.263,9540769,0,0,0.0,0,0,0,0,0,0,0
2235.362,9540869,0,0,0.0,0,0,0,0,0,0,0
2235.463,9540969,0,0,0.0,0,0,0,0,0,0,0
2235.562,9541069,0,0,0.0,0,0,0,0,0,0,0
2235.663,9541169,0,0,0.0,0,0,0,0,0,0,0
2235.762,9541269,0,0,0.0,0,0,0,0,0,0,0
2235.863,9541369,0,0,0.0,0,0,0,0,0,0,0
2235.963,9541469,0,0,0.0,0,0,0,0,0,0,0
2236.066,9541569,0,0,0.0,0,0,0,0,0,0,0
2236.162,9541669,0,0,0.0,0,0,0,0,0,0,0
2236.263,9541769,0,0,0.0,0,0,0,0,0,0,0
2236.362,9541869,0,0,0.0,0,0,0,0,0,0,0
2236.462,9541969,0,0,0.0,0,0,0,0,0,0,0
2236.567,9542069,0,0,0.0,0,0,0,0,0,0,0
2236.663,9542169,0,0,0.0,0,0,0,0,0,0,0
2236.762,9542269,0,0,0.0,0,0,0,0,0,0,0
2236.876,9542381,0,0,0.0,0,0,0,0,0,0,0
2236.963,9542469,0,0,0.0,0,0,0,0,0,0,0
2237.063,9542569,0,0,0.0,0,0,0,0,0,0,0
2237.162,9542669,0,0,0.0,0,0,0,0,0,0,0
2237.262,9542769,0,0,0.0,0,0,0,0,0,0,0
2237.362,9542869,0,0,0.0,0,0,0,0,0,0,0
2237.463,9542969,0,0,0.0,0,0,0,0,0,0,0
2237.562,9543069,0,0,0.0,0,0,0,0,0,0,0
2237.663,9543169,0,0,0.0,0,0,0,0,0,0,0
2237.762,9543269,0,0,0.0,0,0,0,0,0,0,0
2237.863,9543369,0,0,0.0,0,0,0,0,0,0,0
2237.963,9543469,0,0,0.0,0,0,0,0,0,0,0
2238.062,9543569,0,0,0.0,0,0,0,0,0,0,0
2238.162,9543669,0,0,0.0,0,0,0,0,0,0,0
2238.262,9543769,0,0,0.0,0,0,0,0,0,0,0
2238.362,9543869,0,0,0.0,0,0,0,0,0,0,0
2238.463,9543969,0,0,0.0,0,0,0,0,0,0,0
2238.563,9544069,0,0,0.0,0,0,0,0,0,0,0
2238.662,9544169,0,0,0.0,0,0,0,0,0,0,0
2238.763,9544269,0,0,0.0,0,0,0,0,0,0,0
2238.876,9544381,0,0,0.0,0,0,0,0,0,0,0
2238.962,9544469,0,0,0.0,0,0,0,0,0,0,0
2239.062,9544569,0,0,0.0,0,0,0,0,0,0,0
2239.162,9544669,0,0,0.0,0,0,0,0,0,0,0
2239.262,9544769,0,0,0.0,0,0,0,0,0,0,0
2239.362,9544869,0,0,0.0,0,0,0,0,0,0,0
2239.463,9544969,0,0,0.0,0,0,0,0,0,0,0
2239.562,9545069,0,0,0.0,0,0,0,0,0,0,0
2239.663,9545169,0,0,0.0,0,0,0,0,0,0,0
2239.762,9545269,0,0,0.0,0,0,0,0,0,0,0
2239.862,9545369,0,0,0.0,0,0,0,0,0,0,0
2239.964,9545469,0,0,0.0,0,0,0,0,0,0,0
2240.062,9545569,0,0,0.0,0,0,0,0,0,0,0
2240.163,9545669,0,0,0.0,0,0,0,0,0,0,0
2240.262,9545769,0,0,0.0,0,0,0,0,0,0,0
2240.362,9545869,0,0,0.0,0,0,0,0,0,0,0
2240.462,9545969,0,0,0.0,0,0,0,0,0,0,0
2240.563,9546069,0,0,0.0,0,0,0,0,0,0,0
2240.662,9546169,0,0,0.0,0,0,0,0,0,0,0
2240.762,9546269,0,0,0.0,0,0,0,0,0,0,0
2240.876,9546381,0,0,0.0,0,0,0,0,0,0,0
2240.962,9546469,0,0,0.0,0,0,0,0,0,0,0
2241.064,9546569,0,0,0.0,0,0,0,0,0,0,0
2241.162,9546669,0,0,0.0,0,0,0,0,0,0,0
2241.262,9546769,0,0,0.0,0,0,0,0,0,0,0
2241.362,9546869,0,0,0.0,0,0,0,0,0,0,0
2241.462,9546969,0,0,0.0,0,0,0,0,0,0,0
2241.562,9547069,0,0,0.0,0,0,0,0,0,0,0
2241.662,9547169,0,0,0.0,0,0,0,0,0,0,0
2241.762,9547269,0,0,0.0,0,0,0,0,0,0,0
2241.862,9547369,0,0,0.0,0,0,0,0,0,0,0
2241.962,9547469,0,0,0.0,0,0,0,0,0,0,0
2242.062,9547569,0,0,0.0,0,0,0,0,0,0,0
2242.162,9547669,0,0,0.0,0,0,0,0,0,0,0
2242.262,9547769,0,0,0.0,0,0,0,0,0,0,0
2242.362,9547869,0,0,0.0,0,0,0,0,0,0,0
2242.462,9547969,0,0,0.0,0,0,0,0,0,0,0
2242.563,9548069,0,0,0.0,0,0,0,0,0,0,0
2242.662,9548169,0,0,0.0,0,0,0,0,0,0,0
2242.763,9548269,0,0,0.0,0,0,0,0,0,0,0
2242.875,9548381,0,0,0.0,0,0,0,0,0,0,0
2242.962,9548469,0,0,0.0,0,0,0,0,0,0,0
2243.062,9548569,0,0,0.0,0,0,0,0,0,0,0
2243.162,9548669,0,0,0.0,0,0,0,0,0,0,0
2243.262,9548769,0,0,0.0,0,0,0,0,0,0,0
2243.362,9548869,0,0,0.0,0,0,0,0,0,0,0
2243.462,9548969,0,0,0.0,0,0,0,0,0,0,0
2243.563,9549069,0,0,0.0,0,0,0,0,0,0,0
2243.662,9549169,0,0,0.0,0,0,0,0,0,0,0
2243.762,9549269,0,0,0.0,0,0,0,0,0,0,0
2243.862,9549369,0,0,0.0,0,0,0,0,0,0,0
2243.962,9549469,0,0,0.0,0,0,0,0,0,0,0
2244.062,9549569,0,0,0.0,0,0,0,0,0,0,0
2244.162,9549669,0,0,0.0,0,0,0,0,0,0,0
2244.262,9549769,0,0,0.0,0,0,0,0,0,0,0
2244.362,9549869,0,0,0.0,0,0,0,0,0,0,0
2244.462,9549969,0,0,0.0,0,0,0,0,0,0,0
2244.562,9550069,0,0,0.0,0,0,0,0,0,0,0
2244.662,9550169,0,0,0.0,0,0,0,0,0,0,0
2244.762,9550269,0,0,0.0,0,0,0,0,0,0,0
2244.875,9550381,0,0,0.0,0,0,0,0,0,0,0
2244.962,9550469,0,0,0.0,0,0,0,0,0,0,0
2245.062,9550569,0,0,0.0,0,0,0,0,0,0,0
2245.162,9550669,0,0,0.0,0,0,0,0,0,0,0
2245.262,9550769,0,0,0.0,0,0,0,0,0,0,0
2245.362,9550869,0,0,0.0,0,0,0,0,0,0,0
2245.462,9550969,0,0,0.0,0,0,0,0,0,0,0
2245.562,9551069,0,0,0.0,0,0,0,0,0,0,0
2245.662,9551169,0,0,0.0,0,0,0,0,0,0,0
2245.764,9551269,0,0,0.0,0,0,0,0,0,0,0
2245.862,9551369,0,0,0.0,0,0,0,0,0,0,0
2245.962,9551469,0,0,0.0,0,0,0,0,0,0,0
2246.062,9551569,0,0,0.0,0,0,0,0,0,0,0
2246.162,9551669,0,0,0.0,0,0,0,0,0,0,0
2246.262,9551769,0,0,0.0,0,0,0,0,0,0,0
2246.362,9551869,0,0,0.0,0,0,0,0,0,0,0
2246.462,9551969,0,0,0.0,0,0,0,0,0,0,0
2246.562,9552069,0,0,0.0,0,0,0,0,0,0,0
2246.662,9552169,0,0,0.0,0,0,0,0,0,0,0
2246.762,9552269,0,0,0.0,0,0,0,0,0,0,0
2246.875,9552381,0,0,0.0,0,0,0,0,0,0,0
2246.962,9552469,0,0,0.0,0,0,0,0,0,0,0
2247.062,9552569,0,0,0.0,0,0,0,0,0,0,0
2247.162,9552669,0,0,0.0,0,0,0,0,0,0,0
2247.262,9552769,0,0,0.0,0,0,0,0,0,0,0
2247.362,9552869,0,0,0.0,0,0,0,0,0,0,0
2247.462,9552969,0,0,0.0,0,0,0,0,0,0,0
2247.562,9553069,0,0,0.0,0,0,0,0,0,0,0
2247.662,9553169,0,0,0.0,0,0,0,0,0,0,0
2247.762,9553269,0,0,0.0,0,0,0,0,0,0,0
2247.862,9553369,0,0,0.0,0,0,0,0,0,0,0
2247.962,9553469,0,0,0.0,0,0,0,0,0,0,0
2248.062,9553569,0,0,0.0,0,0,0,0,0,0,0
2248.162,9553669,0,0,0.0,0,0,0,0,0,0,0
2248.262,9553769,0,0,0.0,0,0,0,0,0,0,0
2248.362,9553869,0,0,0.0,0,0,0,0,0,0,0
2248.462,9553969,0,0,0.0,0,0,0,0,0,0,0
2248.562,9554069,0,0,0.0,0,0,0,0,0,0,0
2248.662,9554169,0,0,0.0,0,0,0,0,0,0,0
2248.762,9554269,0,0,0.0,0,0,0,0,0,0,0
2248.875,9554381,0,0,0.0,0,0,0,0,0,0,0
2248.962,9554469,0,0,0.0,0,0,0,0,0,0,0
2249.062,9554569,0,0,0.0,0,0,0,0,0,0,0
2249.162,9554669,0,0,0.0,0,0,0,0,0,0,0
2249.262,9554769,0,0,0.0,0,0,0,0,0,0,0
2249.361,9554869,0,0,0.0,0,0,0,0,0,0,0
2249.462,9554969,0,0,0.0,0,0,0,0,0,0,0
2249.562,9555069,0,0,0.0,0,0,0,0,0,0,0
2249.661,9555169,0,0,0.0,0,0,0,0,0,0,0
2249.761,9555269,0,0,0.0,0,0,0,0,0,0,0
2249.862,9555369,0,0,0.0,0,0,0,0,0,0,0
2249.962,9555469,0,0,0.0,0,0,0,0,0,0,0
2250.062,9555569,0,0,0.0,0,0,0,0,0,0,0
2250.161,9555669,0,0,0.0,0,0,0,0,0,0,0
2250.262,9555769,0,0,0.0,0,0,0,0,0,0,0
2250.361,9555869,0,0,0.0,0,0,0,0,0,0,0
2250.462,9555969,0,0,0.0,0,0,0,0,0,0,0
2250.562,9556069,0,0,0.0,0,0,0,0,0,0,0
2250.663,9556169,0,0,0.0,0,0,0,0,0,0,0
2250.762,9556269,0,0,0.0,0,0,0,0,0,0,0
2250.875,9556381,0,0,0.0,0,0,0,0,0,0,0
2250.962,9556469,0,0,0.0,0,0,0,0,0,0,0
2251.062,9556569,0,0,0.0,0,0,0,0,0,0,0
2251.161,9556669,0,0,0.0,0,0,0,0,0,0,0
2251.262,9556769,0,0,0.0,0,0,0,0,0,0,0
2251.362,9556869,0,0,0.0,0,0,0,0,0,0,0
2251.461,9556969,0,0,0.0,0,0,0,0,0,0,0
2251.561,9557069,0,0,0.0,0,0,0,0,0,0,0
2251.661,9557169,0,0,0.0,0,0,0,0,0,0,0
2251.761,9557269,0,0,0.0,0,0,0,0,0,0,0
2251.861,9557369,0,0,0.0,0,0,0,0,0,0,0
2251.962,9557469,0,0,0.0,0,0,0,0,0,0,0
2252.062,9557569,0,0,0.0,0,0,0,0,0,0,0
2252.164,9557669,0,0,0.0,0,0,0,0,0,0,0
2252.262,9557769,0,0,0.0,0,0,0,0,0,0,0
2252.361,9557869,0,0,0.0,0,0,0,0,0,0,0
2252.462,9557969,0,0,0.0,0,0,0,0,0,0,0
2252.562,9558069,0,0,0.0,0,0,0,0,0,0,0
2252.661,9558169,0,0,0.0,0,0,0,0,0,0,0
2252.762,9558269,0,0,0.0,0,0,0,0,0,0,0
2252.874,9558381,0,0,0.0,0,0,0,0,0,0,0
2252.962,9558469,0,0,0.0,0,0,0,0,0,0,0
2253.062,9558569,0,0,0.0,0,0,0,0,0,0,0
2253.162,9558669,0,0,0.0,0,0,0,0,0,0,0
2253.262,9558769,0,0,0.0,0,0,0,0,0,0,0
2253.361,9558869,0,0,0.0,0,0,0,0,0,0,0
2253.462,9558969,0,0,0.0,0,0,0,0,0,0,0
2253.561,9559069,0,0,0.0,0,0,0,0,0,0,0
2253.662,9559169,0,0,0.0,0,0,0,0,0,0,0
2253.761,9559269,0,0,0.0,0,0,0,0,0,0,0
2253.861,9559369,0,0,0.0,0,0,0,0,0,0,0
2253.961,9559469,0,0,0.0,0,0,0,0,0,0,0
2254.061,9559569,0,0,0.0,0,0,0,0,0,0,0
2254.162,9559669,0,0,0.0,0,0,0,0,0,0,0
2254.261,9559769,0,0,0.0,0,0,0,0,0,0,0
2254.362,9559869,0,0,0.0,0,0,0,0,0,0,0
2254.461,9559969,0,0,0.0,0,0,0,0,0,0,0
2254.561,9560069,0,0,0.0,0,0,0,0,0,0,0
2254.661,9560169,0,0,0.0,0,0,0,0,0,0,0
2254.761,9560269,0,0,0.0,0,0,0,0,0,0,0
2254.874,9560381,0,0,0.0,0,0,0,0,0,0,0
2254.961,9560469,0,0,0.0,0,0,0,0,0,0,0
2255.061,9560569,0,0,0.0,0,0,0,0,0,0,0
2255.161,9560669,0,0,0.0,0,0,0,0,0,0,0
2255.261,9560769,0,0,0.0,0,0,0,0,0,0,0
2255.361,9560869,0,0,0.0,0,0,0,0,0,0,0
2255.461,9560969,0,0,0.0,0,0,0,0,0,0,0
2255.561,9561069,0,0,0.0,0,0,0,0,0,0,0
2255.661,9561169,0,0,0.0,0,0,0,0,0,0,0
2255.762,9561269,0,0,0.0,0,0,0,0,0,0,0
2255.861,9561369,0,0,0.0,0,0,0,0,0,0,0
2255.961,9561469,0,0,0.0,0,0,0,0,0,0,0
2256.061,9561569,0,0,0.0,0,0,0,0,0,0,0
2256.161,9561669,0,0,0.0,0,0,0,0,0,0,0
2256.261,9561769,0,0,0.0,0,0,0,0,0,0,0
2256.361,9561869,0,0,0.0,0,0,0,0,0,0,0
2256.461,9561969,0,0,0.0,0,0,0,0,0,0,0
2256.561,9562069,0,0,0.0,0,0,0,0,0,0,0
2256.661,9562169,0,0,0.0,0,0,0,0,0,0,0
2256.761,9562269,0,0,0.0,0,0,0,0,0,0,0
2256.874,9562381,0,0,0.0,0,0,0,0,0,0,0
2256.961,9562469,0,0,0.0,0,0,0,0,0,0,0
2257.062,9562569,0,0,0.0,0,0,0,0,0,0,0
2257.161,9562669,0,0,0.0,0,0,0,0,0,0,0
2257.261,9562769,0,0,0.0,0,0,0,0,0,0,0
2257.361,9562869,0,0,0.0,0,0,0,0,0,0,0
2257.461,9562969,0,0,0.0,0,0,0,0,0,0,0
2257.561,9563069,0,0,0.0,0,0,0,0,0,0,0
2257.661,9563169,0,0,0.0,0,0,0,0,0,0,0
2257.764,9563269,0,0,0.0,0,0,0,0,0,0,0
2257.861,9563369,0,0,0.0,0,0,0,0,0,0,0
2257.961,9563469,0,0,0.0,0,0,0,0,0,0,0
2258.061,9563569,0,0,0.0,0,0,0,0,0,0,0
2258.161,9563669,0,0,0.0,0,0,0,0,0,0,0
2258.261,9563769,0,0,0.0,0,0,0,0,0,0,0
2258.361,9563869,0,0,0.0,0,0,0,0,0,0,0
2258.461,9563969,0,0,0.0,0,0,0,0,0,0,0
2258.561,9564069,0,0,0.0,0,0,0,0,0,0,0
2258.661,9564169,0,0,0.0,0,0,0,0,0,0,0
2258.761,9564269,0,0,0.0,0,0,0,0,0,0,0
2258.874,9564381,0,0,0.0,0,0,0,0,0,0,0
2258.961,9564469,0,0,0.0,0,0,0,0,0,0,0
2259.061,9564569,0,0,0.0,0,0,0,0,0,0,0
2259.161,9564669,0,0,0.0,0,0,0,0,0,0,0
2259.261,9564769,0,0,0.0,0,0,0,0,0,0,0
2259.361,9564869,0,0,0.0,0,0,0,0,0,0,0
2259.461,9564969,0,0,0.0,0,0,0,0,0,0,0
2259.561,9565069,0,0,0.0,0,0,0,0,0,0,0
2259.661,9565169,0,0,0.0,0,0,0,0,0,0,0
2259.761,9565269,0,0,0.0,0,0,0,0,0,0,0
2259.861,9565369,0,0,0.0,0,0,0,0,0,0,0
2259.961,9565469,0,0,0.0,0,0,0,0,0,0,0
2260.061,9565569,0,0,0.0,0,0,0,0,0,0,0
2260.161,9565669,0,0,0.0,0,0,0,0,0,0,0
2260.261,9565769,0,0,0.0,0,0,0,0,0,0,0
2260.361,9565869,0,0,0.0,0,0,0,0,0,0,0
2260.461,9565969,0,0,0.0,0,0,0,0,0,0,0
2260.561,9566069,0,0,0.0,0,0,0,0,0,0,0
2260.661,9566169,0,0,0.0,0,0,0,0,0,0,0
2260.761,9566269,0,0,0.0,0,0,0,0,0,0,0
2260.874,9566381,0,0,0.0,0,0,0,0,0,0,0
2260.961,9566469,0,0,0.0,0,0,0,0,0,0,0
2261.061,9566569,0,0,0.0,0,0,0,0,0,0,0
2261.161,9566669,0,0,0.0,0,0,0,0,0,0,0
2261.261,9566769,0,0,0.0,0,0,0,0,0,0,0
2261.361,9566869,0,0,0.0,0,0,0,0,0,0,0
2261.461,9566969,0,0,0.0,0,0,0,0,0,0,0
2261.561,9567069,0,0,0.0,0,0,0,0,0,0,0
2261.661,9567169,0,0,0.0,0,0,0,0,0,0,0
2261.761,9567269,0,0,0.0,0,0,0,0,0,0,0
2261.861,9567369,0,0,0.0,0,0,0,0,0,0,0
2261.961,9567469,0,0,0.0,0,0,0,0,0,0,0
2262.061,9567569,0,0,0.0,0,0,0,0,0,0,0
2262.161,9567669,0,0,0.0,0,0,0,0,0,0,0
2262.261,9567769,0,0,0.0,0,0,0,0,0,0,0
2262.361,9567869,0,0,0.0,0,0,0,0,0,0,0
2262.461,9567969,0,0,0.0,0,0,0,0,0,0,0
2262.561,9568069,0,0,0.0,0,0,0,0,0,0,0
2262.661,9568169,0,0,0.0,0,0,0,0,0,0,0
2262.761,9568269,0,0,0.0,0,0,0,0,0,0,0
2262.874,9568381,0,0,0.0,0,0,0,0,0,0,0
2262.961,9568469,0,0,0.0,0,0,0,0,0,0,0
2263.061,9568569,0,0,0.0,0,0,0,0,0,0,0
2263.161,9568669,0,0,0.0,0,0,0,0,0,0,0
2263.261,9568769,0,0,0.0,0,0,0,0,0,0,0
2263.361,9568869,0,0,0.0,0,0,0,0,0,0,0
2263.461,9568969,0,0,0.0,0,0,0,0,0,0,0
2263.561,9569069,0,0,0.0,0,0,0,0,0,0,0
2263.661,9569169,0,0,0.0,0,0,0,0,0,0,0
2263.761,9569269,0,0,0.0,0,0,0,0,0,0,0
2263.861,9569369,0,0,0.0,0,0,0,0,0,0,0
2263.961,9569469,0,0,0.0,0,0,0,0,0,0,0
2264.061,9569569,0,0,0.0,0,0,0,0,0,0,0
2264.161,9569669,0,0,0.0,0,0,0,0,0,0,0
2264.261,9569769,0,0,0.0,0,0,0,0,0,0,0
2264.361,9569869,0,0,0.0,0,0,0,0,0,0,0
2264.461,9569969,0,0,0.0,0,0,0,0,0,0,0
2264.561,9570069,0,0,0.0,0,0,0,0,0,0,0
2264.661,9570169,0,0,0.0,0,0,0,0,0,0,0
2264.761,9570269,0,0,0.0,0,0,0,0,0,0,0
2264.874,9570381,0,0,0.0,0,0,0,0,0,0,0
2264.961,9570469,0,0,0.0,0,0,0,0,0,0,0
2265.061,9570569,0,0,0.0,0,0,0,0,0,0,0
2265.161,9570669,0,0,0.0,0,0,0,0,0,0,0
2265.261,9570769,0,0,0.0,0,0,0,0,0,0,0
2265.361,9570869,0,0,0.0,0,0,0,0,0,0,0
2265.461,9570969,0,0,0.0,0,0,0,0,0,0,0
2265.562,9571069,0,0,0.0,0,0,0,0,0,0,0
2265.661,9571169,0,0,0.0,0,0,0,0,0,0,0
2265.760,9571269,0,0,0.0,0,0,0,0,0,0,0
2265.861,9571369,0,0,0.0,0,0,0,0,0,0,0
2265.961,9571469,0,0,0.0,0,0,0,0,0,0,0
2266.061,9571569,0,0,0.0,0,0,0,0,0,0,0
2266.161,9571669,0,0,0.0,0,0,0,0,0,0,0
2266.261,9571769,0,0,0.0,0,0,0,0,0,0,0
2266.361,9571869,0,0,0.0,0,0,0,0,0,0,0
2266.460,9571969,0,0,0.0,0,0,0,0,0,0,0
2266.560,9572069,0,0,0.0,0,0,0,0,0,0,0
2266.661,9572169,0,0,0.0,0,0,0,0,0,0,0
2266.761,9572269,0,0,0.0,0,0,0,0,0,0,0
2266.873,9572381,0,0,0.0,0,0,0,0,0,0,0
2266.961,9572469,0,0,0.0,0,0,0,0,0,0,0
2267.060,9572569,0,0,0.0,0,0,0,0,0,0,0
2267.160,9572669,0,0,0.0,0,0,0,0,0,0,0
2267.260,9572769,0,0,0.0,0,0,0,0,0,0,0
2267.361,9572869,0,0,0.0,0,0,0,0,0,0,0
2267.461,9572969,0,0,0.0,0,0,0,0,0,0,0
2267.560,9573069,0,0,0.0,0,0,0,0,0,0,0
2267.661,9573169,0,0,0.0,0,0,0,0,0,0,0
2267.761,9573269,0,0,0.0,0,0,0,0,0,0,0
2267.861,9573369,0,0,0.0,0,0,0,0,0,0,0
2267.961,9573469,0,0,0.0,0,0,0,0,0,0,0
2268.061,9573569,0,0,0.0,0,0,0,0,0,0,0
2268.161,9573669,0,0,0.0,0,0,0,0,0,0,0
2268.261,9573769,0,0,0.0,0,0,0,0,0,0,0
2268.361,9573869,0,0,0.0,0,0,0,0,0,0,0
2268.460,9573969,0,0,0.0,0,0,0,0,0,0,0
2268.560,9574069,0,0,0.0,0,0,0,0,0,0,0
2268.661,9574169,0,0,0.0,0,0,0,0,0,0,0
2268.761,9574269,0,0,0.0,0,0,0,0,0,0,0
2268.873,9574381,0,0,0.0,0,0,0,0,0,0,0
2268.961,9574469,0,0,0.0,0,0,0,0,0,0,0
2269.060,9574569,0,0,0.0,0,0,0,0,0,0,0
2269.160,9574669,0,0,0.0,0,0,0,0,0,0,0
2269.260,9574769,0,0,0.0,0,0,0,0,0,0,0
2269.360,9574869,0,0,0.0,0,0,0,0,0,0,0
2269.460,9574969,0,0,0.0,0,0,0,0,0,0,0
2269.560,9575069,0,0,0.0,0,0,0,0,0,0,0
2269.661,9575169,0,0,0.0,0,0,0,0,0,0,0
2269.761,9575269,0,0,0.0,0,0,0,0,0,0,0
2269.860,9575369,0,0,0.0,0,0,0,0,0,0,0
2269.960,9575469,0,0,0.0,0,0,0,0,0,0,0
2270.060,9575569,0,0,0.0,0,0,0,0,0,0,0
2270.161,9575669,0,0,0.0,0,0,0,0,0,0,0
2270.260,9575769,0,0,0.0,0,0,0,0,0,0,0
2270.360,9575869,0,0,0.0,0,0,0,0,0,0,0
2270.460,9575969,0,0,0.0,0,0,0,0,0,0,0
2270.560,9576069,0,0,0.0,0,0,0,0,0,0,0
2270.661,9576169,0,0,0.0,0,0,0,0,0,0,0
2270.761,9576269,0,0,0.0,0,0,0,0,0,0,0
2270.873,9576381,0,0,0.0,0,0,0,0,0,0,0
2270.961,9576469,0,0,0.0,0,0,0,0,0,0,0
2271.061,9576569,0,0,0.0,0,0,0,0,0,0,0
2271.161,9576669,0,0,0.0,0,0,0,0,0,0,0
2271.261,9576769,0,0,0.0,0,0,0,0,0,0,0
2271.360,9576869,0,0,0.0,0,0,0,0,0,0,0
2271.460,9576969,0,0,0.0,0,0,0,0,0,0,0
2271.560,9577069,0,0,0.0,0,0,0,0,0,0,0
2271.661,9577169,0,0,0.0,0,0,0,0,0,0,0
2271.760,9577269,0,0,0.0,0,0,0,0,0,0,0
2271.861,9577369,0,0,0.0,0,0,0,0,0,0,0
2271.961,9577469,0,0,0.0,0,0,0,0,0,0,0
2272.060,9577569,0,0,0.0,0,0,0,0,0,0,0
2272.161,9577669,0,0,0.0,0,0,0,0,0,0,0
2272.260,9577769,0,0,0.0,0,0,0,0,0,0,0
2272.360,9577869,0,0,0.0,0,0,0,0,0,0,0
2272.460,9577969,0,0,0.0,0,0,0,0,0,0,0
2272.560,9578069,0,0,0.0,0,0,0,0,0,0,0
2272.661,9578169,0,0,0.0,0,0,0,0,0,0,0
2272.761,9578269,0,0,0.0,0,0,0,0,0,0,0
2272.873,9578381,0,0,0.0,0,0,0,0,0,0,0
2272.960,9578469,0,0,0.0,0,0,0,0,0,0,0
2273.061,9578569,0,0,0.0,0,0,0,0,0,0,0
2273.161,9578669,0,0,0.0,0,0,0,0,0,0,0
2273.261,9578769,0,0,0.0,0,0,0,0,0,0,0
2273.361,9578869,0,0,0.0,0,0,0,0,0,0,0
2273.460,9578969,0,0,0.0,0,0,0,0,0,0,0
2273.561,9579069,0,0,0.0,0,0,0,0,0,0,0
2273.661,9579169,0,0,0.0,0,0,0,0,0,0,0
2273.761,9579269,0,0,0.0,0,0,0,0,0,0,0
2273.860,9579369,0,0,0.0,0,0,0,0,0,0,0
2273.960,9579469,0,0,0.0,0,0,0,0,0,0,0
2274.060,9579569,0,0,0.0,0,0,0,0,0,0,0
2274.160,9579669,0,0,0.0,0,0,0,0,0,0,0
2274.260,9579769,0,0,0.0,0,0,0,0,0,0,0
2274.360,9579869,0,0,0.0,0,0,0,0,0,0,0
2274.460,9579969,0,0,0.0,0,0,0,0,0,0,0
2274.560,9580069,0,0,0.0,0,0,0,0,0,0,0
2274.661,9580169,0,0,0.0,0,0,0,0,0,0,0
2274.765,9580269,0,0,0.0,0,0,0,0,0,0,0
2274.873,9580381,0,0,0.0,0,0,0,0,0,0,0
2274.961,9580469,0,0,0.0,0,0,0,0,0,0,0
2275.060,9580569,0,0,0.0,0,0,0,0,0,0,0
2275.160,9580669,0,0,0.0,0,0,0,0,0,0,0
2275.261,9580769,0,0,0.0,0,0,0,0,0,0,0
2275.360,9580869,0,0,0.0,0,0,0,0,0,0,0
2275.460,9580969,0,0,0.0,0,0,0,0,0,0,0
2275.560,9581069,0,0,0.0,0,0,0,0,0,0,0
2275.660,9581169,0,0,0.0,0,0,0,0,0,0,0
2275.760,9581269,0,0,0.0,0,0,0,0,0,0,0
2275.860,9581369,0,0,0.0,0,0,0,0,0,0,0
2275.961,9581469,0,0,0.0,0,0,0,0,0,0,0
2276.060,9581569,0,0,0.0,0,0,0,0,0,0,0
2276.160,9581669,0,0,0.0,0,0,0,0,0,0,0
2276.260,9581769,0,0,0.0,0,0,0,0,0,0,0
2276.360,9581869,0,0,0.0,0,0,0,0,0,0,0
2276.460,9581969,0,0,0.0,0,0,0,0,0,0,0
2276.560,9582069,0,0,0.0,0,0,0,0,0,0,0
2276.660,9582169,0,0,0.0,0,0,0,0,0,0,0
2276.760,9582269,0,0,0.0,0,0,0,0,0,0,0
2276.873,9582381,0,0,0.0,0,0,0,0,0,0,0
2276.960,9582469,0,0,0.0,0,0,0,0,0,0,0
2277.060,9582569,0,0,0.0,0,0,0,0,0,0,0
2277.160,9582669,0,0,0.0,0,0,0,0,0,0,0
2277.260,9582769,0,0,0.0,0,0,0,0,0,0,0
2277.360,9582869,0,0,0.0,0,0,0,0,0,0,0
2277.463,9582969,0,0,0.0,0,0,0,0,0,0,0
2277.560,9583069,0,0,0.0,0,0,0,0,0,0,0
2277.660,9583169,0,0,0.0,0,0,0,0,0,0,0
2277.760,9583269,0,0,0.0,0,0,0,0,0,0,0
2277.860,9583369,0,0,0.0,0,0,0,0,0,0,0
2277.960,9583469,0,0,0.0,0,0,0,0,0,0,0
2278.060,9583569,0,0,0.0,0,0,0,0,0,0,0
2278.160,9583669,0,0,0.0,0,0,0,0,0,0,0
2278.260,9583769,0,0,0.0,0,0,0,0,0,0,0
2278.360,9583869,0,0,0.0,0,0,0,0,0,0,0
2278.460,9583969,0,0,0.0,0,0,0,0,0,0,0
2278.560,9584069,0,0,0.0,0,0,0,0,0,0,0
2278.660,9584169,0,0,0.0,0,0,0,0,0,0,0
2278.760,9584269,0,0,0.0,0,0,0,0,0,0,0
2278.872,9584381,0,0,0.0,0,0,0,0,0,0,0
2278.963,9584469,0,0,0.0,0,0,0,0,0,0,0
2279.060,9584569,0,0,0.0,0,0,0,0,0,0,0
2279.160,9584669,0,0,0.0,0,0,0,0,0,0,0
2279.261,9584769,0,0,0.0,0,0,0,0,0,0,0
2279.360,9584869,0,0,0.0,0,0,0,0,0,0,0
2279.460,9584969,0,0,0.0,0,0,0,0,0,0,0
2279.560,9585069,0,0,0.0,0,0,0,0,0,0,0
2279.659,9585169,0,0,0.0,0,0,0,0,0,0,0
2279.760,9585269,0,0,0.0,0,0,0,0,0,0,0
2279.860,9585369,0,0,0.0,0,0,0,0,0,0,0
2279.960,9585469,0,0,0.0,0,0,0,0,0,0,0
2280.060,9585569,0,0,0.0,0,0,0,0,0,0,0
2280.160,9585669,0,0,0.0,0,0,0,0,0,0,0
2280.260,9585769,0,0,0.0,0,0,0,0,0,0,0
2280.360,9585869,0,0,0.0,0,0,0,0,0,0,0
2280.460,9585969,0,0,0.0,0,0,0,0,0,0,0
2280.560,9586069,0,0,0.0,0,0,0,0,0,0,0
2280.661,9586169,0,0,0.0,0,0,0,0,0,0,0
2280.759,9586269,0,0,0.0,0,0,0,0,0,0,0
2280.873,9586381,0,0,0.0,0,0,0,0,0,0,0
2280.960,9586469,0,0,0.0,0,0,0,0,0,0,0
2281.060,9586569,0,0,0.0,0,0,0,0,0,0,0
2281.160,9586669,0,0,0.0,0,0,0,0,0,0,0
2281.260,9586769,0,0,0.0,0,0,0,0,0,0,0
2281.360,9586869,0,0,0.0,0,0,0,0,0,0,0
2281.460,9586969,0,0,0.0,0,0,0,0,0,0,0
2281.560,9587069,0,0,0.0,0,0,0,0,0,0,0
2281.661,9587169,0,0,0.0,0,0,0,0,0,0,0
2281.760,9587269,0,0,0.0,0,0,0,0,0,0,0
2281.860,9587369,0,0,0.0,0,0,0,0,0,0,0
2281.960,9587469,0,0,0.0,0,0,0,0,0,0,0
2282.060,9587569,0,0,0.0,0,0,0,0,0,0,0
2282.160,9587669,0,0,0.0,0,0,0,0,0,0,0
2282.260,9587769,0,0,0.0,0,0,0,0,0,0,0
2282.360,9587869,0,0,0.0,0,0,0,0,0,0,0
2282.460,9587969,0,0,0.0,0,0,0,0,0,0,0
2282.560,9588069,0,0,0.0,0,0,0,0,0,0,0
2282.661,9588169,0,0,0.0,0,0,0,0,0,0,0
2282.760,9588269,0,0,0.0,0,0,0,0,0,0,0
2282.873,9588381,0,0,0.0,0,0,0,0,0,0,0
2282.960,9588469,0,0,0.0,0,0,0,0,0,0,0
2283.061,9588569,0,0,0.0,0,0,0,0,0,0,0
2283.159,9588669,0,0,0.0,0,0,0,0,0,0,0
2283.260,9588769,0,0,0.0,0,0,0,0,0,0,0
2283.359,9588869,0,0,0.0,0,0,0,0,0,0,0
2283.460,9588969,0,0,0.0,0,0,0,0,0,0,0
2283.559,9589069,0,0,0.0,0,0,0,0,0,0,0
2283.660,9589169,0,0,0.0,0,0,0,0,0,0,0
2283.760,9589269,0,0,0.0,0,0,0,0,0,0,0
2283.859,9589369,0,0,0.0,0,0,0,0,0,0,0
2283.959,9589469,0,0,0.0,0,0,0,0,0,0,0
2284.060,9589569,0,0,0.0,0,0,0,0,0,0,0
2284.159,9589669,0,0,0.0,0,0,0,0,0,0,0
2284.259,9589769,0,0,0.0,0,0,0,0,0,0,0
2284.360,9589869,0,0,0.0,0,0,0,0,0,0,0
2284.460,9589969,0,0,0.0,0,0,0,0,0,0,0
2284.560,9590069,0,0,0.0,0,0,0,0,0,0,0
2284.659,9590169,0,0,0.0,0,0,0,0,0,0,0
2284.760,9590269,0,0,0.0,0,0,0,0,0,0,0
2284.872,9590381,0,0,0.0,0,0,0,0,0,0,0
2284.959,9590469,0,0,0.0,0,0,0,0,0,0,0
2285.059,9590569,0,0,0.0,0,0,0,0,0,0,0
2285.160,9590669,0,0,0.0,0,0,0,0,0,0,0
2285.260,9590769,0,0,0.0,0,0,0,0,0,0,0
2285.360,9590869,0,0,0.0,0,0,0,0,0,0,0
2285.460,9590969,0,0,0.0,0,0,0,0,0,0,0
2285.560,9591069,0,0,0.0,0,0,0,0,0,0,0
2285.660,9591169,0,0,0.0,0,0,0,0,0,0,0
2285.760,9591269,0,0,0.0,0,0,0,0,0,0,0
2285.859,9591369,0,0,0.0,0,0,0,0,0,0,0
2285.960,9591469,0,0,0.0,0,0,0,0,0,0,0
2286.060,9591569,0,0,0.0,0,0,0,0,0,0,0
2286.160,9591669,0,0,0.0,0,0,0,0,0,0,0
2286.260,9591769,0,0,0.0,0,0,0,0,0,0,0
2286.360,9591869,0,0,0.0,0,0,0,0,0,0,0
2286.460,9591969,0,0,0.0,0,0,0,0,0,0,0
2286.560,9592069,0,0,0.0,0,0,0,0,0,0,0
2286.660,9592169,0,0,0.0,0,0,0,0,0,0,0
2286.759,9592269,0,0,0.0,0,0,0,0,0,0,0
2286.872,9592381,0,0,0.0,0,0,0,0,0,0,0
2286.960,9592469,0,0,0.0,0,0,0,0,0,0,0
2287.059,9592569,0,0,0.0,0,0,0,0,0,0,0
2287.159,9592669,0,0,0.0,0,0,0,0,0,0,0
2287.259,9592769,0,0,0.0,0,0,0,0,0,0,0
2287.359,9592869,0,0,0.0,0,0,0,0,0,0,0
2287.459,9592969,0,0,0.0,0,0,0,0,0,0,0
2287.559,9593069,0,0,0.0,0,0,0,0,0,0,0
2287.659,9593169,0,0,0.0,0,0,0,0,0,0,0
2287.760,9593269,0,0,0.0,0,0,0,0,0,0,0
2287.859,9593369,0,0,0.0,0,0,0,0,0,0,0
2287.959,9593469,0,0,0.0,0,0,0,0,0,0,0
2288.065,9593569,0,0,0.0,0,0,0,0,0,0,0
2288.159,9593669,0,0,0.0,0,0,0,0,0,0,0
2288.259,9593769,0,0,0.0,0,0,0,0,0,0,0
2288.359,9593869,0,0,0.0,0,0,0,0,0,0,0
2288.459,9593969,0,0,0.0,0,0,0,0,0,0,0
2288.560,9594069,0,0,0.0,0,0,0,0,0,0,0
2288.659,9594169,0,0,0.0,0,0,0,0,0,0,0
2288.759,9594269,0,0,0.0,0,0,0,0,0,0,0
2288.872,9594381,0,0,0.0,0,0,0,0,0,0,0
2288.959,9594469,0,0,0.0,0,0,0,0,0,0,0
2289.059,9594569,0,0,0.0,0,0,0,0,0,0,0
2289.160,9594669,0,0,0.0,0,0,0,0,0,0,0
2289.259,9594769,0,0,0.0,0,0,0,0,0,0,0
2289.359,9594869,0,0,0.0,0,0,0,0,0,0,0
2289.459,9594969,0,0,0.0,0,0,0,0,0,0,0
2289.559,9595069,0,0,0.0,0,0,0,0,0,0,0
2289.660,9595169,0,0,0.0,0,0,0,0,0,0,0
2289.760,9595269,0,0,0.0,0,0,0,0,0,0,0
2289.859,9595369,0,0,0.0,0,0,0,0,0,0,0
2289.960,9595469,0,0,0.0,0,0,0,0,0,0,0
2290.061,9595569,0,0,0.0,0,0,0,0,0,0,0
2290.160,9595669,0,0,0.0,0,0,0,0,0,0,0
2290.259,9595769,0,0,0.0,0,0,0,0,0,0,0
2290.359,9595869,0,0,0.0,0,0,0,0,0,0,0
2290.459,9595969,0,0,0.0,0,0,0,0,0,0,0
2290.559,9596069,0,0,0.0,0,0,0,0,0,0,0
2290.659,9596169,0,0,0.0,0,0,0,0,0,0,0
2290.759,9596269,0,0,0.0,0,0,0,0,0,0,0
2290.872,9596381,0,0,0.0,0,0,0,0,0,0,0
2290.959,9596469,0,0,0.0,0,0,0,0,0,0,0
2291.060,9596569,0,0,0.0,0,0,0,0,0,0,0
2291.159,9596669,0,0,0.0,0,0,0,0,0,0,0
2291.259,9596769,0,0,0.0,0,0,0,0,0,0,0
2291.359,9596869,0,0,0.0,0,0,0,0,0,0,0
2291.459,9596969,0,0,0.0,0,0,0,0,0,0,0
2291.559,9597069,0,0,0.0,0,0,0,0,0,0,0
2291.659,9597169,0,0,0.0,0,0,0,0,0,0,0
2291.760,9597269,0,0,0.0,0,0,0,0,0,0,0
2291.859,9597369,0,0,0.0,0,0,0,0,0,0,0
2291.959,9597469,0,0,0.0,0,0,0,0,0,0,0
2292.059,9597569,0,0,0.0,0,0,0,0,0,0,0
2292.160,9597669,0,0,0.0,0,0,0,0,0,0,0
2292.259,9597769,0,0,0.0,0,0,0,0,0,0,0
2292.359,9597869,0,0,0.0,0,0,0,0,0,0,0
2292.459,9597969,0,0,0.0,0,0,0,0,0,0,0
2292.559,9598069,0,0,0.0,0,0,0,0,0,0,0
2292.659,9598169,0,0,0.0,0,0,0,0,0,0,0
2292.759,9598269,0,0,0.0,0,0,0,0,0,0,0
2292.872,9598381,0,0,0.0,0,0,0,0,0,0,0
2292.959,9598469,0,0,0.0,0,0,0,0,0,0,0
2293.060,9598569,0,0,0.0,0,0,0,0,0,0,0
2293.159,9598669,0,0,0.0,0,0,0,0,0,0,0
2293.260,9598769,0,0,0.0,0,0,0,0,0,0,0
2293.359,9598869,0,0,0.0,0,0,0,0,0,0,0
2293.459,9598969,0,0,0.0,0,0,0,0,0,0,0
2293.559,9599069,0,0,0.0,0,0,0,0,0,0,0
2293.659,9599169,0,0,0.0,0,0,0,0,0,0,0
2293.759,9599269,0,0,0.0,0,0,0,0,0,0,0
2293.859,9599369,0,0,0.0,0,0,0,0,0,0,0
2293.964,9599469,0,0,0.0,0,0,0,0,0,0,0
2294.059,9599569,0,0,0.0,0,0,0,0,0,0,0
2294.161,9599669,0,0,0.0,0,0,0,0,0,0,0
2294.259,9599769,0,0,0.0,0,0,0,0,0,0,0
2294.359,9599869,0,0,0.0,0,0,0,0,0,0,0
2294.459,9599969,0,0,0.0,0,0,0,0,0,0,0
2294.559,9600069,0,0,0.0,0,0,0,0,0,0,0
2294.659,9600169,0,0,0.0,0,0,0,0,0,0,0
2294.759,9600269,0,0,0.0,0,0,0,0,0,0,0
2294.871,9600381,0,0,0.0,0,0,0,0,0,0,0
2294.959,9600469,0,0,0.0,0,0,0,0,0,0,0
2295.059,9600569,0,0,0.0,0,0,0,0,0,0,0
2295.159,9600669,0,0,0.0,0,0,0,0,0,0,0
2295.259,9600769,0,0,0.0,0,0,0,0,0,0,0
2295.361,9600869,0,0,0.0,0,0,0,0,0,0,0
2295.459,9600969,0,0,0.0,0,0,0,0,0,0,0
2295.559,9601069,0,0,0.0,0,0,0,0,0,0,0
2295.659,9601169,0,0,0.0,0,0,0,0,0,0,0
2295.759,9601269,0,0,0.0,0,0,0,0,0,0,0
2295.859,9601369,0,0,0.0,0,0,0,0,0,0,0
2295.959,9601469,0,0,0.0,0,0,0,0,0,0,0
2296.059,9601569,0,0,0.0,0,0,0,0,0,0,0
2296.159,9601669,0,0,0.0,0,0,0,0,0,0,0
2296.259,9601769,0,0,0.0,0,0,0,0,0,0,0
2296.359,9601869,0,0,0.0,0,0,0,0,0,0,0
2296.459,9601969,0,0,0.0,0,0,0,0,0,0,0
2296.559,9602069,0,0,0.0,0,0,0,0,0,0,0
2296.659,9602169,0,0,0.0,0,0,0,0,0,0,0
2296.759,9602269,0,0,0.0,0,0,0,0,0,0,0
2296.872,9602381,0,0,0.0,0,0,0,0,0,0,0
2296.959,9602469,0,0,0.0,0,0,0,0,0,0,0
2297.059,9602569,0,0,0.0,0,0,0,0,0,0,0
2297.159,9602669,0,0,0.0,0,0,0,0,0,0,0
2297.259,9602769,0,0,0.0,0,0,0,0,0,0,0
2297.359,9602869,0,0,0.0,0,0,0,0,0,0,0
2297.459,9602969,0,0,0.0,0,0,0,0,0,0,0
2297.559,9603069,0,0,0.0,0,0,0,0,0,0,0
2297.659,9603169,0,0,0.0,0,0,0,0,0,0,0
2297.759,9603269,0,0,0.0,0,0,0,0,0,0,0
2297.859,9603369,0,0,0.0,0,0,0,0,0,0,0
2297.959,9603469,0,0,0.0,0,0,0,0,0,0,0
2298.059,9603569,0,0,0.0,0,0,0,0,0,0,0
2298.164,9603669,0,0,0.0,0,0,0,0,0,0,0
2298.259,9603769,0,0,0.0,0,0,0,0,0,0,0
2298.359,9603869,0,0,0.0,0,0,0,0,0,0,0
2298.459,9603969,0,0,0.0,0,0,0,0,0,0,0
2298.559,9604069,0,0,0.0,0,0,0,0,0,0,0
2298.659,9604169,0,0,0.0,0,0,0,0,0,0,0
2298.759,9604269,0,0,0.0,0,0,0,0,0,0,0
2298.873,9604381,0,0,0.0,0,0,0,0,0,0,0
2298.959,9604469,0,0,0.0,0,0,0,0,0,0,0
2299.059,9604569,0,0,0.0,0,0,0,0,0,0,0
2299.159,9604669,0,0,0.0,0,0,0,0,0,0,0
2299.259,9604769,0,0,0.0,0,0,0,0,0,0,0
2299.358,9604869,0,0,0.0,0,0,0,0,0,0,0
2299.459,9604969,0,0,0.0,0,0,0,0,0,0,0
2299.559,9605069,0,0,0.0,0,0,0,0,0,0,0
2299.659,9605169,0,0,0.0,0,0,0,0,0,0,0
2299.759,9605269,0,0,0.0,0,0,0,0,0,0,0
2299.859,9605369,0,0,0.0,0,0,0,0,0,0,0
2299.959,9605469,0,0,0.0,0,0,0,0,0,0,0
2300.059,9605569,0,0,0.0,0,0,0,0,0,0,0
2300.159,9605669,0,0,0.0,0,0,0,0,0,0,0
2300.259,9605769,0,0,0.0,0,0,0,0,0,0,0
2300.359,9605869,0,0,0.0,0,0,0,0,0,0,0
2300.459,9605969,0,0,0.0,0,0,0,0,0,0,0
2300.559,9606069,0,0,0.0,0,0,0,0,0,0,0
2300.659,9606169,0,0,0.0,0,0,0,0,0,0,0
2300.759,9606269,0,0,0.0,0,0,0,0,0,0,0
2300.872,9606381,0,0,0.0,0,0,0,0,0,0,0
2300.959,9606469,0,0,0.0,0,0,0,0,0,0,0
2301.059,9606569,0,0,0.0,0,0,0,0,0,0,0
2301.159,9606669,0,0,0.0,0,0,0,0,0,0,0
2301.259,9606769,0,0,0.0,0,0,0,0,0,0,0
2301.359,9606869,0,0,0.0,0,0,0,0,0,0,0
2301.464,9606969,0,0,0.0,0,0,0,0,0,0,0
2301.559,9607069,0,0,0.0,0,0,0,0,0,0,0
2301.659,9607169,0,0,0.0,0,0,0,0,0,0,0
2301.759,9607269,0,0,0.0,0,0,0,0,0,0,0
2301.859,9607369,0,0,0.0,0,0,0,0,0,0,0
2301.959,9607469,0,0,0.0,0,0,0,0,0,0,0
2302.058,9607569,0,0,0.0,0,0,0,0,0,0,0
2302.159,9607669,0,0,0.0,0,0,0,0,0,0,0
2302.259,9607769,0,0,0.0,0,0,0,0,0,0,0
2302.359,9607869,0,0,0.0,0,0,0,0,0,0,0
2302.459,9607969,0,0,0.0,0,0,0,0,0,0,0
2302.559,9608069,0,0,0.0,0,0,0,0,0,0,0
2302.659,9608169,0,0,0.0,0,0,0,0,0,0,0
2302.762,9608269,0,0,0.0,0,0,0,0,0,0,0
2302.877,9608381,0,0,0.0,0,0,0,0,0,0,0
2302.959,9608469,0,0,0.0,0,0,0,0,0,0,0
2303.059,9608569,0,0,0.0,0,0,0,0,0,0,0
2303.159,9608669,0,0,0.0,0,0,0,0,0,0,0
2303.258,9608769,0,0,0.0,0,0,0,0,0,0,0
2303.358,9608869,0,0,0.0,0,0,0,0,0,0,0
2303.458,9608969,0,0,0.0,0,0,0,0,0,0,0
2303.558,9609069,0,0,0.0,0,0,0,0,0,0,0
2303.659,9609169,0,0,0.0,0,0,0,0,0,0,0
2303.758,9609269,0,0,0.0,0,0,0,0,0,0,0
2303.858,9609369,0,0,0.0,0,0,0,0,0,0,0
2303.959,9609469,0,0,0.0,0,0,0,0,0,0,0
2304.059,9609569,0,0,0.0,0,0,0,0,0,0,0
2304.159,9609669,0,0,0.0,0,0,0,0,0,0,0
2304.260,9609769,0,0,0.0,0,0,0,0,0,0,0
2304.358,9609869,0,0,0.0,0,0,0,0,0,0,0
2304.459,9609969,0,0,0.0,0,0,0,0,0,0,0
2304.559,9610069,0,0,0.0,0,0,0,0,0,0,0
2304.658,9610169,0,0,0.0,0,0,0,0,0,0,0
2304.759,9610269,0,0,0.0,0,0,0,0,0,0,0
2304.875,9610381,0,0,0.0,0,0,0,0,0,0,0
2304.958,9610469,0,0,0.0,0,0,0,0,0,0,0
2305.058,9610569,0,0,0.0,0,0,0,0,0,0,0
2305.159,9610669,0,0,0.0,0,0,0,0,0,0,0
2305.258,9610769,0,0,0.0,0,0,0,0,0,0,0
2305.358,9610869,0,0,0.0,0,0,0,0,0,0,0
2305.458,9610969,0,0,0.0,0,0,0,0,0,0,0
2305.561,9611069,0,0,0.0,0,0,0,0,0,0,0
2305.658,9611169,0,0,0.0,0,0,0,0,0,0,0
2305.759,9611269,0,0,0.0,0,0,0,0,0,0,0
2305.859,9611369,0,0,0.0,0,0,0,0,0,0,0
2305.958,9611469,0,0,0.0,0,0,0,0,0,0,0
2306.059,9611569,0,0,0.0,0,0,0,0,0,0,0
2306.159,9611669,0,0,0.0,0,0,0,0,0,0,0
2306.262,9611769,0,0,0.0,0,0,0,0,0,0,0
2306.358,9611869,0,0,0.0,0,0,0,0,0,0,0
2306.458,9611969,0,0,0.0,0,0,0,0,0,0,0
2306.558,9612069,0,0,0.0,0,0,0,0,0,0,0
2306.658,9612169,0,0,0.0,0,0,0,0,0,0,0
2306.758,9612269,0,0,0.0,0,0,0,0,0,0,0
2306.871,9612381,0,0,0.0,0,0,0,0,0,0,0
2306.958,9612469,0,0,0.0,0,0,0,0,0,0,0
2307.058,9612569,0,0,0.0,0,0,0,0,0,0,0
2307.159,9612669,0,0,0.0,0,0,0,0,0,0,0
2307.258,9612769,0,0,0.0,0,0,0,0,0,0,0
2307.358,9612869,0,0,0.0,0,0,0,0,0,0,0
2307.459,9612969,0,0,0.0,0,0,0,0,0,0,0
2307.558,9613069,0,0,0.0,0,0,0,0,0,0,0
2307.658,9613169,0,0,0.0,0,0,0,0,0,0,0
2307.758,9613269,0,0,0.0,0,0,0,0,0,0,0
2307.858,9613369,0,0,0.0,0,0,0,0,0,0,0
2307.972,9613481,0,0,0.0,45,0,0,0,0,0,0
2308.060,9613569,0,0,0.0,45,0,0,0,0,0,0
2308.159,9613669,0,0,0.0,45,0,0,0,0,0,0
2308.259,9613769,0,0,0.0,45,0,0,0,0,0,0
2308.358,9613869,0,0,0.0,45,0,0,0,0,0,0
2308.472,9613981,0,0,0.0,0,0,0,0,0,0,0
2308.558,9614069,0,0,0.0,0,0,0,0,0,0,0
2308.660,9614169,0,0,0.0,0,0,0,0,0,0,0
2308.758,9614269,0,0,0.0,0,0,0,0,0,0,0
2308.858,9614369,0,0,0.0,0,0,0,0,0,0,0
2308.958,9614469,0,0,0.0,0,0,0,0,0,0,0
2309.060,9614569,0,0,0.0,0,0,0,0,0,0,0
2309.160,9614669,0,0,0.0,0,0,0,0,0,0,0
2309.258,9614769,0,0,0.0,0,0,0,0,0,0,0
2309.358,9614869,0,0,0.0,0,0,0,0,0,0,0
2309.458,9614969,0,0,0.0,0,0,0,0,0,0,0
2309.558,9615069,0,0,0.0,0,0,0,0,0,0,0
2309.658,9615169,0,0,0.0,0,0,0,0,0,0,0
2309.758,9615269,0,0,0.0,0,0,0,0,0,0,0
2309.871,9615381,0,1,0.0,0,0,0,0,0,0,0
2309.958,9615469,0,1,0.0,0,0,0,0,0,0,0
2310.063,9615569,0,1,0.0,0,0,0,0,0,0,0
2310.158,9615669,0,1,0.0,0,0,0,0,0,0,0
2310.258,9615769,0,1,0.0,0,0,0,0,0,0,0
2310.358,9615869,0,1,0.0,0,0,0,0,0,0,0
2310.458,9615969,0,1,0.0,0,0,0,0,0,0,0
2310.558,9616069,0,1,0.0,0,0,0,0,0,0,0
2310.658,9616169,0,1,0.0,0,0,0,0,0,0,0
2310.758,9616269,0,1,0.0,0,0,0,0,0,0,0
2310.859,9616369,0,1,0.0,0,0,0,0,0,0,0
2310.958,9616469,0,1,0.0,0,0,0,0,0,0,0
2311.058,9616569,0,1,0.0,0,0,0,0,0,0,0
2311.158,9616669,0,1,0.0,0,0,0,0,0,0,0
2311.258,9616769,0,1,0.0,0,0,0,0,0,0,0
2311.362,9616869,0,1,0.0,0,0,0,0,0,0,0
2311.458,9616969,0,1,0.0,0,0,0,0,0,0,0
2311.558,9617069,0,1,0.0,0,0,0,0,0,0,0
2311.658,9617169,0,1,0.0,0,0,0,0,0,0,0
2311.758,9617269,0,1,0.0,0,0,0,0,0,0,0
2311.871,9617381,1,1,0.0,0,0,0,0,0,0,0
2311.958,9617469,1,1,0.0,0,0,0,0,0,0,0
2312.060,9617569,1,1,0.0,0,0,0,0,0,0,0
2312.158,9617669,1,1,0.0,0,0,0,0,0,0,0
2312.261,9617769,1,1,0.0,0,0,0,0,0,0,0
2312.358,9617869,1,1,0.0,0,0,0,0,0,0,0
2312.458,9617969,1,1,0.0,0,0,0,0,0,0,0
2312.558,9618069,1,1,0.0,0,0,0,0,0,0,0
2312.662,9618169,1,1,0.0,0,0,0,0,0,0,0
2312.758,9618269,1,1,0.0,0,0,0,0,0,0,0
2312.858,9618369,1,1,0.0,0,0,0,0,0,0,0
2312.958,9618469,1,1,0.0,0,0,0,0,0,0,0
2313.058,9618569,1,1,0.0,0,0,0,0,0,0,0
2313.158,9618669,1,1,0.0,0,0,0,0,0,0,0
2313.258,9618769,1,1,0.0,0,0,0,0,0,0,0
2313.358,9618869,1,1,0.0,0,0,0,0,0,0,0
2313.458,9618969,1,1,0.0,0,0,0,0,0,0,0
2313.558,9619069,1,1,0.0,0,0,0,0,0,0,0
2313.658,9619169,1,1,0.0,0,0,0,0,0,0,0
2313.758,9619269,1,1,0.0,0,0,0,0,0,0,0
2313.871,9619381,1,1,0.0,0,0,0,0,0,0,0
2313.959,9619469,1,1,0.0,0,0,0,0,0,0,0
2314.058,9619569,1,1,0.0,0,0,0,0,0,0,0
2314.162,9619669,1,1,0.0,0,0,0,0,0,0,0
2314.258,9619769,1,1,0.0,0,0,0,0,0,0,0
2314.371,9619881,2,1,0.0,0,0,0,668,668,-70,1
2314.459,9619969,2,1,0.8,0,0,28,668,640,-70,1
2314.559,9620069,2,1,2.3,0,0,80,668,588,-70,1
2314.659,9620169,2,1,4.4,0,0,151,668,517,-70,1
2314.758,9620269,2,1,6.9,0,0,234,668,434,-70,1
2314.859,9620369,2,1,9.6,0,0,324,668,344,-70,1
2314.959,9620469,2,1,12.5,0,0,420,668,248,-70,1
2315.059,9620569,2,1,15.5,0,0,520,668,148,-70,1
2315.159,9620669,2,1,18.5,0,0,620,668,48,-70,1
2315.258,9620769,2,1,21.4,0,0,716,668,-48,0,1
2315.372,9620881,2,1,23.3,0,0,781,668,-113,0,1
2315.459,9620969,2,1,24.3,0,0,813,668,-145,0,1
2315.559,9621069,2,1,24.4,0,0,818,668,-150,0,1
2315.660,9621169,2,1,24.4,0,0,818,668,-150,0,1
2315.758,9621269,2,1,24.4,0,0,818,668,-150,0,1
2315.872,9621381,3,1,24.4,0,0,818,668,-150,0,1
2315.959,9621469,3,1,24.4,0,0,818,668,-150,0,1
2316.058,9621569,3,1,24.4,0,0,818,668,-150,0,1
2316.158,9621669,3,1,24.4,0,0,818,668,-150,0,1
2316.258,9621769,3,1,24.4,0,0,818,668,-150,0,1
2316.358,9621869,3,1,24.4,0,0,818,668,-150,0,1
2316.459,9621969,3,1,24.4,0,0,818,668,-150,0,1
2316.558,9622069,3,1,24.4,0,0,818,668,-150,0,1
2316.659,9622169,3,1,24.4,0,0,818,668,-150,0,1
2316.759,9622269,3,1,24.4,0,0,818,668,-150,0,1
2316.858,9622369,3,1,24.4,0,0,818,668,-150,0,1
2316.960,9622469,3,1,24.4,0,0,818,668,-150,0,1
2317.059,9622569,3,1,24.4,0,0,818,668,-150,0,1
2317.159,9622669,3,1,24.4,0,0,818,668,-150,0,1
2317.271,9622781,2,1,24.5,0,0,819,1336,517,-70,2
2317.360,9622869,2,1,25.1,0,0,841,1336,495,-70,2
2317.459,9622969,2,1,26.7,0,0,894,1336,442,-70,2
2317.559,9623069,2,1,28.8,0,0,965,1336,371,-70,2
2317.659,9623169,2,1,31.3,0,0,1049,1336,287,-70,2
2317.760,9623269,2,1,34.1,0,0,1143,1336,193,-70,2
2317.859,9623369,2,1,37.1,0,0,1243,1336,93,-70,2
2317.961,9623469,2,1,40.3,0,0,1349,1336,-13,0,2
2318.059,9623569,2,1,42.9,0,0,1436,1336,-100,0,2
2318.159,9623669,2,1,44.6,0,0,1491,1336,-155,0,2
2318.271,9623781,2,1,45.3,0,0,1515,1336,-179,0,2
2318.358,9623869,2,1,45.3,0,0,1513,1336,-177,0,2
2318.459,9623969,2,1,45.3,0,0,1513,1336,-177,0,2
2318.558,9624069,2,1,45.3,0,0,1513,1336,-177,0,2
2318.673,9624181,3,1,45.3,0,0,1513,1336,-177,0,2
2318.759,9624269,3,1,45.3,0,0,1513,1336,-177,0,2
2318.859,9624369,3,1,45.3,0,0,1513,1336,-177,0,2
2318.958,9624469,3,1,45.3,0,0,1513,1336,-177,0,2
2319.058,9624569,3,1,45.3,0,0,1513,1336,-177,0,2
2319.158,9624669,3,1,45.3,0,0,1513,1336,-177,0,2
2319.258,9624769,3,1,45.3,0,0,1513,1336,-177,0,2
2319.358,9624869,3,1,45.3,0,0,1513,1336,-177,0,2
2319.458,9624969,3,1,45.3,0,0,1513,1336,-177,0,2
2319.559,9625069,3,1,45.3,0,0,1513,1336,-177,0,2
2319.659,9625169,3,1,45.3,0,0,1513,1336,-177,0,2
2319.759,9625269,3,1,45.3,0,0,1513,1336,-177,0,2
2319.859,9625369,3,1,45.3,0,0,1513,1336,-177,0,2
2319.959,9625469,3,1,45.3,0,0,1513,1336,-177,0,2
2320.059,9625569,3,1,45.3,0,0,1513,1336,-177,0,2
2320.162,9625669,3,1,45.3,0,0,1513,1336,-177,0,2
2320.258,9625769,3,1,45.3,0,0,1513,1336,-177,0,2
2320.371,9625881,2,1,45.3,0,0,1513,2003,490,-70,3
2320.459,9625969,2,1,46.0,0,0,1538,2003,465,-70,3
2320.558,9626069,2,1,47.6,0,0,1593,2003,410,-70,3
2320.659,9626169,2,1,49.8,0,0,1667,2003,336,-70,3
2320.759,9626269,2,1,52.5,0,0,1754,2003,249,-70,3
2320.859,9626369,2,1,55.3,0,0,1848,2003,155,-70,3
2320.959,9626469,2,1,58.3,0,0,1948,2003,55,-70,3
2321.059,9626569,2,1,61.3,0,0,2048,2003,-45,0,3
2321.158,9626669,2,1,63.4,0,0,2120,2003,-117,0,3
2321.259,9626769,2,1,64.6,0,0,2160,2003,-157,0,3
2321.371,9626881,2,1,64.9,0,0,2168,2003,-165,0,3
2321.458,9626969,2,1,64.9,0,0,2168,2003,-165,0,3
2321.558,9627069,2,1,64.9,0,0,2168,2003,-165,0,3
2321.670,9627181,3,1,64.9,0,0,2168,2003,-165,0,3
2321.758,9627269,3,1,64.9,0,0,2168,2003,-165,0,3
2321.859,9627369,3,1,64.9,0,0,2168,2003,-165,0,3
2321.959,9627469,3,1,64.9,0,0,2168,2003,-165,0,3
2322.058,9627569,3,1,64.9,0,0,2168,2003,-165,0,3
2322.158,9627669,3,1,64.9,0,0,2168,2003,-165,0,3
2322.258,9627769,3,1,64.9,0,0,2168,2003,-165,0,3
2322.359,9627869,3,1,64.9,0,0,2168,2003,-165,0,3
2322.460,9627969,3,1,64.9,0,0,2168,2003,-165,0,3
2322.558,9628069,3,1,64.9,0,0,2168,2003,-165,0,3
2322.658,9628169,3,1,64.9,0,0,2168,2003,-165,0,3
2322.759,9628269,3,1,64.9,0,0,2168,2003,-165,0,3
2322.858,9628369,3,1,64.9,0,0,2168,2003,-165,0,3
2322.958,9628469,3,1,64.9,0,0,2168,2003,-165,0,3
2323.059,9628569,3,1,64.9,0,0,2168,2003,-165,0,3
2323.158,9628669,3,1,64.9,0,0,2168,2003,-165,0,3
2323.258,9628769,3,1,64.9,0,0,2168,2003,-165,0,3
2323.358,9628869,3,1,64.9,0,0,2168,2003,-165,0,3
2323.459,9628969,3,1,64.9,0,0,2168,2003,-165,0,3
2323.558,9629069,3,1,64.9,0,0,2168,2003,-165,0,3
2323.670,9629181,3,1,64.9,0,0,2168,2003,-165,0,3
2323.758,9629269,3,1,64.9,0,0,2168,2003,-165,0,3
2323.858,9629369,3,1,64.9,0,0,2168,2003,-165,0,3
2323.958,9629469,3,1,64.9,0,0,2168,2003,-165,0,3
2324.059,9629569,3,1,64.9,0,0,2168,2003,-165,0,3
2324.159,9629669,3,1,64.9,0,0,2168,2003,-165,0,3
2324.258,9629769,3,1,64.9,0,0,2168,2003,-165,0,3
2324.358,9629869,3,1,64.9,0,0,2168,2003,-165,0,3
2324.458,9629969,3,1,64.9,0,0,2168,2003,-165,0,3
2324.558,9630069,3,1,64.9,0,0,2168,2003,-165,0,3
2324.658,9630169,3,1,64.9,0,0,2168,2003,-165,0,3
2324.758,9630269,3,1,64.9,0,0,2168,2003,-165,0,3
2324.858,9630369,3,1,64.9,0,0,2168,2003,-165,0,3
2324.958,9630469,3,1,64.9,0,0,2168,2003,-165,0,3
2325.058,9630569,3,1,64.9,0,0,2168,2003,-165,0,3
2325.159,9630669,3,1,64.9,0,0,2168,2003,-165,0,3
2325.258,9630769,3,1,64.9,0,0,2168,2003,-165,0,3
2325.358,9630869,3,1,64.9,0,0,2168,2003,-165,0,3
2325.458,9630969,3,1,64.9,0,0,2168,2003,-165,0,3
2325.558,9631069,3,1,64.9,0,0,2168,2003,-165,0,3
2325.670,9631181,3,1,64.9,0,0,2168,2003,-165,0,3
2325.758,9631269,3,1,64.9,0,0,2168,2003,-165,0,3
2325.858,9631369,3,1,64.9,0,0,2168,2003,-165,0,3
2325.958,9631469,3,1,64.9,0,0,2168,2003,-165,0,3
2326.058,9631569,3,1,64.9,0,0,2168,2003,-165,0,3
2326.158,9631669,3,1,64.9,0,0,2168,2003,-165,0,3
2326.258,9631769,3,1,64.9,0,0,2168,2003,-165,0,3
2326.358,9631869,3,1,64.9,0,0,2168,2003,-165,0,3
2326.458,9631969,3,1,64.9,0,0,2168,2003,-165,0,3
2326.558,9632069,3,1,64.9,0,0,2168,2003,-165,0,3
2326.661,9632169,3,1,64.9,0,0,2168,2003,-165,0,3
2326.758,9632269,3,1,64.9,0,0,2168,2003,-165,0,3
2326.858,9632369,3,1,64.9,0,0,2168,2003,-165,0,3
2326.958,9632469,3,1,64.9,0,0,2168,2003,-165,0,3
2327.058,9632569,3,1,64.9,0,0,2168,2003,-165,0,3
2327.158,9632669,3,1,64.9,0,0,2168,2003,-165,0,3
2327.258,9632769,3,1,64.9,0,0,2168,2003,-165,0,3
2327.357,9632869,3,1,64.9,0,0,2168,2003,-165,0,3
2327.461,9632969,3,1,64.9,0,0,2168,2003,-165,0,3
2327.557,9633069,3,1,64.9,0,0,2168,2003,-165,0,3
2327.670,9633181,3,1,64.9,0,0,2168,2003,-165,0,3
2327.758,9633269,3,1,64.9,0,0,2168,2003,-165,0,3
2327.858,9633369,3,1,64.9,0,0,2168,2003,-165,0,3
2327.958,9633469,3,1,64.9,0,0,2168,2003,-165,0,3
2328.057,9633569,3,1,64.9,0,0,2168,2003,-165,0,3
2328.158,9633669,3,1,64.9,0,0,2168,2003,-165,0,3
2328.257,9633769,3,1,64.9,0,0,2168,2003,-165,0,3
2328.363,9633869,3,1,64.9,0,0,2168,2003,-165,0,3
2328.458,9633969,3,1,64.9,0,0,2168,2003,-165,0,3
2328.558,9634069,3,1,64.9,0,0,2168,2003,-165,0,3
2328.658,9634169,3,1,64.9,0,0,2168,2003,-165,0,3
2328.757,9634269,3,1,64.9,0,0,2168,2003,-165,0,3
2328.858,9634369,3,1,64.9,0,0,2168,2003,-165,0,3
2328.958,9634469,3,1,64.9,0,0,2168,2003,-165,0,3
2329.058,9634569,3,1,64.9,0,0,2168,2003,-165,0,3
2329.158,9634669,3,1,64.9,0,0,2168,2003,-165,0,3
2329.258,9634769,3,1,64.9,0,0,2168,2003,-165,0,3
2329.360,9634869,3,1,64.9,0,0,2168,2003,-165,0,3
2329.457,9634969,3,1,64.9,0,0,2168,2003,-165,0,3
2329.558,9635069,3,1,64.9,0,0,2168,2003,-165,0,3
2329.671,9635181,3,1,64.9,0,0,2168,2003,-165,0,3
2329.758,9635269,3,1,64.9,0,0,2168,2003,-165,0,3
2329.858,9635369,3,1,64.9,0,0,2168,2003,-165,0,3
2329.958,9635469,3,1,64.9,0,0,2168,2003,-165,0,3
2330.058,9635569,3,1,64.9,0,0,2168,2003,-165,0,3
2330.158,9635669,3,1,64.9,0,0,2168,2003,-165,0,3
2330.258,9635769,3,1,64.9,0,0,2168,2003,-165,0,3
2330.358,9635869,3,1,64.9,0,0,2168,2003,-165,0,3
2330.458,9635969,3,1,64.9,0,0,2168,2003,-165,0,3
2330.558,9636069,3,1,64.9,0,0,2168,2003,-165,0,3
2330.658,9636169,3,1,64.9,0,0,2168,2003,-165,0,3
2330.757,9636269,3,1,64.9,0,0,2168,2003,-165,0,3
2330.857,9636369,3,1,64.9,0,0,2168,2003,-165,0,3
2330.957,9636469,3,1,64.9,0,0,2168,2003,-165,0,3
2331.058,9636569,3,1,64.9,0,0,2168,2003,-165,0,3
2331.157,9636669,3,1,64.9,0,0,2168,2003,-165,0,3
2331.257,9636769,3,1,64.9,0,0,2168,2003,-165,0,3
2331.357,9636869,3,1,64.9,0,0,2168,2003,-165,0,3
2331.457,9636969,3,1,64.9,0,0,2168,2003,-165,0,3
2331.558,9637069,3,1,64.9,0,0,2168,2003,-165,0,3
2331.670,9637181,3,1,64.9,0,0,2168,2003,-165,0,3
2331.757,9637269,3,1,64.9,0,0,2168,2003,-165,0,3
2331.857,9637369,3,1,64.9,0,0,2168,2003,-165,0,3
2331.957,9637469,3,1,64.9,0,0,2168,2003,-165,0,3
2332.057,9637569,3,1,64.9,0,0,2168,2003,-165,0,3
2332.157,9637669,3,1,64.9,0,0,2168,2003,-165,0,3
2332.257,9637769,3,1,64.9,0,0,2168,2003,-165,0,3
2332.358,9637869,3,1,64.9,0,0,2168,2003,-165,0,3
2332.458,9637969,3,1,64.9,0,0,2168,2003,-165,0,3
2332.558,9638069,3,1,64.9,0,0,2168,2003,-165,0,3
2332.658,9638169,3,1,64.9,0,0,2168,2003,-165,0,3
2332.758,9638269,3,1,64.9,0,0,2168,2003,-165,0,3
2332.858,9638369,3,1,64.9,0,0,2168,2003,-165,0,3
2332.958,9638469,3,1,64.9,0,0,2168,2003,-165,0,3
2333.061,9638569,3,1,64.9,0,0,2168,2003,-165,0,3
2333.158,9638669,3,1,64.9,0,0,2168,2003,-165,0,3
2333.258,9638769,3,1,64.9,0,0,2168,2003,-165,0,3
2333.357,9638869,3,1,64.9,0,0,2168,2003,-165,0,3
2333.457,9638969,3,1,64.9,0,0,2168,2003,-165,0,3
2333.558,9639069,3,1,64.9,0,0,2168,2003,-165,0,3
2333.670,9639181,3,1,64.9,0,0,2168,2003,-165,0,3
2333.757,9639269,3,1,64.9,0,0,2168,2003,-165,0,3
2333.857,9639369,3,1,64.9,0,0,2168,2003,-165,0,3
2333.958,9639469,3,1,64.9,0,0,2168,2003,-165,0,3
2334.058,9639569,3,1,64.9,0,0,2168,2003,-165,0,3
2334.157,9639669,3,1,64.9,0,0,2168,2003,-165,0,3
2334.257,9639769,3,1,64.9,0,0,2168,2003,-165,0,3
2334.357,9639869,3,1,64.9,0,0,2168,2003,-165,0,3
2334.458,9639969,3,1,64.9,0,0,2168,2003,-165,0,3
2334.558,9640069,3,1,64.9,0,0,2168,2003,-165,0,3
2334.657,9640169,3,1,64.9,0,0,2168,2003,-165,0,3
2334.758,9640269,3,1,64.9,0,0,2168,2003,-165,0,3
2334.857,9640369,3,1,64.9,0,0,2168,2003,-165,0,3
2334.957,9640469,3,1,64.9,0,0,2168,2003,-165,0,3
2335.057,9640569,3,1,64.9,0,0,2168,2003,-165,0,3
2335.157,9640669,3,1,64.9,0,0,2168,2003,-165,0,3
2335.258,9640769,3,1,64.9,0,0,2168,2003,-165,0,3
2335.358,9640869,3,1,64.9,0,0,2168,2003,-165,0,3
2335.458,9640969,3,1,64.9,0,0,2168,2003,-165,0,3
2335.558,9641069,3,1,64.9,0,0,2168,2003,-165,0,3
2335.670,9641181,3,1,64.9,0,0,2168,2003,-165,0,3
2335.758,9641269,3,1,64.9,0,0,2168,2003,-165,0,3
2335.857,9641369,3,1,64.9,0,0,2168,2003,-165,0,3
2335.958,9641469,3,1,64.9,0,0,2168,2003,-165,0,3
2336.057,9641569,3,1,64.9,0,0,2168,2003,-165,0,3
2336.158,9641669,3,1,64.9,0,0,2168,2003,-165,0,3
2336.257,9641769,3,1,64.9,0,0,2168,2003,-165,0,3
2336.358,9641869,3,1,64.9,0,0,2168,2003,-165,0,3
2336.457,9641969,3,1,64.9,0,0,2168,2003,-165,0,3
2336.557,9642069,3,1,64.9,0,0,2168,2003,-165,0,3
2336.657,9642169,3,1,64.9,0,0,2168,2003,-165,0,3
2336.757,9642269,3,1,64.9,0,0,2168,2003,-165,0,3
2336.857,9642369,3,1,64.9,0,0,2168,2003,-165,0,3
2336.958,9642469,3,1,64.9,0,0,2168,2003,-165,0,3
2337.057,9642569,3,1,64.9,0,0,2168,2003,-165,0,3
2337.157,9642669,3,1,64.9,0,0,2168,2003,-165,0,3
2337.258,9642769,3,1,64.9,0,0,2168,2003,-165,0,3
2337.358,9642869,3,1,64.9,0,0,2168,2003,-165,0,3
2337.457,9642969,3,1,64.9,0,0,2168,2003,-165,0,3
2337.557,9643069,3,1,64.9,0,0,2168,2003,-165,0,3
2337.670,9643181,3,1,64.9,0,0,2168,2003,-165,0,3
2337.757,9643269,3,1,64.9,0,0,2168,2003,-165,0,3
2337.858,9643369,3,1,64.9,0,0,2168,2003,-165,0,3
2337.958,9643469,3,1,64.9,0,0,2168,2003,-165,0,3
2338.058,9643569,3,1,64.9,0,0,2168,2003,-165,0,3
2338.157,9643669,3,1,64.9,0,0,2168,2003,-165,0,3
2338.257,9643769,3,1,64.9,0,0,2168,2003,-165,0,3
2338.357,9643869,3,1,64.9,0,0,2168,2003,-165,0,3
2338.457,9643969,3,1,64.9,0,0,2168,2003,-165,0,3
2338.557,9644069,3,1,64.9,0,0,2168,2003,-165,0,3
2338.658,9644169,3,1,64.9,0,0,2168,2003,-165,0,3
2338.757,9644269,3,1,64.9,0,0,2168,2003,-165,0,3
2338.858,9644369,3,1,64.9,0,0,2168,2003,-165,0,3
2338.957,9644469,3,1,64.9,0,0,2168,2003,-165,0,3
2339.060,9644569,3,1,64.9,0,0,2168,2003,-165,0,3
2339.158,9644669,3,1,64.9,0,0,2168,2003,-165,0,3
2339.259,9644769,3,1,64.9,0,0,2168,2003,-165,0,3
2339.358,9644869,3,1,64.9,0,0,2168,2003,-165,0,3
2339.457,9644969,3,1,64.9,0,0,2168,2003,-165,0,3
2339.557,9645069,3,1,64.9,0,0,2168,2003,-165,0,3
2339.669,9645181,3,1,64.9,0,0,2168,2003,-165,0,3
2339.757,9645269,3,1,64.9,0,0,2168,2003,-165,0,3
2339.857,9645369,3,1,64.9,0,0,2168,2003,-165,0,3
2339.957,9645469,3,1,64.9,0,0,2168,2003,-165,0,3
2340.057,9645569,3,1,64.9,0,0,2168,2003,-165,0,3
2340.157,9645669,3,1,64.9,0,0,2168,2003,-165,0,3
2340.257,9645769,3,1,64.9,0,0,2168,2003,-165,0,3
2340.357,9645869,3,1,64.9,0,0,2168,2003,-165,0,3
2340.457,9645969,3,1,64.9,0,0,2168,2003,-165,0,3
2340.557,9646069,3,1,64.9,0,0,2168,2003,-165,0,3
2340.657,9646169,3,1,64.9,0,0,2168,2003,-165,0,3
2340.758,9646269,3,1,64.9,0,0,2168,2003,-165,0,3
2340.857,9646369,3,1,64.9,0,0,2168,2003,-165,0,3
2340.959,9646469,3,1,64.9,0,0,2168,2003,-165,0,3
2341.057,9646569,3,1,64.9,0,0,2168,2003,-165,0,3
2341.157,9646669,3,1,64.9,0,0,2168,2003,-165,0,3
2341.257,9646769,3,1,64.9,0,0,2168,2003,-165,0,3
2341.357,9646869,3,1,64.9,0,0,2168,2003,-165,0,3
2341.457,9646969,3,1,64.9,0,0,2168,2003,-165,0,3
2341.557,9647069,3,1,64.9,0,0,2168,2003,-165,0,3
2341.669,9647181,3,1,64.9,0,0,2168,2003,-165,0,3
2341.757,9647269,3,1,64.9,0,0,2168,2003,-165,0,3
2341.857,9647369,3,1,64.9,0,0,2168,2003,-165,0,3
2341.957,9647469,3,1,64.9,0,0,2168,2003,-165,0,3
2342.057,9647569,3,1,64.9,0,0,2168,2003,-165,0,3
2342.157,9647669,3,1,64.9,0,0,2168,2003,-165,0,3
2342.257,9647769,3,1,64.9,0,0,2168,2003,-165,0,3
2342.357,9647869,3,1,64.9,0,0,2168,2003,-165,0,3
2342.457,9647969,3,1,64.9,0,0,2168,2003,-165,0,3
2342.557,9648069,3,1,64.9,0,0,2168,2003,-165,0,3
2342.657,9648169,3,1,64.9,0,0,2168,2003,-165,0,3
2342.759,9648269,3,1,64.9,0,0,2168,2003,-165,0,3
2342.858,9648369,3,1,64.9,0,0,2168,2003,-165,0,3
2342.957,9648469,3,1,64.9,0,0,2168,2003,-165,0,3
2343.057,9648569,3,1,64.9,0,0,2168,2003,-165,0,3
2343.157,9648669,3,1,64.9,0,0,2168,2003,-165,0,3
2343.257,9648769,3,1,64.9,0,0,2168,2003,-165,0,3
2343.357,9648869,3,1,64.9,0,0,2168,2003,-165,0,3
2343.457,9648969,3,1,64.9,0,0,2168,2003,-165,0,3
2343.557,9649069,3,1,64.9,0,0,2168,2003,-165,0,3
2343.669,9649181,3,1,64.9,0,0,2168,2003,-165,0,3
2343.757,9649269,3,1,64.9,0,0,2168,2003,-165,0,3
2343.856,9649369,3,1,64.9,0,0,2168,2003,-165,0,3
2343.957,9649469,3,1,64.9,0,0,2168,2003,-165,0,3
2344.057,9649569,3,1,64.9,0,0,2168,2003,-165,0,3
2344.157,9649669,3,1,64.9,0,0,2168,2003,-165,0,3
2344.258,9649769,3,1,64.9,0,0,2168,2003,-165,0,3
2344.357,9649869,3,1,64.9,0,0,2168,2003,-165,0,3
2344.457,9649969,3,1,64.9,0,0,2168,2003,-165,0,3
2344.557,9650069,3,1,64.9,0,0,2168,2003,-165,0,3
2344.657,9650169,3,1,64.9,0,0,2168,2003,-165,0,3
2344.757,9650269,3,1,64.9,0,0,2168,2003,-165,0,3
2344.857,9650369,3,1,64.9,0,0,2168,2003,-165,0,3
2344.956,9650469,3,1,64.9,0,0,2168,2003,-165,0,3
2345.057,9650569,3,1,64.9,0,0,2168,2003,-165,0,3
2345.156,9650669,3,1,64.9,0,0,2168,2003,-165,0,3
2345.256,9650769,3,1,64.9,0,0,2168,2003,-165,0,3
2345.357,9650869,3,1,64.9,0,0,2168,2003,-165,0,3
2345.457,9650969,3,1,64.9,0,0,2168,2003,-165,0,3
2345.557,9651069,3,1,64.9,0,0,2168,2003,-165,0,3
2345.669,9651181,3,1,64.9,0,0,2168,2003,-165,0,3
2345.757,9651269,3,1,64.9,0,0,2168,2003,-165,0,3
2345.857,9651369,3,1,64.9,0,0,2168,2003,-165,0,3
2345.956,9651469,3,1,64.9,0,0,2168,2003,-165,0,3
2346.057,9651569,3,1,64.9,0,0,2168,2003,-165,0,3
2346.157,9651669,3,1,64.9,0,0,2168,2003,-165,0,3
2346.256,9651769,3,1,64.9,0,0,2168,2003,-165,0,3
2346.357,9651869,3,1,64.9,0,0,2168,2003,-165,0,3
2346.457,9651969,3,1,64.9,0,0,2168,2003,-165,0,3
2346.556,9652069,3,1,64.9,0,0,2168,2003,-165,0,3
2346.656,9652169,3,1,64.9,0,0,2168,2003,-165,0,3
2346.757,9652269,3,1,64.9,0,0,2168,2003,-165,0,3
2346.856,9652369,3,1,64.9,0,0,2168,2003,-165,0,3
2346.956,9652469,3,1,64.9,0,0,2168,2003,-165,0,3
2347.057,9652569,3,1,64.9,0,0,2168,2003,-165,0,3
2347.157,9652669,3,1,64.9,0,0,2168,2003,-165,0,3
2347.256,9652769,3,1,64.9,0,0,2168,2003,-165,0,3
2347.357,9652869,3,1,64.9,0,0,2168,2003,-165,0,3
2347.457,9652969,3,1,64.9,0,0,2168,2003,-165,0,3
2347.557,9653069,3,1,64.9,0,0,2168,2003,-165,0,3
2347.669,9653181,3,1,64.9,0,0,2168,2003,-165,0,3
2347.758,9653269,3,1,64.9,0,0,2168,2003,-165,0,3
2347.857,9653369,3,1,64.9,0,0,2168,2003,-165,0,3
2347.957,9653469,3,1,64.9,0,0,2168,2003,-165,0,3
2348.057,9653569,3,1,64.9,0,0,2168,2003,-165,0,3
2348.157,9653669,3,1,64.9,0,0,2168,2003,-165,0,3
2348.257,9653769,3,1,64.9,0,0,2168,2003,-165,0,3
2348.357,9653869,3,1,64.9,0,0,2168,2003,-165,0,3
2348.457,9653969,3,1,64.9,0,0,2168,2003,-165,0,3
2348.558,9654069,3,1,64.9,0,0,2168,2003,-165,0,3
2348.657,9654169,3,1,64.9,0,0,2168,2003,-165,0,3
2348.757,9654269,3,1,64.9,0,0,2168,2003,-165,0,3
2348.857,9654369,3,1,64.9,0,0,2168,2003,-165,0,3
2348.957,9654469,3,1,64.9,0,0,2168,2003,-165,0,3
2349.057,9654569,3,1,64.9,0,0,2168,2003,-165,0,3
2349.156,9654669,3,1,64.9,0,0,2168,2003,-165,0,3
2349.256,9654769,3,1,64.9,0,0,2168,2003,-165,0,3
2349.356,9654869,3,1,64.9,0,0,2168,2003,-165,0,3
2349.457,9654969,3,1,64.9,0,0,2168,2003,-165,0,3
2349.556,9655069,3,1,64.9,0,0,2168,2003,-165,0,3
2349.669,9655181,3,1,64.9,0,0,2168,2003,-165,0,3
2349.758,9655269,3,1,64.9,0,0,2168,2003,-165,0,3
2349.856,9655369,3,1,64.9,0,0,2168,2003,-165,0,3
2349.964,9655469,3,1,64.9,0,0,2168,2003,-165,0,3
2350.057,9655569,3,1,64.9,0,0,2168,2003,-165,0,3
2350.156,9655669,3,1,64.9,0,0,2168,2003,-165,0,3
2350.258,9655769,3,1,64.9,0,0,2168,2003,-165,0,3
2350.357,9655869,3,1,64.9,0,0,2168,2003,-165,0,3
2350.457,9655969,3,1,64.9,0,0,2168,2003,-165,0,3
2350.557,9656069,3,1,64.9,0,0,2168,2003,-165,0,3
2350.657,9656169,3,1,64.9,0,0,2168,2003,-165,0,3
2350.762,9656269,3,1,64.9,0,0,2168,2003,-165,0,3
2350.856,9656369,3,1,64.9,0,0,2168,2003,-165,0,3
2350.957,9656469,3,1,64.9,0,0,2168,2003,-165,0,3
2351.056,9656569,3,1,64.9,0,0,2168,2003,-165,0,3
2351.156,9656669,3,1,64.9,0,0,2168,2003,-165,0,3
2351.256,9656769,3,1,64.9,0,0,2168,2003,-165,0,3
2351.357,9656869,3,1,64.9,0,0,2168,2003,-165,0,3
2351.456,9656969,3,1,64.9,0,0,2168,2003,-165,0,3
2351.559,9657069,3,1,64.9,0,0,2168,2003,-165,0,3
2351.669,9657181,3,1,64.9,0,0,2168,2003,-165,0,3
2351.757,9657269,3,1,64.9,0,0,2168,2003,-165,0,3
2351.856,9657369,3,1,64.9,0,0,2168,2003,-165,0,3
2351.956,9657469,3,1,64.9,0,0,2168,2003,-165,0,3
2352.056,9657569,3,1,64.9,0,0,2168,2003,-165,0,3
2352.156,9657669,3,1,64.9,0,0,2168,2003,-165,0,3
2352.257,9657769,3,1,64.9,0,0,2168,2003,-165,0,3
2352.356,9657869,3,1,64.9,0,0,2168,2003,-165,0,3
2352.457,9657969,3,1,64.9,0,0,2168,2003,-165,0,3
2352.557,9658069,3,1,64.9,0,0,2168,2003,-165,0,3
2352.657,9658169,3,1,64.9,0,0,2168,2003,-165,0,3
2352.757,9658269,3,1,64.9,0,0,2168,2003,-165,0,3
2352.857,9658369,3,1,64.9,0,0,2168,2003,-165,0,3
2352.956,9658469,3,1,64.9,0,0,2168,2003,-165,0,3
2353.056,9658569,3,1,64.9,0,0,2168,2003,-165,0,3
2353.157,9658669,3,1,64.9,0,0,2168,2003,-165,0,3
2353.258,9658769,3,1,64.9,0,0,2168,2003,-165,0,3
2353.357,9658869,3,1,64.9,0,0,2168,2003,-165,0,3
2353.456,9658969,3,1,64.9,0,0,2168,2003,-165,0,3
2353.556,9659069,3,1,64.9,0,0,2168,2003,-165,0,3
2353.669,9659181,3,1,64.9,0,0,2168,2003,-165,0,3
2353.756,9659269,3,1,64.9,0,0,2168,2003,-165,0,3
2353.857,9659369,3,1,64.9,0,0,2168,2003,-165,0,3
2353.956,9659469,3,1,64.9,0,0,2168,2003,-165,0,3
2354.056,9659569,3,1,64.9,0,0,2168,2003,-165,0,3
2354.157,9659669,3,1,64.9,0,0,2168,2003,-165,0,3
2354.256,9659769,3,1,64.9,0,0,2168,2003,-165,0,3
2354.356,9659869,3,1,64.9,0,0,2168,2003,-165,0,3
2354.457,9659969,3,1,64.9,0,0,2168,2003,-165,0,3
2354.556,9660069,3,1,64.9,0,0,2168,2003,-165,0,3
2354.657,9660169,3,1,64.9,0,0,2168,2003,-165,0,3
2354.756,9660269,3,1,64.9,0,0,2168,2003,-165,0,3
2354.857,9660369,3,1,64.9,0,0,2168,2003,-165,0,3
2354.956,9660469,3,1,64.9,0,0,2168,2003,-165,0,3
2355.056,9660569,3,1,64.9,0,0,2168,2003,-165,0,3
2355.156,9660669,3,1,64.9,0,0,2168,2003,-165,0,3
2355.256,9660769,3,1,64.9,0,0,2168,2003,-165,0,3
2355.359,9660869,3,1,64.9,0,0,2168,2003,-165,0,3
2355.457,9660969,3,1,64.9,0,0,2168,2003,-165,0,3
2355.556,9661069,3,1,64.9,0,0,2168,2003,-165,0,3
2355.668,9661181,3,1,64.9,0,0,2168,2003,-165,0,3
2355.756,9661269,3,1,64.9,0,0,2168,2003,-165,0,3
2355.856,9661369,3,1,64.9,0,0,2168,2003,-165,0,3
2355.956,9661469,3,1,64.9,0,0,2168,2003,-165,0,3
2356.056,9661569,3,1,64.9,0,0,2168,2003,-165,0,3
2356.156,9661669,3,1,64.9,0,0,2168,2003,-165,0,3
2356.256,9661769,3,1,64.9,0,0,2168,2003,-165,0,3
2356.356,9661869,3,1,64.9,0,0,2168,2003,-165,0,3
2356.456,9661969,3,1,64.9,0,0,2168,2003,-165,0,3
2356.557,9662069,3,1,64.9,0,0,2168,2003,-165,0,3
2356.656,9662169,3,1,64.9,0,0,2168,2003,-165,0,3
2356.756,9662269,3,1,64.9,0,0,2168,2003,-165,0,3
2356.857,9662369,3,1,64.9,0,0,2168,2003,-165,0,3
2356.958,9662469,3,1,64.9,0,0,2168,2003,-165,0,3
2357.057,9662569,3,1,64.9,0,0,2168,2003,-165,0,3
2357.156,9662669,3,1,64.9,0,0,2168,2003,-165,0,3
2357.256,9662769,3,1,64.9,0,0,2168,2003,-165,0,3
2357.356,9662869,3,1,64.9,0,0,2168,2003,-165,0,3
2357.456,9662969,3,1,64.9,0,0,2168,2003,-165,0,3
2357.556,9663069,3,1,64.9,0,0,2168,2003,-165,0,3
2357.668,9663181,3,1,64.9,0,0,2168,2003,-165,0,3
2357.756,9663269,3,1,64.9,0,0,2168,2003,-165,0,3
2357.856,9663369,3,1,64.9,0,0,2168,2003,-165,0,3
2357.956,9663469,3,1,64.9,0,0,2168,2003,-165,0,3
2358.056,9663569,3,1,64.9,0,0,2168,2003,-165,0,3
2358.156,9663669,3,1,64.9,0,0,2168,2003,-165,0,3
2358.256,9663769,3,1,64.9,0,0,2168,2003,-165,0,3
2358.356,9663869,3,1,64.9,0,0,2168,2003,-165,0,3
2358.456,9663969,3,1,64.9,0,0,2168,2003,-165,0,3
2358.557,9664069,3,1,64.9,0,0,2168,2003,-165,0,3
2358.656,9664169,3,1,64.9,0,0,2168,2003,-165,0,3
2358.756,9664269,3,1,64.9,0,0,2168,2003,-165,0,3
2358.857,9664369,3,1,64.9,0,0,2168,2003,-165,0,3
2358.956,9664469,3,1,64.9,0,0,2168,2003,-165,0,3
2359.056,9664569,3,1,64.9,0,0,2168,2003,-165,0,3
2359.156,9664669,3,1,64.9,0,0,2168,2003,-165,0,3
2359.256,9664769,3,1,64.9,0,0,2168,2003,-165,0,3
2359.356,9664869,3,1,64.9,0,0,2168,2003,-165,0,3
2359.456,9664969,3,1,64.9,0,0,2168,2003,-165,0,3
2359.556,9665069,3,1,64.9,0,0,2168,2003,-165,0,3
2359.668,9665181,3,1,64.9,0,0,2168,2003,-165,0,3
2359.756,9665269,3,1,64.9,0,0,2168,2003,-165,0,3
2359.855,9665369,3,1,64.9,0,0,2168,2003,-165,0,3
2359.957,9665469,3,1,64.9,0,0,2168,2003,-165,0,3
2360.056,9665569,3,1,64.9,0,0,2168,2003,-165,0,3
2360.156,9665669,3,1,64.9,0,0,2168,2003,-165,0,3
2360.256,9665769,3,1,64.9,0,0,2168,2003,-165,0,3
2360.356,9665869,3,1,64.9,0,0,2168,2003,-165,0,3
2360.456,9665969,3,1,64.9,0,0,2168,2003,-165,0,3
2360.556,9666069,3,1,64.9,0,0,2168,2003,-165,0,3
2360.657,9666169,3,1,64.9,0,0,2168,2003,-165,0,3
2360.756,9666269,3,1,64.9,0,0,2168,2003,-165,0,3
2360.855,9666369,3,1,64.9,0,0,2168,2003,-165,0,3
2360.956,9666469,3,1,64.9,0,0,2168,2003,-165,0,3
2361.056,9666569,3,1,64.9,0,0,2168,2003,-165,0,3
2361.155,9666669,3,1,64.9,0,0,2168,2003,-165,0,3
2361.256,9666769,3,1,64.9,0,0,2168,2003,-165,0,3
2361.356,9666869,3,1,64.9,0,0,2168,2003,-165,0,3
2361.456,9666969,3,1,64.9,0,0,2168,2003,-165,0,3
2361.556,9667069,3,1,64.9,0,0,2168,2003,-165,0,3
2361.668,9667181,3,1,64.9,0,0,2168,2003,-165,0,3
2361.755,9667269,3,1,64.9,0,0,2168,2003,-165,0,3
2361.856,9667369,3,1,64.9,0,0,2168,2003,-165,0,3
2361.956,9667469,3,1,64.9,0,0,2168,2003,-165,0,3
2362.057,9667569,3,1,64.9,0,0,2168,2003,-165,0,3
2362.156,9667669,3,1,64.9,0,0,2168,2003,-165,0,3
2362.256,9667769,3,1,64.9,0,0,2168,2003,-165,0,3
2362.355,9667869,3,1,64.9,0,0,2168,2003,-165,0,3
2362.457,9667969,3,1,64.9,0,0,2168,2003,-165,0,3
2362.556,9668069,3,1,64.9,0,0,2168,2003,-165,0,3
2362.657,9668169,3,1,64.9,0,0,2168,2003,-165,0,3
2362.757,9668269,3,1,64.9,0,0,2168,2003,-165,0,3
2362.856,9668369,3,1,64.9,0,0,2168,2003,-165,0,3
2362.956,9668469,3,1,64.9,0,0,2168,2003,-165,0,3
2363.056,9668569,3,1,64.9,0,0,2168,2003,-165,0,3
2363.155,9668669,3,1,64.9,0,0,2168,2003,-165,0,3
2363.256,9668769,3,1,64.9,0,0,2168,2003,-165,0,3
2363.355,9668869,3,1,64.9,0,0,2168,2003,-165,0,3
2363.457,9668969,3,1,64.9,0,0,2168,2003,-165,0,3
2363.556,9669069,3,1,64.9,0,0,2168,2003,-165,0,3
2363.668,9669181,3,1,64.9,0,0,2168,2003,-165,0,3
2363.756,9669269,3,1,64.9,0,0,2168,2003,-165,0,3
2363.856,9669369,3,1,64.9,0,0,2168,2003,-165,0,3
2363.956,9669469,3,1,64.9,0,0,2168,2003,-165,0,3
2364.056,9669569,3,1,64.9,0,0,2168,2003,-165,0,3
2364.156,9669669,3,1,64.9,0,0,2168,2003,-165,0,3
2364.255,9669769,3,1,64.9,0,0,2168,2003,-165,0,3
2364.356,9669869,3,1,64.9,0,0,2168,2003,-165,0,3
2364.456,9669969,3,1,64.9,0,0,2168,2003,-165,0,3
2364.556,9670069,3,1,64.9,0,0,2168,2003,-165,0,3
2364.656,9670169,3,1,64.9,0,0,2168,2003,-165,0,3
2364.756,9670269,3,1,64.9,0,0,2168,2003,-165,0,3
2364.855,9670369,3,1,64.9,0,0,2168,2003,-165,0,3
2364.957,9670469,3,1,64.9,0,0,2168,2003,-165,0,3
2365.057,9670569,3,1,64.9,0,0,2168,2003,-165,0,3
2365.156,9670669,3,1,64.9,0,0,2168,2003,-165,0,3
2365.256,9670769,3,1,64.9,0,0,2168,2003,-165,0,3
2365.356,9670869,3,1,64.9,0,0,2168,2003,-165,0,3
2365.455,9670969,3,1,64.9,0,0,2168,2003,-165,0,3
2365.557,9671069,3,1,64.9,0,0,2168,2003,-165,0,3
2365.668,9671181,3,1,64.9,0,0,2168,2003,-165,0,3
2365.756,9671269,3,1,64.9,0,0,2168,2003,-165,0,3
2365.861,9671369,3,1,64.9,0,0,2168,2003,-165,0,3
2365.956,9671469,3,1,64.9,0,0,2168,2003,-165,0,3
2366.056,9671569,3,1,64.9,0,0,2168,2003,-165,0,3
2366.156,9671669,3,1,64.9,0,0,2168,2003,-165,0,3
2366.255,9671769,3,1,64.9,0,0,2168,2003,-165,0,3
2366.356,9671869,3,1,64.9,0,0,2168,2003,-165,0,3
2366.455,9671969,3,1,64.9,0,0,2168,2003,-165,0,3
2366.556,9672069,3,1,64.9,0,0,2168,2003,-165,0,3
2366.656,9672169,3,1,64.9,0,0,2168,2003,-165,0,3
2366.755,9672269,3,1,64.9,0,0,2168,2003,-165,0,3
2366.856,9672369,3,1,64.9,0,0,2168,2003,-165,0,3
2366.955,9672469,3,1,64.9,0,0,2168,2003,-165,0,3
2367.059,9672569,3,1,64.9,0,0,2168,2003,-165,0,3
2367.155,9672669,3,1,64.9,0,0,2168,2003,-165,0,3
2367.255,9672769,3,1,64.9,0,0,2168,2003,-165,0,3
2367.355,9672869,3,1,64.9,0,0,2168,2003,-165,0,3
2367.459,9672969,3,1,64.9,0,0,2168,2003,-165,0,3
2367.555,9673069,3,1,64.9,0,0,2168,2003,-165,0,3
2367.669,9673181,3,1,64.9,0,0,2168,2003,-165,0,3
2367.755,9673269,3,1,64.9,0,0,2168,2003,-165,0,3
2367.855,9673369,3,1,64.9,0,0,2168,2003,-165,0,3
2367.955,9673469,3,1,64.9,0,0,2168,2003,-165,0,3
2368.055,9673569,3,1,64.9,0,0,2168,2003,-165,0,3
2368.155,9673669,3,1,64.9,0,0,2168,2003,-165,0,3
2368.255,9673769,3,1,64.9,0,0,2168,2003,-165,0,3
2368.356,9673869,3,1,64.9,0,0,2168,2003,-165,0,3
2368.456,9673969,3,1,64.9,0,0,2168,2003,-165,0,3
2368.555,9674069,3,1,64.9,0,0,2168,2003,-165,0,3
2368.657,9674169,3,1,64.9,0,0,2168,2003,-165,0,3
2368.755,9674269,3,1,64.9,0,0,2168,2003,-165,0,3
2368.855,9674369,3,1,64.9,0,0,2168,2003,-165,0,3
2368.957,9674469,3,1,64.9,0,0,2168,2003,-165,0,3
2369.056,9674569,3,1,64.9,0,0,2168,2003,-165,0,3
2369.155,9674669,3,1,64.9,0,0,2168,2003,-165,0,3
2369.256,9674769,3,1,64.9,0,0,2168,2003,-165,0,3
2369.356,9674869,3,1,64.9,0,0,2168,2003,-165,0,3
2369.455,9674969,3,1,64.9,0,0,2168,2003,-165,0,3
2369.556,9675069,3,1,64.9,0,0,2168,2003,-165,0,3
2369.668,9675181,3,1,64.9,0,0,2168,2003,-165,0,3
2369.756,9675269,3,1,64.9,0,0,2168,2003,-165,0,3
2369.855,9675369,3,1,64.9,0,0,2168,2003,-165,0,3
2369.955,9675469,3,1,64.9,0,0,2168,2003,-165,0,3
2370.055,9675569,3,1,64.9,0,0,2168,2003,-165,0,3
2370.155,9675669,3,1,64.9,0,0,2168,2003,-165,0,3
2370.255,9675769,3,1,64.9,0,0,2168,2003,-165,0,3
2370.356,9675869,3,1,64.9,0,0,2168,2003,-165,0,3
2370.455,9675969,3,1,64.9,0,0,2168,2003,-165,0,3
2370.555,9676069,3,1,64.9,0,0,2168,2003,-165,0,3
2370.655,9676169,3,1,64.9,0,0,2168,2003,-165,0,3
2370.755,9676269,3,1,64.9,0,0,2168,2003,-165,0,3
2370.855,9676369,3,1,64.9,0,0,2168,2003,-165,0,3
2370.955,9676469,3,1,64.9,0,0,2168,2003,-165,0,3
2371.055,9676569,3,1,64.9,0,0,2168,2003,-165,0,3
2371.155,9676669,3,1,64.9,0,0,2168,2003,-165,0,3
2371.256,9676769,3,1,64.9,0,0,2168,2003,-165,0,3
2371.356,9676869,3,1,64.9,0,0,2168,2003,-165,0,3
2371.456,9676969,3,1,64.9,0,0,2168,2003,-165,0,3
2371.555,9677069,3,1,64.9,0,0,2168,2003,-165,0,3
2371.668,9677181,3,1,64.9,0,0,2168,2003,-165,0,3
2371.755,9677269,3,1,64.9,0,0,2168,2003,-165,0,3
2371.857,9677369,3,1,64.9,0,0,2168,2003,-165,0,3
2371.955,9677469,3,1,64.9,0,0,2168,2003,-165,0,3
2372.055,9677569,3,1,64.9,0,0,2168,2003,-165,0,3
2372.155,9677669,3,1,64.9,0,0,2168,2003,-165,0,3
2372.255,9677769,3,1,64.9,0,0,2168,2003,-165,0,3
2372.355,9677869,3,1,64.9,0,0,2168,2003,-165,0,3
2372.455,9677969,3,1,64.9,0,0,2168,2003,-165,0,3
2372.555,9678069,3,1,64.9,0,0,2168,2003,-165,0,3
2372.655,9678169,3,1,64.9,0,0,2168,2003,-165,0,3
2372.756,9678269,3,1,64.9,0,0,2168,2003,-165,0,3
2372.855,9678369,3,1,64.9,0,0,2168,2003,-165,0,3
2372.955,9678469,3,1,64.9,0,0,2168,2003,-165,0,3
2373.055,9678569,3,1,64.9,0,0,2168,2003,-165,0,3
2373.155,9678669,3,1,64.9,0,0,2168,2003,-165,0,3
2373.255,9678769,3,1,64.9,0,0,2168,2003,-165,0,3
2373.355,9678869,3,1,64.9,0,0,2168,2003,-165,0,3
2373.455,9678969,3,1,64.9,0,0,2168,2003,-165,0,3
2373.555,9679069,3,1,64.9,0,0,2168,2003,-165,0,3
2373.668,9679181,3,1,64.9,0,0,2168,2003,-165,0,3
2373.755,9679269,3,1,64.9,0,0,2168,2003,-165,0,3
2373.855,9679369,3,1,64.9,0,0,2168,2003,-165,0,3
2373.955,9679469,3,1,64.9,0,0,2168,2003,-165,0,3
2374.056,9679569,3,1,64.9,0,0,2168,2003,-165,0,3
2374.155,9679669,3,1,64.9,0,0,2168,2003,-165,0,3
2374.255,9679769,3,1,64.9,0,0,2168,2003,-165,0,3
2374.355,9679869,3,1,64.9,0,0,2168,2003,-165,0,3
2374.455,9679969,3,1,64.9,0,0,2168,2003,-165,0,3
2374.556,9680069,3,1,64.9,0,0,2168,2003,-165,0,3
2374.657,9680169,3,1,64.9,0,0,2168,2003,-165,0,3
2374.755,9680269,3,1,64.9,0,0,2168,2003,-165,0,3
2374.855,9680369,3,1,64.9,0,0,2168,2003,-165,0,3
2374.956,9680469,3,1,64.9,0,0,2168,2003,-165,0,3
2375.056,9680569,3,1,64.9,0,0,2168,2003,-165,0,3
2375.155,9680669,3,1,64.9,0,0,2168,2003,-165,0,3
2375.255,9680769,3,1,64.9,0,0,2168,2003,-165,0,3
2375.355,9680869,3,1,64.9,0,0,2168,2003,-165,0,3
2375.455,9680969,3,1,64.9,0,0,2168,2003,-165,0,3
2375.556,9681069,3,1,64.9,0,0,2168,2003,-165,0,3
2375.667,9681181,3,1,64.9,0,0,2168,2003,-165,0,3
2375.756,9681269,3,1,64.9,0,0,2168,2003,-165,0,3
2375.855,9681369,3,1,64.9,0,0,2168,2003,-165,0,3
2375.955,9681469,3,1,64.9,0,0,2168,2003,-165,0,3
2376.055,9681569,3,1,64.9,0,0,2168,2003,-165,0,3
2376.155,9681669,3,1,64.9,0,0,2168,2003,-165,0,3
2376.255,9681769,3,1,64.9,0,0,2168,2003,-165,0,3
2376.356,9681869,3,1,64.9,0,0,2168,2003,-165,0,3
2376.455,9681969,3,1,64.9,0,0,2168,2003,-165,0,3
2376.556,9682069,3,1,64.9,0,0,2168,2003,-165,0,3
2376.656,9682169,3,1,64.9,0,0,2168,2003,-165,0,3
2376.755,9682269,3,1,64.9,0,0,2168,2003,-165,0,3
2376.855,9682369,3,1,64.9,0,0,2168,2003,-165,0,3
2376.955,9682469,3,1,64.9,0,0,2168,2003,-165,0,3
2377.055,9682569,3,1,64.9,0,0,2168,2003,-165,0,3
2377.155,9682669,3,1,64.9,0,0,2168,2003,-165,0,3
2377.255,9682769,3,1,64.9,0,0,2168,2003,-165,0,3
2377.355,9682869,3,1,64.9,0,0,2168,2003,-165,0,3
2377.456,9682969,3,1,64.9,0,0,2168,2003,-165,0,3
2377.555,9683069,3,1,64.9,0,0,2168,2003,-165,0,3
2377.668,9683181,3,1,64.9,0,0,2168,2003,-165,0,3
2377.756,9683269,3,1,64.9,0,0,2168,2003,-165,0,3
2377.855,9683369,3,1,64.9,0,0,2168,2003,-165,0,3
2377.955,9683469,3,1,64.9,0,0,2168,2003,-165,0,3
2378.057,9683569,3,1,64.9,0,0,2168,2003,-165,0,3
2378.155,9683669,3,1,64.9,0,0,2168,2003,-165,0,3
2378.255,9683769,3,1,64.9,0,0,2168,2003,-165,0,3
2378.355,9683869,3,1,64.9,0,0,2168,2003,-165,0,3
2378.456,9683969,3,1,64.9,0,0,2168,2003,-165,0,3
2378.555,9684069,3,1,64.9,0,0,2168,2003,-165,0,3
2378.656,9684169,3,1,64.9,0,0,2168,2003,-165,0,3
2378.755,9684269,3,1,64.9,0,0,2168,2003,-165,0,3
2378.855,9684369,3,1,64.9,0,0,2168,2003,-165,0,3
2378.958,9684469,3,1,64.9,0,0,2168,2003,-165,0,3
2379.054,9684569,3,1,64.9,0,0,2168,2003,-165,0,3
2379.156,9684669,3,1,64.9,0,0,2168,2003,-165,0,3
2379.255,9684769,3,1,64.9,0,0,2168,2003,-165,0,3
2379.355,9684869,3,1,64.9,0,0,2168,2003,-165,0,3
2379.456,9684969,3,1,64.9,0,0,2168,2003,-165,0,3
2379.555,9685069,3,1,64.9,0,0,2168,2003,-165,0,3
2379.667,9685181,3,1,64.9,0,0,2168,2003,-165,0,3
2379.756,9685269,3,1,64.9,0,0,2168,2003,-165,0,3
2379.856,9685369,3,1,64.9,0,0,2168,2003,-165,0,3
2379.957,9685469,3,1,64.9,0,0,2168,2003,-165,0,3
2380.055,9685569,3,1,64.9,0,0,2168,2003,-165,0,3
2380.155,9685669,3,1,64.9,0,0,2168,2003,-165,0,3
2380.254,9685769,3,1,64.9,0,0,2168,2003,-165,0,3
2380.354,9685869,3,1,64.9,0,0,2168,2003,-165,0,3
2380.455,9685969,3,1,64.9,0,0,2168,2003,-165,0,3
2380.556,9686069,3,1,64.9,0,0,2168,2003,-165,0,3
2380.656,9686169,3,1,64.9,0,0,2168,2003,-165,0,3
2380.755,9686269,3,1,64.9,0,0,2168,2003,-165,0,3
2380.855,9686369,3,1,64.9,0,0,2168,2003,-165,0,3
2380.954,9686469,3,1,64.9,0,0,2168,2003,-165,0,3
2381.054,9686569,3,1,64.9,0,0,2168,2003,-165,0,3
2381.155,9686669,3,1,64.9,0,0,2168,2003,-165,0,3
2381.255,9686769,3,1,64.9,0,0,2168,2003,-165,0,3
2381.355,9686869,3,1,64.9,0,0,2168,2003,-165,0,3
2381.454,9686969,3,1,64.9,0,0,2168,2003,-165,0,3
2381.554,9687069,3,1,64.9,0,0,2168,2003,-165,0,3
2381.667,9687181,3,1,64.9,0,0,2168,2003,-165,0,3
2381.754,9687269,3,1,64.9,0,0,2168,2003,-165,0,3
2381.855,9687369,3,1,64.9,0,0,2168,2003,-165,0,3
2381.955,9687469,3,1,64.9,0,0,2168,2003,-165,0,3
2382.054,9687569,3,1,64.9,0,0,2168,2003,-165,0,3
2382.155,9687669,3,1,64.9,0,0,2168,2003,-165,0,3
2382.255,9687769,3,1,64.9,0,0,2168,2003,-165,0,3
2382.354,9687869,3,1,64.9,0,0,2168,2003,-165,0,3
2382.454,9687969,3,1,64.9,0,0,2168,2003,-165,0,3
2382.554,9688069,3,1,64.9,0,0,2168,2003,-165,0,3
2382.654,9688169,3,1,64.9,0,0,2168,2003,-165,0,3
2382.755,9688269,3,1,64.9,0,0,2168,2003,-165,0,3
2382.855,9688369,3,1,64.9,0,0,2168,2003,-165,0,3
2382.955,9688469,3,1,64.9,0,0,2168,2003,-165,0,3
2383.055,9688569,3,1,64.9,0,0,2168,2003,-165,0,3
2383.157,9688669,3,1,64.9,0,0,2168,2003,-165,0,3
2383.255,9688769,3,1,64.9,0,0,2168,2003,-165,0,3
2383.354,9688869,3,1,64.9,0,0,2168,2003,-165,0,3
2383.454,9688969,3,1,64.9,0,0,2168,2003,-165,0,3
2383.554,9689069,3,1,64.9,0,0,2168,2003,-165,0,3
2383.667,9689181,3,1,64.9,0,0,2168,2003,-165,0,3
2383.754,9689269,3,1,64.9,0,0,2168,2003,-165,0,3
2383.855,9689369,3,1,64.9,0,0,2168,2003,-165,0,3
2383.955,9689469,3,1,64.9,0,0,2168,2003,-165,0,3
2384.054,9689569,3,1,64.9,0,0,2168,2003,-165,0,3
2384.155,9689669,3,1,64.9,0,0,2168,2003,-165,0,3
2384.255,9689769,3,1,64.9,0,0,2168,2003,-165,0,3
2384.354,9689869,3,1,64.9,0,0,2168,2003,-165,0,3
2384.454,9689969,3,1,64.9,0,0,2168,2003,-165,0,3
2384.554,9690069,3,1,64.9,0,0,2168,2003,-165,0,3
2384.655,9690169,3,1,64.9,0,0,2168,2003,-165,0,3
2384.755,9690269,3,1,64.9,0,0,2168,2003,-165,0,3
2384.854,9690369,3,1,64.9,0,0,2168,2003,-165,0,3
2384.955,9690469,3,1,64.9,0,0,2168,2003,-165,0,3
2385.055,9690569,3,1,64.9,0,0,2168,2003,-165,0,3
2385.156,9690669,3,1,64.9,0,0,2168,2003,-165,0,3
2385.255,9690769,3,1,64.9,0,0,2168,2003,-165,0,3
2385.354,9690869,3,1,64.9,0,0,2168,2003,-165,0,3
2385.454,9690969,3,1,64.9,0,0,2168,2003,-165,0,3
2385.554,9691069,3,1,64.9,0,0,2168,2003,-165,0,3
2385.667,9691181,3,1,64.9,0,0,2168,2003,-165,0,3
2385.756,9691269,3,1,64.9,0,0,2168,2003,-165,0,3
2385.857,9691369,3,1,64.9,0,0,2168,2003,-165,0,3
2385.955,9691469,3,1,64.9,0,0,2168,2003,-165,0,3
2386.055,9691569,3,1,64.9,0,0,2168,2003,-165,0,3
2386.155,9691669,3,1,64.9,0,0,2168,2003,-165,0,3
2386.254,9691769,3,1,64.9,0,0,2168,2003,-165,0,3
2386.355,9691869,3,1,64.9,0,0,2168,2003,-165,0,3
2386.454,9691969,3,1,64.9,0,0,2168,2003,-165,0,3
2386.555,9692069,3,1,64.9,0,0,2168,2003,-165,0,3
2386.654,9692169,3,1,64.9,0,0,2168,2003,-165,0,3
2386.758,9692269,3,1,64.9,0,0,2168,2003,-165,0,3
2386.855,9692369,3,1,64.9,0,0,2168,2003,-165,0,3
2386.956,9692469,3,1,64.9,0,0,2168,2003,-165,0,3
2387.057,9692569,3,1,64.9,0,0,2168,2003,-165,0,3
2387.154,9692669,3,1,64.9,0,0,2169,2003,-166,0,3
2387.255,9692769,3,1,64.9,0,0,2169,2003,-166,0,3
2387.355,9692869,3,1,64.9,0,0,2169,2003,-166,0,3
2387.455,9692969,3,1,64.9,0,0,2169,2003,-166,0,3
2387.555,9693069,3,1,64.9,0,0,2169,2003,-166,0,3
2387.667,9693181,3,1,64.9,0,0,2169,2003,-166,0,3
2387.755,9693269,3,1,64.9,0,0,2169,2003,-166,0,3
2387.854,9693369,3,1,64.9,0,0,2169,2003,-166,0,3
2387.955,9693469,3,1,64.9,0,0,2169,2003,-166,0,3
2388.055,9693569,3,1,64.9,0,0,2169,2003,-166,0,3
2388.155,9693669,3,1,64.9,0,0,2169,2003,-166,0,3
2388.254,9693769,3,1,64.9,0,0,2169,2003,-166,0,3
2388.354,9693869,3,1,64.9,0,0,2169,2003,-166,0,3
2388.454,9693969,3,1,64.9,0,0,2169,2003,-166,0,3
2388.554,9694069,3,1,64.9,0,0,2169,2003,-166,0,3
2388.654,9694169,3,1,64.9,0,0,2169,2003,-166,0,3
2388.754,9694269,3,1,64.9,0,0,2169,2003,-166,0,3
2388.854,9694369,3,1,64.9,0,0,2169,2003,-166,0,3
2388.954,9694469,3,1,64.9,0,0,2169,2003,-166,0,3
2389.055,9694569,3,1,64.9,0,0,2169,2003,-166,0,3
2389.155,9694669,3,1,64.9,0,0,2169,2003,-166,0,3
2389.254,9694769,3,1,64.9,0,0,2169,2003,-166,0,3
2389.354,9694869,3,1,64.9,0,0,2169,2003,-166,0,3
2389.456,9694969,3,1,64.9,0,0,2169,2003,-166,0,3
2389.556,9695069,3,1,64.9,0,0,2169,2003,-166,0,3
2389.667,9695181,3,1,64.9,0,0,2169,2003,-166,0,3
2389.754,9695269,3,1,64.9,0,0,2169,2003,-166,0,3
2389.855,9695369,3,1,64.9,0,0,2169,2003,-166,0,3
2389.955,9695469,3,1,64.9,0,0,2169,2003,-166,0,3
2390.055,9695569,3,1,64.9,0,0,2169,2003,-166,0,3
2390.154,9695669,3,1,64.9,0,0,2169,2003,-166,0,3
2390.254,9695769,3,1,64.9,0,0,2169,2003,-166,0,3
2390.354,9695869,3,1,64.9,0,0,2169,2003,-166,0,3
2390.454,9695969,3,1,64.9,0,0,2169,2003,-166,0,3
2390.555,9696069,3,1,64.9,0,0,2169,2003,-166,0,3
2390.655,9696169,3,1,64.9,0,0,2169,2003,-166,0,3
2390.754,9696269,3,1,64.9,0,0,2169,2003,-166,0,3
2390.854,9696369,3,1,64.9,0,0,2169,2003,-166,0,3
2390.954,9696469,3,1,64.9,0,0,2169,2003,-166,0,3
2391.055,9696569,3,1,64.9,0,0,2169,2003,-166,0,3
2391.155,9696669,3,1,64.9,0,0,2169,2003,-166,0,3
2391.254,9696769,3,1,64.9,0,0,2169,2003,-166,0,3
2391.354,9696869,3,1,64.9,0,0,2169,2003,-166,0,3
2391.455,9696969,3,1,64.9,0,0,2169,2003,-166,0,3
2391.554,9697069,3,1,64.9,0,0,2169,2003,-166,0,3
2391.667,9697181,3,1,64.9,0,0,2169,2003,-166,0,3
2391.754,9697269,3,1,64.9,0,0,2169,2003,-166,0,3
2391.854,9697369,3,1,64.9,0,0,2169,2003,-166,0,3
2391.954,9697469,3,1,64.9,0,0,2169,2003,-166,0,3
2392.055,9697569,3,1,64.9,0,0,2169,2003,-166,0,3
2392.155,9697669,3,1,64.9,0,0,2169,2003,-166,0,3
2392.254,9697769,3,1,64.9,0,0,2169,2003,-166,0,3
2392.353,9697869,3,1,64.9,0,0,2169,2003,-166,0,3
2392.455,9697969,3,1,64.9,0,0,2169,2003,-166,0,3
2392.555,9698069,3,1,64.9,0,0,2169,2003,-166,0,3
2392.654,9698169,3,1,64.9,0,0,2169,2003,-166,0,3
2392.754,9698269,3,1,64.9,0,0,2169,2003,-166,0,3
2392.854,9698369,3,1,64.9,0,0,2169,2003,-166,0,3
2392.954,9698469,3,1,64.9,0,0,2169,2003,-166,0,3
2393.054,9698569,3,1,64.9,0,0,2169,2003,-166,0,3
2393.156,9698669,3,1,64.9,0,0,2169,2003,-166,0,3
2393.255,9698769,3,1,64.9,0,0,2169,2003,-166,0,3
2393.354,9698869,3,1,64.9,0,0,2169,2003,-166,0,3
2393.455,9698969,3,1,64.9,0,0,2169,2003,-166,0,3
2393.554,9699069,3,1,64.9,0,0,2169,2003,-166,0,3
2393.666,9699181,3,1,64.9,0,0,2169,2003,-166,0,3
2393.755,9699269,3,1,64.9,0,0,2169,2003,-166,0,3
2393.854,9699369,3,1,64.9,0,0,2169,2003,-166,0,3
2393.954,9699469,3,1,64.9,0,0,2169,2003,-166,0,3
2394.054,9699569,3,1,64.9,0,0,2169,2003,-166,0,3
2394.154,9699669,3,1,64.9,0,0,2169,2003,-166,0,3
2394.254,9699769,3,1,64.9,0,0,2169,2003,-166,0,3
2394.354,9699869,3,1,64.9,0,0,2169,2003,-166,0,3
2394.454,9699969,3,1,64.9,0,0,2169,2003,-166,0,3
2394.554,9700069,3,1,64.9,0,0,2169,2003,-166,0,3
2394.654,9700169,3,1,64.9,0,0,2169,2003,-166,0,3
2394.754,9700269,3,1,64.9,0,0,2169,2003,-166,0,3
2394.857,9700369,3,1,64.9,0,0,2169,2003,-166,0,3
2394.954,9700469,3,1,64.9,0,0,2169,2003,-166,0,3
2395.056,9700569,3,1,64.9,0,0,2169,2003,-166,0,3
2395.154,9700669,3,1,64.9,0,0,2169,2003,-166,0,3
2395.254,9700769,3,1,64.9,0,0,2169,2003,-166,0,3
2395.354,9700869,3,1,64.9,0,0,2169,2003,-166,0,3
2395.454,9700969,3,1,64.9,0,0,2169,2003,-166,0,3
2395.555,9701069,3,1,64.9,0,0,2169,2003,-166,0,3
2395.666,9701181,3,1,64.9,0,0,2169,2003,-166,0,3
2395.755,9701269,3,1,64.9,0,0,2169,2003,-166,0,3
2395.854,9701369,3,1,64.9,0,0,2169,2003,-166,0,3
2395.954,9701469,3,1,64.9,0,0,2169,2003,-166,0,3
2396.055,9701569,3,1,64.9,0,0,2169,2003,-166,0,3
2396.154,9701669,3,1,64.9,0,0,2169,2003,-166,0,3
2396.254,9701769,3,1,64.9,0,0,2169,2003,-166,0,3
2396.354,9701869,3,1,64.9,0,0,2169,2003,-166,0,3
2396.454,9701969,3,1,64.9,0,0,2169,2003,-166,0,3
2396.554,9702069,3,1,64.9,0,0,2169,2003,-166,0,3
2396.656,9702169,3,1,64.9,0,0,2169,2003,-166,0,3
2396.756,9702269,3,1,64.9,0,0,2169,2003,-166,0,3
2396.861,9702369,3,1,64.9,0,0,2169,2003,-166,0,3
2396.954,9702469,3,1,64.9,0,0,2169,2003,-166,0,3
2397.054,9702569,3,1,64.9,0,0,2170,2003,-167,0,3
2397.156,9702669,3,1,65.1,0,0,2176,2003,-173,0,3
2397.254,9702769,3,1,65.7,0,0,2196,2003,-193,0,3
2397.354,9702869,3,1,66.6,0,0,2226,2003,-223,0,3
2397.453,9702969,3,1,67.7,0,0,2261,2003,-258,0,3
2397.554,9703069,3,1,68.8,0,0,2299,2003,-296,0,3
2397.666,9703181,3,1,69.9,0,0,2336,2003,-333,0,3
2397.755,9703269,3,1,70.9,0,0,2369,2003,-366,0,3
2397.855,9703369,3,1,71.7,0,0,2396,2003,-393,0,3
2397.956,9703469,3,1,72.3,0,0,2416,2003,-413,0,3
2398.054,9703569,3,1,72.7,0,0,2428,2003,-425,0,3
2398.154,9703669,3,1,72.8,0,0,2434,2003,-431,0,3
2398.255,9703769,3,1,72.9,0,0,2436,2003,-433,0,3
2398.353,9703869,3,1,72.9,0,0,2436,2003,-433,0,3
2398.454,9703969,3,1,72.9,0,0,2436,2003,-433,0,3
2398.554,9704069,3,1,72.9,0,0,2436,2003,-433,0,3
2398.655,9704169,3,1,72.9,0,0,2436,2003,-433,0,3
2398.754,9704269,3,1,72.9,0,0,2436,2003,-433,0,3
2398.854,9704369,3,1,72.9,0,0,2436,2003,-433,0,3
2398.954,9704469,3,1,72.9,0,0,2437,2003,-434,0,3
2399.054,9704569,3,1,72.9,0,0,2437,2003,-434,0,3
2399.154,9704669,3,1,72.9,0,0,2437,2003,-434,0,3
2399.256,9704769,3,1,72.9,0,0,2437,2003,-434,0,3
2399.353,9704869,3,1,72.9,0,0,2437,2003,-434,0,3
2399.453,9704969,3,1,72.9,0,0,2437,2003,-434,0,3
2399.555,9705069,3,1,72.9,0,0,2437,2003,-434,0,3
2399.666,9705181,3,1,72.9,0,0,2437,2003,-434,0,3
2399.755,9705269,3,1,72.9,0,0,2437,2003,-434,0,3
2399.855,9705369,3,1,72.9,0,0,2437,2003,-434,0,3
2399.956,9705469,3,1,72.9,0,0,2437,2003,-434,0,3
2400.054,9705569,3,1,72.9,0,0,2437,2003,-434,0,3
2400.154,9705669,3,1,72.9,0,0,2437,2003,-434,0,3
2400.255,9705769,3,1,72.9,0,0,2437,2003,-434,0,3
2400.354,9705869,3,1,72.9,0,0,2437,2003,-434,0,3
2400.453,9705969,3,1,72.9,0,0,2437,2003,-434,0,3
2400.555,9706069,3,1,72.9,0,0,2437,2003,-434,0,3
2400.654,9706169,3,1,72.9,0,0,2437,2003,-434,0,3
2400.754,9706269,3,1,72.9,0,0,2437,2003,-434,0,3
2400.853,9706369,3,1,72.9,0,0,2437,2003,-434,0,3
2400.956,9706469,3,1,72.9,0,0,2437,2003,-434,0,3
2401.054,9706569,3,1,72.9,0,0,2437,2003,-434,0,3
2401.155,9706669,3,1,72.9,0,0,2437,2003,-434,0,3
2401.255,9706769,3,1,72.9,0,0,2437,2003,-434,0,3
2401.353,9706869,3,1,72.9,0,0,2437,2003,-434,0,3
2401.453,9706969,3,1,72.9,0,0,2437,2003,-434,0,3
2401.554,9707069,3,1,72.9,0,0,2437,2003,-434,0,3
2401.666,9707181,3,1,72.9,0,0,2437,2003,-434,0,3
2401.754,9707269,3,1,72.9,0,0,2437,2003,-434,0,3
2401.854,9707369,3,1,72.9,0,0,2437,2003,-434,0,3
2401.955,9707469,3,1,72.9,0,0,2437,2003,-434,0,3
2402.054,9707569,3,1,72.9,0,0,2437,2003,-434,0,3
2402.154,9707669,3,1,72.9,0,0,2437,2003,-434,0,3
2402.254,9707769,3,1,72.9,0,0,2437,2003,-434,0,3
2402.353,9707869,3,1,72.9,0,0,2437,2003,-434,0,3
2402.453,9707969,3,1,72.9,0,0,2437,2003,-434,0,3
2402.553,9708069,3,1,72.9,0,0,2437,2003,-434,0,3
2402.654,9708169,3,1,72.9,0,0,2437,2003,-434,0,3
2402.754,9708269,3,1,72.9,0,0,2437,2003,-434,0,3
2402.861,9708369,3,1,72.9,0,0,2437,2003,-434,0,3
2402.954,9708469,3,1,72.9,0,0,2437,2003,-434,0,3
2403.054,9708569,3,1,72.9,0,0,2437,2003,-434,0,3
2403.155,9708669,3,1,72.9,0,0,2437,2003,-434,0,3
2403.255,9708769,3,1,72.9,0,0,2437,2003,-434,0,3
2403.354,9708869,3,1,72.9,0,0,2437,2003,-434,0,3
2403.453,9708969,3,1,72.9,0,0,2437,2003,-434,0,3
2403.553,9709069,3,1,72.9,0,0,2437,2003,-434,0,3
2403.667,9709181,3,1,72.9,0,0,2437,2003,-434,0,3
2403.754,9709269,3,1,72.9,0,0,2437,2003,-434,0,3
2403.853,9709369,3,1,72.9,0,0,2437,2003,-434,0,3
2403.954,9709469,3,1,72.9,0,0,2437,2003,-434,0,3
2404.055,9709569,3,1,72.9,0,0,2437,2003,-434,0,3
2404.154,9709669,3,1,72.9,0,0,2437,2003,-434,0,3
2404.255,9709769,3,1,72.9,0,0,2437,2003,-434,0,3
2404.353,9709869,3,1,72.9,0,0,2437,2003,-434,0,3
2404.454,9709969,3,1,72.9,0,0,2437,2003,-434,0,3
2404.556,9710069,3,1,72.9,0,0,2437,2003,-434,0,3
2404.654,9710169,3,1,72.9,0,0,2437,2003,-434,0,3
2404.754,9710269,3,1,72.9,0,0,2437,2003,-434,0,3
2404.853,9710369,3,1,72.9,0,0,2437,2003,-434,0,3
2404.953,9710469,3,1,72.9,0,0,2437,2003,-434,0,3
2405.056,9710569,3,1,72.9,0,0,2437,2003,-434,0,3
2405.155,9710669,3,1,72.9,0,0,2437,2003,-434,0,3
2405.255,9710769,3,1,72.9,0,0,2437,2003,-434,0,3
2405.353,9710869,3,1,72.9,0,0,2437,2003,-434,0,3
2405.453,9710969,3,1,72.9,0,0,2437,2003,-434,0,3
2405.553,9711069,3,1,72.9,0,0,2437,2003,-434,0,3
2405.665,9711181,3,1,72.9,0,0,2437,2003,-434,0,3
2405.753,9711269,3,1,72.9,0,0,2437,2003,-434,0,3
2405.853,9711369,3,1,72.9,0,0,2437,2003,-434,0,3
2405.954,9711469,3,1,72.9,0,0,2437,2003,-434,0,3
2406.053,9711569,3,1,72.9,0,0,2437,2003,-434,0,3
2406.154,9711669,3,1,72.9,0,0,2437,2003,-434,0,3
2406.255,9711769,3,1,72.9,0,0,2437,2003,-434,0,3
2406.354,9711869,3,1,72.9,0,0,2437,2003,-434,0,3
2406.453,9711969,3,1,72.9,0,0,2437,2003,-434,0,3
2406.555,9712069,3,1,72.9,0,0,2437,2003,-434,0,3
2406.654,9712169,3,1,72.9,0,0,2437,2003,-434,0,3
2406.765,9712269,3,1,72.9,0,0,2437,2003,-434,0,3
2406.861,9712369,3,1,72.9,0,0,2437,2003,-434,0,3
2406.954,9712469,3,1,72.9,0,0,2437,2003,-434,0,3
2407.055,9712569,3,1,72.9,0,0,2437,2003,-434,0,3
2407.155,9712669,3,1,72.9,0,0,2437,2003,-434,0,3
2407.253,9712769,3,1,72.9,0,0,2437,2003,-434,0,3
2407.353,9712869,3,1,72.9,0,0,2437,2003,-434,0,3
2407.453,9712969,3,1,72.9,0,0,2437,2003,-434,0,3
2407.553,9713069,3,1,72.9,0,0,2437,2003,-434,0,3
2407.665,9713181,3,1,72.9,0,0,2437,2003,-434,0,3
2407.754,9713269,3,1,72.9,0,0,2437,2003,-434,0,3
2407.853,9713369,3,1,72.9,0,0,2437,2003,-434,0,3
2407.954,9713469,3,1,72.9,0,0,2437,2003,-434,0,3
2408.054,9713569,3,1,72.9,0,0,2437,2003,-434,0,3
2408.153,9713669,3,1,72.9,0,0,2437,2003,-434,0,3
2408.254,9713769,3,1,72.9,0,0,2437,2003,-434,0,3
2408.353,9713869,3,1,72.9,0,0,2437,2003,-434,0,3
2408.453,9713969,3,1,72.9,0,0,2437,2003,-434,0,3
2408.553,9714069,3,1,72.9,0,0,2437,2003,-434,0,3
2408.654,9714169,3,1,72.9,0,0,2437,2003,-434,0,3
2408.753,9714269,3,1,72.9,0,0,2437,2003,-434,0,3
2408.853,9714369,3,1,72.9,0,0,2437,2003,-434,0,3
2408.953,9714469,3,1,72.9,0,0,2437,2003,-434,0,3
2409.053,9714569,3,1,72.9,0,0,2437,2003,-434,0,3
2409.154,9714669,3,1,72.9,0,0,2437,2003,-434,0,3
2409.254,9714769,3,1,72.9,0,0,2437,2003,-434,0,3
2409.353,9714869,3,1,72.9,0,0,2437,2003,-434,0,3
2409.453,9714969,3,1,72.8,0,0,2433,2003,-430,0,3
2409.554,9715069,3,1,72.7,0,0,2430,2003,-427,0,3
2409.665,9715181,3,1,72.8,0,0,2431,2003,-428,0,3
2409.754,9715269,3,1,72.8,0,0,2431,2003,-428,0,3
2409.855,9715369,3,1,72.8,0,0,2431,2003,-428,0,3
2409.956,9715469,3,1,72.8,0,0,2431,2003,-428,0,3
2410.054,9715569,3,1,72.8,0,0,2431,2003,-428,0,3
2410.154,9715669,3,1,72.8,0,0,2431,2003,-428,0,3
2410.254,9715769,3,1,72.8,0,0,2431,2003,-428,0,3
2410.353,9715869,3,1,72.8,0,0,2431,2003,-428,0,3
2410.453,9715969,3,1,72.8,0,0,2431,2003,-428,0,3
2410.553,9716069,3,1,72.8,0,0,2431,2003,-428,0,3
2410.654,9716169,3,1,72.8,0,0,2431,2003,-428,0,3
2410.754,9716269,3,1,72.8,0,0,2431,2003,-428,0,3
2410.856,9716369,3,1,72.8,0,0,2431,2003,-428,0,3
2410.955,9716469,3,1,72.8,0,0,2431,2003,-428,0,3
2411.053,9716569,3,1,72.8,0,0,2431,2003,-428,0,3
2411.154,9716669,3,1,72.8,0,0,2431,2003,-428,0,3
2411.253,9716769,3,1,72.8,0,0,2431,2003,-428,0,3
2411.353,9716869,3,1,72.8,0,0,2431,2003,-428,0,3
2411.453,9716969,3,1,72.8,0,0,2431,2003,-428,0,3
2411.553,9717069,3,1,72.8,0,0,2431,2003,-428,0,3
2411.665,9717181,3,1,72.8,0,0,2431,2003,-428,0,3
2411.753,9717269,3,1,72.8,0,0,2431,2003,-428,0,3
2411.856,9717369,3,1,72.8,0,0,2431,2003,-428,0,3
2411.954,9717469,3,1,72.8,0,0,2431,2003,-428,0,3
2412.055,9717569,3,1,72.8,0,0,2431,2003,-428,0,3
2412.153,9717669,3,1,72.8,0,0,2431,2003,-428,0,3
2412.253,9717769,3,1,72.8,0,0,2431,2003,-428,0,3
2412.353,9717869,3,1,72.8,0,0,2431,2003,-428,0,3
2412.453,9717969,3,1,72.8,0,0,2431,2003,-428,0,3
2412.553,9718069,3,1,72.8,0,0,2431,2003,-428,0,3
2412.653,9718169,3,1,72.8,0,0,2431,2003,-428,0,3
2412.753,9718269,3,1,72.8,0,0,2431,2003,-428,0,3
2412.853,9718369,3,1,72.8,0,0,2431,2003,-428,0,3
2412.956,9718469,3,1,72.8,0,0,2431,2003,-428,0,3
2413.053,9718569,3,1,72.8,0,0,2431,2003,-428,0,3
2413.153,9718669,3,1,72.8,0,0,2431,2003,-428,0,3
2413.254,9718769,3,1,72.8,0,0,2431,2003,-428,0,3
2413.355,9718869,3,1,72.8,0,0,2431,2003,-428,0,3
2413.452,9718969,3,1,72.8,0,0,2431,2003,-428,0,3
2413.553,9719069,3,1,72.8,0,0,2431,2003,-428,0,3
2413.665,9719181,3,1,72.8,0,0,2431,2003,-428,0,3
2413.753,9719269,3,1,72.8,0,0,2431,2003,-428,0,3
2413.852,9719369,3,1,72.8,0,0,2431,2003,-428,0,3
2413.953,9719469,3,1,72.8,0,0,2431,2003,-428,0,3
2414.054,9719569,3,1,72.8,0,0,2431,2003,-428,0,3
2414.153,9719669,3,1,72.8,0,0,2431,2003,-428,0,3
2414.253,9719769,3,1,72.8,0,0,2431,2003,-428,0,3
2414.353,9719869,3,1,72.8,0,0,2431,2003,-428,0,3
2414.453,9719969,3,1,72.8,0,0,2431,2003,-428,0,3
2414.553,9720069,3,1,72.8,0,0,2431,2003,-428,0,3
2414.653,9720169,3,1,72.8,0,0,2431,2003,-428,0,3
2414.752,9720269,3,1,72.8,0,0,2431,2003,-428,0,3
2414.853,9720369,3,1,72.8,0,0,2431,2003,-428,0,3
2414.953,9720469,3,1,72.8,0,0,2431,2003,-428,0,3
2415.053,9720569,3,1,72.8,0,0,2431,2003,-428,0,3
2415.153,9720669,3,1,72.8,0,0,2431,2003,-428,0,3
2415.254,9720769,3,1,72.8,0,0,2431,2003,-428,0,3
2415.353,9720869,3,1,72.8,0,0,2431,2003,-428,0,3
2415.453,9720969,3,1,72.8,0,0,2431,2003,-428,0,3
2415.553,9721069,3,1,72.8,0,0,2431,2003,-428,0,3
2415.665,9721181,3,1,72.8,0,0,2431,2003,-428,0,3
2415.753,9721269,3,1,72.8,0,0,2431,2003,-428,0,3
2415.853,9721369,3,1,72.8,0,0,2431,2003,-428,0,3
2415.953,9721469,3,1,72.8,0,0,2431,2003,-428,0,3
2416.053,9721569,3,1,72.8,0,0,2431,2003,-428,0,3
2416.156,9721669,3,1,72.8,0,0,2431,2003,-428,0,3
2416.252,9721769,3,1,72.8,0,0,2431,2003,-428,0,3
2416.353,9721869,3,1,72.8,0,0,2431,2003,-428,0,3
2416.453,9721969,3,1,72.8,0,0,2431,2003,-428,0,3
2416.552,9722069,3,1,72.8,0,0,2431,2003,-428,0,3
2416.653,9722169,3,1,72.8,0,0,2431,2003,-428,0,3
2416.753,9722269,3,1,72.8,0,0,2431,2003,-428,0,3
2416.852,9722369,3,1,72.8,0,0,2431,2003,-428,0,3
2416.952,9722469,3,1,72.8,0,0,2431,2003,-428,0,3
2417.056,9722569,3,1,72.8,0,0,2431,2003,-428,0,3
2417.153,9722669,3,1,72.8,0,0,2431,2003,-428,0,3
2417.253,9722769,3,1,72.8,0,0,2431,2003,-428,0,3
2417.353,9722869,3,1,72.8,0,0,2431,2003,-428,0,3
2417.452,9722969,3,1,72.8,0,0,2431,2003,-428,0,3
2417.552,9723069,3,1,72.8,0,0,2431,2003,-428,0,3
2417.665,9723181,3,1,72.8,0,0,2431,2003,-428,0,3
2417.752,9723269,3,1,72.8,0,0,2431,2003,-428,0,3
2417.852,9723369,3,1,72.8,0,0,2431,2003,-428,0,3
2417.953,9723469,3,1,72.8,0,0,2431,2003,-428,0,3
2418.053,9723569,3,1,72.8,0,0,2431,2003,-428,0,3
2418.153,9723669,3,1,72.8,0,0,2431,2003,-428,0,3
2418.253,9723769,3,1,72.8,0,0,2431,2003,-428,0,3
2418.352,9723869,3,1,72.8,0,0,2431,2003,-428,0,3
2418.453,9723969,3,1,72.8,0,0,2431,2003,-428,0,3
2418.553,9724069,3,1,72.8,0,0,2431,2003,-428,0,3
2418.653,9724169,3,1,72.8,0,0,2431,2003,-428,0,3
2418.753,9724269,3,1,72.8,0,0,2431,2003,-428,0,3
2418.852,9724369,3,1,72.8,0,0,2431,2003,-428,0,3
2418.953,9724469,3,1,72.8,0,0,2431,2003,-428,0,3
2419.053,9724569,3,1,72.8,0,0,2431,2003,-428,0,3
2419.153,9724669,3,1,72.8,0,0,2431,2003,-428,0,3
2419.253,9724769,3,1,72.8,0,0,2431,2003,-428,0,3
2419.353,9724869,3,1,72.8,0,0,2431,2003,-428,0,3
2419.452,9724969,3,1,72.8,0,0,2431,2003,-428,0,3
2419.553,9725069,3,1,72.8,0,0,2431,2003,-428,0,3
2419.665,9725181,3,1,72.8,0,0,2431,2003,-428,0,3
2419.753,9725269,3,1,72.8,0,0,2431,2003,-428,0,3
2419.852,9725369,3,1,72.8,0,0,2431,2003,-428,0,3
2419.953,9725469,3,1,72.8,0,0,2431,2003,-428,0,3
2420.052,9725569,3,1,72.8,0,0,2431,2003,-428,0,3
2420.153,9725669,3,1,72.8,0,0,2431,2003,-428,0,3
2420.253,9725769,3,1,72.8,0,0,2431,2003,-428,0,3
2420.353,9725869,3,1,72.8,0,0,2431,2003,-428,0,3
2420.453,9725969,3,1,72.8,0,0,2431,2003,-428,0,3
2420.552,9726069,3,1,72.8,0,0,2431,2003,-428,0,3
2420.652,9726169,3,1,72.8,0,0,2431,2003,-428,0,3
2420.752,9726269,3,1,72.8,0,0,2431,2003,-428,0,3
2420.853,9726369,3,1,72.8,0,0,2431,2003,-428,0,3
2420.952,9726469,3,1,72.8,0,0,2431,2003,-428,0,3
2421.053,9726569,3,1,72.8,0,0,2431,2003,-428,0,3
2421.152,9726669,3,1,72.8,0,0,2431,2003,-428,0,3
2421.252,9726769,3,1,72.8,0,0,2431,2003,-428,0,3
2421.352,9726869,3,1,72.8,0,0,2431,2003,-428,0,3
2421.452,9726969,3,1,72.8,0,0,2431,2003,-428,0,3
2421.552,9727069,3,1,72.8,0,0,2431,2003,-428,0,3
2421.665,9727181,3,1,72.8,0,0,2431,2003,-428,0,3
2421.752,9727269,3,1,72.8,0,0,2431,2003,-428,0,3
2421.852,9727369,3,1,72.8,0,0,2431,2003,-428,0,3
2421.952,9727469,3,1,72.8,0,0,2431,2003,-428,0,3
2422.052,9727569,3,1,72.8,0,0,2431,2003,-428,0,3
2422.153,9727669,3,1,72.8,0,0,2431,2003,-428,0,3
2422.253,9727769,3,1,72.8,0,0,2431,2003,-428,0,3
2422.352,9727869,3,1,72.8,0,0,2431,2003,-428,0,3
2422.452,9727969,3,1,72.8,0,0,2431,2003,-428,0,3
2422.552,9728069,3,1,72.8,0,0,2431,2003,-428,0,3
2422.653,9728169,3,1,72.8,0,0,2431,2003,-428,0,3
2422.753,9728269,3,1,72.8,0,0,2431,2003,-428,0,3
2422.852,9728369,3,1,72.8,0,0,2431,2003,-428,0,3
2422.952,9728469,3,1,72.8,0,0,2431,2003,-428,0,3
2423.053,9728569,3,1,72.8,0,0,2431,2003,-428,0,3
2423.153,9728669,3,1,72.8,0,0,2431,2003,-428,0,3
2423.252,9728769,3,1,72.8,0,0,2431,2003,-428,0,3
2423.352,9728869,3,1,72.8,0,0,2431,2003,-428,0,3
2423.452,9728969,3,1,72.8,0,0,2431,2003,-428,0,3
2423.552,9729069,3,1,72.8,0,0,2431,2003,-428,0,3
2423.664,9729181,3,1,72.8,0,0,2431,2003,-428,0,3
2423.753,9729269,3,1,72.8,0,0,2431,2003,-428,0,3
2423.853,9729369,3,1,72.8,0,0,2431,2003,-428,0,3
2423.953,9729469,3,1,72.8,0,0,2431,2003,-428,0,3
2424.052,9729569,3,1,72.8,0,0,2431,2003,-428,0,3
2424.152,9729669,3,1,72.8,0,0,2431,2003,-428,0,3
2424.252,9729769,3,1,72.8,0,0,2431,2003,-428,0,3
2424.356,9729869,3,1,72.8,0,0,2431,2003,-428,0,3
2424.452,9729969,3,1,72.8,0,0,2431,2003,-428,0,3
2424.552,9730069,3,1,72.8,0,0,2431,2003,-428,0,3
2424.652,9730169,3,1,72.8,0,0,2431,2003,-428,0,3
2424.752,9730269,3,1,72.8,0,0,2431,2003,-428,0,3
2424.852,9730369,3,1,72.8,0,0,2431,2003,-428,0,3
2424.952,9730469,3,1,72.8,0,0,2431,2003,-428,0,3
2425.052,9730569,3,1,72.8,0,0,2431,2003,-428,0,3
2425.152,9730669,3,1,72.8,0,0,2431,2003,-428,0,3
2425.253,9730769,3,1,72.8,0,0,2431,2003,-428,0,3
2425.352,9730869,3,1,72.8,0,0,2431,2003,-428,0,3
2425.452,9730969,3,1,72.8,0,0,2431,2003,-428,0,3
2425.552,9731069,3,1,72.8,0,0,2431,2003,-428,0,3
2425.664,9731181,3,1,72.8,0,0,2431,2003,-428,0,3
2425.752,9731269,3,1,72.8,0,0,2431,2003,-428,0,3
2425.852,9731369,3,1,72.8,0,0,2431,2003,-428,0,3
2425.952,9731469,3,1,72.8,0,0,2431,2003,-428,0,3
2426.052,9731569,3,1,72.8,0,0,2431,2003,-428,0,3
2426.153,9731669,3,1,72.8,0,0,2431,2003,-428,0,3
2426.252,9731769,3,1,72.8,0,0,2431,2003,-428,0,3
2426.352,9731869,3,1,72.8,0,0,2431,2003,-428,0,3
2426.452,9731969,3,1,72.8,0,0,2431,2003,-428,0,3
2426.552,9732069,3,1,72.8,0,0,2431,2003,-428,0,3
2426.652,9732169,3,1,72.8,0,0,2431,2003,-428,0,3
2426.752,9732269,3,1,72.8,0,0,2431,2003,-428,0,3
2426.852,9732369,3,1,72.8,0,0,2431,2003,-428,0,3
2426.952,9732469,3,1,72.8,0,0,2431,2003,-428,0,3
2427.052,9732569,3,1,72.8,0,0,2431,2003,-428,0,3
2427.152,9732669,3,1,72.8,0,0,2431,2003,-428,0,3
2427.252,9732769,3,1,72.8,0,0,2431,2003,-428,0,3
2427.352,9732869,3,1,72.8,0,0,2431,2003,-428,0,3
2427.452,9732969,3,1,72.8,0,0,2431,2003,-428,0,3
2427.552,9733069,3,1,72.8,0,0,2431,2003,-428,0,3
2427.664,9733181,3,1,72.8,0,0,2431,2003,-428,0,3
2427.752,9733269,3,1,72.8,0,0,2431,2003,-428,0,3
2427.852,9733369,3,1,72.8,0,0,2431,2003,-428,0,3
2427.953,9733469,3,1,72.8,0,0,2431,2003,-428,0,3
2428.052,9733569,3,1,72.8,0,0,2431,2003,-428,0,3
2428.152,9733669,3,1,72.8,0,0,2431,2003,-428,0,3
2428.252,9733769,3,1,72.8,0,0,2431,2003,-428,0,3
2428.352,9733869,3,1,72.8,0,0,2431,2003,-428,0,3
2428.453,9733969,3,1,72.8,0,0,2431,2003,-428,0,3
2428.551,9734069,3,1,72.8,0,0,2431,2003,-428,0,3
2428.652,9734169,3,1,72.8,0,0,2431,2003,-428,0,3
2428.752,9734269,3,1,72.8,0,0,2431,2003,-428,0,3
2428.851,9734369,3,1,72.8,0,0,2431,2003,-428,0,3
2428.952,9734469,3,1,72.8,0,0,2431,2003,-428,0,3
2429.052,9734569,3,1,72.8,0,0,2431,2003,-428,0,3
2429.156,9734669,3,1,72.8,0,0,2431,2003,-428,0,3
2429.252,9734769,3,1,72.8,0,0,2431,2003,-428,0,3
2429.352,9734869,3,1,72.8,0,0,2431,2003,-428,0,3
2429.452,9734969,3,1,72.8,0,0,2431,2003,-428,0,3
2429.552,9735069,3,1,72.8,0,0,2431,2003,-428,0,3
2429.665,9735181,3,1,72.8,0,0,2431,2003,-428,0,3
2429.752,9735269,3,1,72.8,0,0,2431,2003,-428,0,3
2429.852,9735369,3,1,72.8,0,0,2431,2003,-428,0,3
2429.952,9735469,3,1,72.8,0,0,2431,2003,-428,0,3
2430.052,9735569,3,1,72.8,0,0,2431,2003,-428,0,3
2430.153,9735669,3,1,72.8,0,0,2431,2003,-428,0,3
2430.252,9735769,3,1,72.8,0,0,2431,2003,-428,0,3
2430.352,9735869,3,1,72.8,0,0,2431,2003,-428,0,3
2430.452,9735969,3,1,72.8,0,0,2431,2003,-428,0,3
2430.552,9736069,3,1,72.8,0,0,2431,2003,-428,0,3
2430.652,9736169,3,1,72.8,0,0,2431,2003,-428,0,3
2430.752,9736269,3,1,72.8,0,0,2431,2003,-428,0,3
2430.853,9736369,3,1,72.8,0,0,2431,2003,-428,0,3
2430.952,9736469,3,1,72.8,0,0,2431,2003,-428,0,3
2431.052,9736569,3,1,72.8,0,0,2431,2003,-428,0,3
2431.152,9736669,3,1,72.8,0,0,2431,2003,-428,0,3
2431.252,9736769,3,1,72.8,0,0,2431,2003,-428,0,3
2431.352,9736869,3,1,72.8,0,0,2431,2003,-428,0,3
2431.452,9736969,3,1,72.8,0,0,2431,2003,-428,0,3
2431.552,9737069,3,1,72.8,0,0,2431,2003,-428,0,3
2431.664,9737181,3,1,72.8,0,0,2431,2003,-428,0,3
2431.752,9737269,3,1,72.8,0,0,2431,2003,-428,0,3
2431.852,9737369,3,1,72.8,0,0,2431,2003,-428,0,3
2431.951,9737469,3,1,72.8,0,0,2431,2003,-428,0,3
2432.052,9737569,3,1,72.8,0,0,2431,2003,-428,0,3
2432.152,9737669,3,1,72.8,0,0,2431,2003,-428,0,3
2432.252,9737769,3,1,72.8,0,0,2431,2003,-428,0,3
2432.351,9737869,3,1,72.8,0,0,2431,2003,-428,0,3
2432.452,9737969,3,1,72.8,0,0,2431,2003,-428,0,3
2432.552,9738069,3,1,72.8,0,0,2431,2003,-428,0,3
2432.652,9738169,3,1,72.8,0,0,2431,2003,-428,0,3
2432.752,9738269,3,1,72.8,0,0,2431,2003,-428,0,3
2432.851,9738369,3,1,72.8,0,0,2431,2003,-428,0,3
2432.952,9738469,3,1,72.8,0,0,2431,2003,-428,0,3
2433.051,9738569,3,1,72.8,0,0,2431,2003,-428,0,3
2433.152,9738669,3,1,72.8,0,0,2431,2003,-428,0,3
2433.252,9738769,3,1,72.8,0,0,2431,2003,-428,0,3
2433.353,9738869,3,1,72.8,0,0,2431,2003,-428,0,3
2433.452,9738969,3,1,72.8,0,0,2431,2003,-428,0,3
2433.551,9739069,3,1,72.8,0,0,2431,2003,-428,0,3
2433.664,9739181,3,1,72.8,0,0,2431,2003,-428,0,3
2433.751,9739269,3,1,72.8,0,0,2431,2003,-428,0,3
2433.852,9739369,3,1,72.8,0,0,2431,2003,-428,0,3
2433.952,9739469,3,1,72.8,0,0,2431,2003,-428,0,3
2434.052,9739569,3,1,72.8,0,0,2431,2003,-428,0,3
2434.152,9739669,3,1,72.8,0,0,2431,2003,-428,0,3
2434.252,9739769,3,1,72.8,0,0,2431,2003,-428,0,3
2434.352,9739869,3,1,72.8,0,0,2431,2003,-428,0,3
2434.451,9739969,3,1,72.8,0,0,2431,2003,-428,0,3
2434.552,9740069,3,1,72.8,0,0,2431,2003,-428,0,3
2434.652,9740169,3,1,72.8,0,0,2431,2003,-428,0,3
2434.752,9740269,3,1,72.8,0,0,2431,2003,-428,0,3
2434.851,9740369,3,1,72.8,0,0,2431,2003,-428,0,3
2434.951,9740469,3,1,72.8,0,0,2431,2003,-428,0,3
2435.051,9740569,3,1,72.8,0,0,2431,2003,-428,0,3
2435.152,9740669,3,1,72.8,0,0,2431,2003,-428,0,3
2435.251,9740769,3,1,72.8,0,0,2431,2003,-428,0,3
2435.352,9740869,3,1,72.8,0,0,2431,2003,-428,0,3
2435.452,9740969,3,1,72.8,0,0,2431,2003,-428,0,3
2435.551,9741069,3,1,72.8,0,0,2431,2003,-428,0,3
2435.664,9741181,3,1,72.8,0,0,2431,2003,-428,0,3
2435.752,9741269,3,1,72.8,0,0,2431,2003,-428,0,3
2435.851,9741369,3,1,72.8,0,0,2431,2003,-428,0,3
2435.951,9741469,3,1,72.8,0,0,2431,2003,-428,0,3
2436.052,9741569,3,1,72.8,0,0,2431,2003,-428,0,3
2436.151,9741669,3,1,72.8,0,0,2431,2003,-428,0,3
2436.254,9741769,3,1,72.8,0,0,2431,2003,-428,0,3
2436.351,9741869,3,1,72.8,0,0,2431,2003,-428,0,3
2436.452,9741969,3,1,72.8,0,0,2431,2003,-428,0,3
2436.551,9742069,3,1,72.8,0,0,2431,2003,-428,0,3
2436.652,9742169,3,1,72.8,0,0,2431,2003,-428,0,3
2436.751,9742269,3,1,72.8,0,0,2431,2003,-428,0,3
2436.851,9742369,3,1,72.8,0,0,2431,2003,-428,0,3
2436.951,9742469,3,1,72.8,0,0,2431,2003,-428,0,3
2437.051,9742569,3,1,72.8,0,0,2431,2003,-428,0,3
2437.153,9742669,3,1,72.8,0,0,2431,2003,-428,0,3
2437.251,9742769,3,1,72.8,0,0,2431,2003,-428,0,3
2437.351,9742869,3,1,72.8,0,0,2431,2003,-428,0,3
2437.451,9742969,3,1,72.8,0,0,2431,2003,-428,0,3
2437.552,9743069,3,1,72.8,0,0,2431,2003,-428,0,3
2437.664,9743181,3,1,72.8,0,0,2431,2003,-428,0,3
2437.752,9743269,3,1,72.8,0,0,2431,2003,-428,0,3
2437.851,9743369,3,1,72.8,0,0,2431,2003,-428,0,3
2437.951,9743469,3,1,72.8,0,0,2431,2003,-428,0,3
2438.052,9743569,3,1,72.8,0,0,2431,2003,-428,0,3
2438.151,9743669,3,1,72.8,0,0,2431,2003,-428,0,3
2438.251,9743769,3,1,72.8,0,0,2431,2003,-428,0,3
2438.352,9743869,3,1,72.8,0,0,2431,2003,-428,0,3
2438.451,9743969,3,1,72.8,0,0,2431,2003,-428,0,3
2438.551,9744069,3,1,72.8,0,0,2431,2003,-428,0,3
2438.651,9744169,3,1,72.8,0,0,2431,2003,-428,0,3
2438.751,9744269,3,1,72.8,0,0,2431,2003,-428,0,3
2438.852,9744369,3,1,72.8,0,0,2431,2003,-428,0,3
2438.951,9744469,3,1,72.8,0,0,2431,2003,-428,0,3
2439.052,9744569,3,1,72.8,0,0,2431,2003,-428,0,3
2439.151,9744669,3,1,72.8,0,0,2431,2003,-428,0,3
2439.251,9744769,3,1,72.8,0,0,2431,2003,-428,0,3
2439.352,9744869,3,1,72.8,0,0,2431,2003,-428,0,3
2439.451,9744969,3,1,72.8,0,0,2431,2003,-428,0,3
2439.551,9745069,3,1,72.8,0,0,2431,2003,-428,0,3
2439.665,9745181,3,1,72.8,0,0,2431,2003,-428,0,3
2439.751,9745269,3,1,72.8,0,0,2431,2003,-428,0,3
2439.852,9745369,3,1,72.8,0,0,2431,2003,-428,0,3
2439.951,9745469,3,1,72.8,0,0,2431,2003,-428,0,3
2440.054,9745569,3,1,72.8,0,0,2431,2003,-428,0,3
2440.151,9745669,3,1,72.8,0,0,2431,2003,-428,0,3
2440.251,9745769,3,1,72.8,0,0,2431,2003,-428,0,3
2440.351,9745869,3,1,72.8,0,0,2431,2003,-428,0,3
2440.451,9745969,3,1,72.8,0,0,2431,2003,-428,0,3
2440.551,9746069,3,1,72.8,0,0,2431,2003,-428,0,3
2440.651,9746169,3,1,72.8,0,0,2431,2003,-428,0,3
2440.751,9746269,3,1,72.8,0,0,2431,2003,-428,0,3
2440.851,9746369,3,1,72.8,0,0,2431,2003,-428,0,3
2440.951,9746469,3,1,72.8,0,0,2431,2003,-428,0,3
2441.051,9746569,3,1,72.8,0,0,2431,2003,-428,0,3
2441.151,9746669,3,1,72.8,0,0,2431,2003,-428,0,3
2441.251,9746769,3,1,72.8,0,0,2431,2003,-428,0,3
2441.351,9746869,3,1,72.8,0,0,2431,2003,-428,0,3
2441.451,9746969,3,1,72.8,0,0,2431,2003,-428,0,3
2441.551,9747069,3,1,72.8,0,0,2431,2003,-428,0,3
2441.664,9747181,3,1,72.8,0,0,2431,2003,-428,0,3
2441.752,9747269,3,1,72.8,0,0,2431,2003,-428,0,3
2441.851,9747369,3,1,72.8,0,0,2431,2003,-428,0,3
2441.952,9747469,3,1,72.8,0,0,2431,2003,-428,0,3
2442.051,9747569,3,1,72.8,0,0,2431,2003,-428,0,3
2442.153,9747669,3,1,72.8,0,0,2431,2003,-428,0,3
2442.251,9747769,3,1,72.8,0,0,2431,2003,-428,0,3
2442.351,9747869,3,1,72.8,0,0,2431,2003,-428,0,3
2442.451,9747969,3,1,72.8,0,0,2431,2003,-428,0,3
2442.551,9748069,3,1,72.8,0,0,2431,2003,-428,0,3
2442.651,9748169,3,1,72.8,0,0,2431,2003,-428,0,3
2442.751,9748269,3,1,72.8,0,0,2431,2003,-428,0,3
2442.851,9748369,3,1,72.8,0,0,2431,2003,-428,0,3
2442.951,9748469,3,1,72.8,0,0,2431,2003,-428,0,3
2443.051,9748569,3,1,72.8,0,0,2431,2003,-428,0,3
2443.151,9748669,3,1,72.8,0,0,2431,2003,-428,0,3
2443.251,9748769,3,1,72.8,0,0,2431,2003,-428,0,3
2443.351,9748869,3,1,72.8,0,0,2431,2003,-428,0,3
2443.453,9748969,3,1,72.8,0,0,2431,2003,-428,0,3
2443.551,9749069,3,1,72.8,0,0,2431,2003,-428,0,3
2443.663,9749181,3,1,72.8,0,0,2431,2003,-428,0,3
2443.751,9749269,3,1,72.8,0,0,2431,2003,-428,0,3
2443.851,9749369,3,1,72.8,0,0,2431,2003,-428,0,3
2443.951,9749469,3,1,72.8,0,0,2431,2003,-428,0,3
2444.051,9749569,3,1,72.8,0,0,2431,2003,-428,0,3
2444.151,9749669,3,1,72.8,0,0,2431,2003,-428,0,3
2444.251,9749769,3,1,72.8,0,0,2431,2003,-428,0,3
2444.351,9749869,3,1,72.8,0,0,2431,2003,-428,0,3
2444.451,9749969,3,1,72.8,0,0,2431,2003,-428,0,3
2444.551,9750069,3,1,72.8,0,0,2431,2003,-428,0,3
2444.651,9750169,3,1,72.8,0,0,2431,2003,-428,0,3
2444.751,9750269,3,1,72.8,0,0,2431,2003,-428,0,3
2444.851,9750369,3,1,72.8,0,0,2431,2003,-428,0,3
2444.951,9750469,3,1,72.8,0,0,2431,2003,-428,0,3
2445.051,9750569,3,1,72.8,0,0,2431,2003,-428,0,3
2445.151,9750669,3,1,72.8,0,0,2431,2003,-428,0,3
2445.251,9750769,3,1,72.8,0,0,2431,2003,-428,0,3
2445.351,9750869,3,1,72.8,0,0,2431,2003,-428,0,3
2445.451,9750969,3,1,72.8,0,0,2431,2003,-428,0,3
2445.550,9751069,3,1,72.8,0,0,2431,2003,-428,0,3
2445.663,9751181,3,1,72.8,0,0,2431,2003,-428,0,3
2445.751,9751269,3,1,72.8,0,0,2431,2003,-428,0,3
2445.851,9751369,3,1,72.8,0,0,2431,2003,-428,0,3
2445.950,9751469,3,1,72.8,0,0,2431,2003,-428,0,3
2446.051,9751569,3,1,72.8,0,0,2431,2003,-428,0,3
2446.150,9751669,3,1,72.8,0,0,2431,2003,-428,0,3
2446.251,9751769,3,1,72.8,0,0,2431,2003,-428,0,3
2446.351,9751869,3,1,72.8,0,0,2431,2003,-428,0,3
2446.450,9751969,3,1,72.8,0,0,2431,2003,-428,0,3
2446.551,9752069,3,1,72.8,0,0,2431,2003,-428,0,3
2446.651,9752169,3,1,72.8,0,0,2431,2003,-428,0,3
2446.751,9752269,3,1,72.8,0,0,2431,2003,-428,0,3
2446.851,9752369,3,1,72.8,0,0,2431,2003,-428,0,3
2446.951,9752469,3,1,72.8,0,0,2431,2003,-428,0,3
2447.051,9752569,3,1,72.8,0,0,2431,2003,-428,0,3
2447.150,9752669,3,1,72.8,0,0,2431,2003,-428,0,3
2447.251,9752769,3,1,72.8,0,0,2431,2003,-428,0,3
2447.351,9752869,3,1,72.8,0,0,2431,2003,-428,0,3
2447.451,9752969,3,1,72.8,0,0,2431,2003,-428,0,3
2447.551,9753069,3,1,72.8,0,0,2431,2003,-428,0,3
2447.663,9753181,3,1,72.8,0,0,2431,2003,-428,0,3
2447.751,9753269,3,1,72.8,0,0,2431,2003,-428,0,3
2447.851,9753369,3,1,72.8,0,0,2431,2003,-428,0,3
2447.951,9753469,3,1,72.8,0,0,2431,2003,-428,0,3
2448.051,9753569,3,1,72.8,0,0,2431,2003,-428,0,3
2448.151,9753669,3,1,72.8,0,0,2431,2003,-428,0,3
2448.251,9753769,3,1,72.8,0,0,2431,2003,-428,0,3
2448.351,9753869,3,1,72.8,0,0,2431,2003,-428,0,3
2448.451,9753969,3,1,72.8,0,0,2431,2003,-428,0,3
2448.551,9754069,3,1,72.8,0,0,2431,2003,-428,0,3
2448.651,9754169,3,1,72.8,0,0,2431,2003,-428,0,3
2448.751,9754269,3,1,72.8,0,0,2431,2003,-428,0,3
2448.851,9754369,3,1,72.8,0,0,2431,2003,-428,0,3
2448.951,9754469,3,1,72.8,0,0,2431,2003,-428,0,3
2449.051,9754569,3,1,72.8,0,0,2431,2003,-428,0,3
2449.151,9754669,3,1,72.8,0,0,2431,2003,-428,0,3
2449.251,9754769,3,1,72.8,0,0,2431,2003,-428,0,3
2449.351,9754869,3,1,72.8,0,0,2431,2003,-428,0,3
2449.451,9754969,3,1,72.8,0,0,2431,2003,-428,0,3
2449.551,9755069,3,1,72.8,0,0,2431,2003,-428,0,3
2449.663,9755181,3,1,72.8,0,0,2431,2003,-428,0,3
2449.750,9755269,3,1,72.8,0,0,2431,2003,-428,0,3
2449.851,9755369,3,1,72.8,0,0,2431,2003,-428,0,3
2449.951,9755469,3,1,72.8,0,0,2431,2003,-428,0,3
2450.051,9755569,3,1,72.8,0,0,2431,2003,-428,0,3
2450.151,9755669,3,1,72.8,0,0,2431,2003,-428,0,3
2450.251,9755769,3,1,72.8,0,0,2431,2003,-428,0,3
2450.351,9755869,3,1,72.8,0,0,2431,2003,-428,0,3
2450.451,9755969,3,1,72.8,0,0,2431,2003,-428,0,3
2450.551,9756069,3,1,72.8,0,0,2431,2003,-428,0,3
2450.651,9756169,3,1,72.8,0,0,2431,2003,-428,0,3
2450.751,9756269,3,1,72.8,0,0,2431,2003,-428,0,3
2450.851,9756369,3,1,72.8,0,0,2431,2003,-428,0,3
2450.950,9756469,3,1,72.8,0,0,2431,2003,-428,0,3
2451.051,9756569,3,1,72.8,0,0,2431,2003,-428,0,3
2451.151,9756669,3,1,72.8,0,0,2431,2003,-428,0,3
2451.250,9756769,3,1,72.8,0,0,2431,2003,-428,0,3
2451.351,9756869,3,1,72.8,0,0,2431,2003,-428,0,3
2451.450,9756969,3,1,72.8,0,0,2431,2003,-428,0,3
2451.550,9757069,3,1,72.8,0,0,2431,2003,-428,0,3
2451.663,9757181,3,1,72.8,0,0,2431,2003,-428,0,3
2451.751,9757269,3,1,72.8,0,0,2431,2003,-428,0,3
2451.851,9757369,3,1,72.8,0,0,2431,2003,-428,0,3
2451.951,9757469,3,1,72.8,0,0,2431,2003,-428,0,3
2452.050,9757569,3,1,72.8,0,0,2431,2003,-428,0,3
2452.151,9757669,3,1,72.8,0,0,2431,2003,-428,0,3
2452.251,9757769,3,1,72.8,0,0,2431,2003,-428,0,3
2452.351,9757869,3,1,72.8,0,0,2431,2003,-428,0,3
2452.450,9757969,3,1,72.8,0,0,2431,2003,-428,0,3
2452.551,9758069,3,1,72.8,0,0,2431,2003,-428,0,3
2452.650,9758169,3,1,72.8,0,0,2431,2003,-428,0,3
2452.750,9758269,3,1,72.8,0,0,2431,2003,-428,0,3
2452.851,9758369,3,1,72.8,0,0,2431,2003,-428,0,3
2452.951,9758469,3,1,72.8,0,0,2431,2003,-428,0,3
2453.050,9758569,3,1,72.8,0,0,2431,2003,-428,0,3
2453.151,9758669,3,1,72.8,0,0,2431,2003,-428,0,3
2453.250,9758769,3,1,72.8,0,0,2431,2003,-428,0,3
2453.351,9758869,3,1,72.8,0,0,2431,2003,-428,0,3
2453.450,9758969,3,1,72.8,0,0,2431,2003,-428,0,3
2453.551,9759069,3,1,72.8,0,0,2431,2003,-428,0,3
2453.663,9759181,3,1,72.8,0,0,2431,2003,-428,0,3
2453.750,9759269,3,1,72.8,0,0,2431,2003,-428,0,3
2453.850,9759369,3,1,72.8,0,0,2431,2003,-428,0,3
2453.950,9759469,3,1,72.8,0,0,2431,2003,-428,0,3
2454.050,9759569,3,1,72.8,0,0,2431,2003,-428,0,3
2454.151,9759669,3,1,72.8,0,0,2431,2003,-428,0,3
2454.250,9759769,3,1,72.8,0,0,2431,2003,-428,0,3
2454.351,9759869,3,1,72.8,0,0,2431,2003,-428,0,3
2454.450,9759969,3,1,72.8,0,0,2431,2003,-428,0,3
2454.550,9760069,3,1,72.8,0,0,2431,2003,-428,0,3
2454.650,9760169,3,1,72.8,0,0,2431,2003,-428,0,3
2454.750,9760269,3,1,72.8,0,0,2431,2003,-428,0,3
2454.850,9760369,3,1,72.8,0,0,2431,2003,-428,0,3
2454.950,9760469,3,1,72.8,0,0,2431,2003,-428,0,3
2455.051,9760569,3,1,72.8,0,0,2431,2003,-428,0,3
2455.151,9760669,3,1,72.8,0,0,2431,2003,-428,0,3
2455.250,9760769,3,1,72.8,0,0,2431,2003,-428,0,3
2455.350,9760869,3,1,72.8,0,0,2431,2003,-428,0,3
2455.450,9760969,3,1,72.8,0,0,2431,2003,-428,0,3
2455.550,9761069,3,1,72.8,0,0,2431,2003,-428,0,3
2455.662,9761181,3,1,72.8,0,0,2431,2003,-428,0,3
2455.751,9761269,3,1,72.8,0,0,2431,2003,-428,0,3
2455.850,9761369,3,1,72.8,0,0,2431,2003,-428,0,3
2455.950,9761469,3,1,72.8,0,0,2431,2003,-428,0,3
2456.050,9761569,3,1,72.8,0,0,2431,2003,-428,0,3
2456.151,9761669,3,1,72.8,0,0,2431,2003,-428,0,3
2456.250,9761769,3,1,72.8,0,0,2431,2003,-428,0,3
2456.350,9761869,3,1,72.8,0,0,2431,2003,-428,0,3
2456.450,9761969,3,1,72.8,0,0,2431,2003,-428,0,3
2456.550,9762069,3,1,72.8,0,0,2431,2003,-428,0,3
2456.650,9762169,3,1,72.8,0,0,2431,2003,-428,0,3
2456.750,9762269,3,1,72.8,0,0,2431,2003,-428,0,3
2456.850,9762369,3,1,72.8,0,0,2431,2003,-428,0,3
2456.950,9762469,3,1,72.8,0,0,2431,2003,-428,0,3
2457.050,9762569,3,1,72.8,0,0,2431,2003,-428,0,3
2457.150,9762669,3,1,72.8,0,0,2431,2003,-428,0,3
2457.250,9762769,3,1,72.8,0,0,2431,2003,-428,0,3
2457.351,9762869,3,1,72.8,0,0,2431,2003,-428,0,3
2457.451,9762969,3,1,72.8,0,0,2431,2003,-428,0,3
2457.550,9763069,3,1,72.8,0,0,2431,2003,-428,0,3
2457.662,9763181,3,1,72.8,0,0,2431,2003,-428,0,3
2457.750,9763269,3,1,72.8,0,0,2431,2003,-428,0,3
2457.850,9763369,3,1,72.8,0,0,2431,2003,-428,0,3
2457.950,9763469,3,1,72.8,0,0,2431,2003,-428,0,3
2458.050,9763569,3,1,72.8,0,0,2431,2003,-428,0,3
2458.151,9763669,3,1,72.8,0,0,2431,2003,-428,0,3
2458.250,9763769,3,1,72.8,0,0,2431,2003,-428,0,3
2458.350,9763869,3,1,72.8,0,0,2431,2003,-428,0,3
2458.450,9763969,3,1,72.8,0,0,2431,2003,-428,0,3
2458.550,9764069,3,1,72.8,0,0,2431,2003,-428,0,3
2458.650,9764169,3,1,72.8,0,0,2431,2003,-428,0,3
2458.750,9764269,3,1,72.8,0,0,2431,2003,-428,0,3
2458.850,9764369,3,1,72.8,0,0,2431,2003,-428,0,3
2458.950,9764469,3,1,72.8,0,0,2431,2003,-428,0,3
2459.050,9764569,3,1,72.8,0,0,2431,2003,-428,0,3
2459.150,9764669,3,1,72.8,0,0,2431,2003,-428,0,3
2459.252,9764769,3,1,72.8,0,0,2431,2003,-428,0,3
2459.353,9764869,3,1,72.8,0,0,2431,2003,-428,0,3
2459.450,9764969,3,1,72.8,0,0,2431,2003,-428,0,3
2459.550,9765069,3,1,72.8,0,0,2431,2003,-428,0,3
2459.662,9765181,3,1,72.8,0,0,2431,2003,-428,0,3
2459.750,9765269,3,1,72.8,0,0,2431,2003,-428,0,3
2459.850,9765369,3,1,72.8,0,0,2431,2003,-428,0,3
2459.950,9765469,3,1,72.8,0,0,2431,2003,-428,0,3
2460.050,9765569,3,1,72.8,0,0,2431,2003,-428,0,3
2460.150,9765669,3,1,72.8,0,0,2431,2003,-428,0,3
2460.251,9765769,3,1,72.8,0,0,2431,2003,-428,0,3
2460.350,9765869,3,1,72.8,0,0,2431,2003,-428,0,3
2460.450,9765969,3,1,72.8,0,0,2431,2003,-428,0,3
2460.550,9766069,3,1,72.8,0,0,2431,2003,-428,0,3
2460.650,9766169,3,1,72.8,0,0,2431,2003,-428,0,3
2460.750,9766269,3,1,72.8,0,0,2431,2003,-428,0,3
2460.851,9766369,3,1,72.8,0,0,2431,2003,-428,0,3
2460.950,9766469,3,1,72.8,0,0,2431,2003,-428,0,3
2461.050,9766569,3,1,72.8,0,0,2431,2003,-428,0,3
2461.150,9766669,3,1,72.8,0,0,2431,2003,-428,0,3
2461.251,9766769,3,1,72.8,0,0,2431,2003,-428,0,3
2461.350,9766869,3,1,72.8,0,0,2431,2003,-428,0,3
2461.450,9766969,3,1,72.8,0,0,2431,2003,-428,0,3
2461.550,9767069,3,1,72.8,0,0,2431,2003,-428,0,3
2461.662,9767181,3,1,72.8,0,0,2431,2003,-428,0,3
2461.750,9767269,3,1,72.8,0,0,2431,2003,-428,0,3
2461.850,9767369,3,1,72.8,0,0,2431,2003,-428,0,3
2461.950,9767469,3,1,72.8,0,0,2431,2003,-428,0,3
2462.050,9767569,3,1,72.8,0,0,2431,2003,-428,0,3
2462.150,9767669,3,1,72.8,0,0,2431,2003,-428,0,3
2462.250,9767769,3,1,72.8,0,0,2431,2003,-428,0,3
2462.350,9767869,3,1,72.8,0,0,2431,2003,-428,0,3
2462.450,9767969,3,1,72.8,0,0,2431,2003,-428,0,3
2462.550,9768069,3,1,72.8,0,0,2431,2003,-428,0,3
2462.650,9768169,3,1,72.8,0,0,2431,2003,-428,0,3
2462.751,9768269,3,1,72.8,0,0,2431,2003,-428,0,3
2462.849,9768369,3,1,72.8,0,0,2431,2003,-428,0,3
2462.950,9768469,3,1,72.8,0,0,2431,2003,-428,0,3
2463.050,9768569,3,1,72.8,0,0,2431,2003,-428,0,3
2463.150,9768669,3,1,72.8,0,0,2431,2003,-428,0,3
2463.250,9768769,3,1,72.8,0,0,2431,2003,-428,0,3
2463.350,9768869,3,1,72.8,0,0,2431,2003,-428,0,3
2463.450,9768969,3,1,72.8,0,0,2431,2003,-428,0,3
2463.550,9769069,3,1,72.8,0,0,2431,2003,-428,0,3
2463.662,9769181,3,1,72.8,0,0,2431,2003,-428,0,3
2463.750,9769269,3,1,72.8,0,0,2431,2003,-428,0,3
2463.850,9769369,3,1,72.8,0,0,2431,2003,-428,0,3
2463.954,9769469,3,1,72.8,0,0,2431,2003,-428,0,3
2464.049,9769569,3,1,72.8,0,0,2431,2003,-428,0,3
2464.150,9769669,3,1,72.8,0,0,2431,2003,-428,0,3
2464.250,9769769,3,1,72.8,0,0,2431,2003,-428,0,3
2464.349,9769869,3,1,72.8,0,0,2431,2003,-428,0,3
2464.450,9769969,3,1,72.8,0,0,2431,2003,-428,0,3
2464.550,9770069,3,1,72.8,0,0,2431,2003,-428,0,3
2464.653,9770169,3,1,72.8,0,0,2431,2003,-428,0,3
2464.750,9770269,3,1,72.8,0,0,2431,2003,-428,0,3
2464.850,9770369,3,1,72.8,0,0,2431,2003,-428,0,3
2464.950,9770469,3,1,72.8,0,0,2431,2003,-428,0,3
2465.049,9770569,3,1,72.8,0,0,2431,2003,-428,0,3
2465.150,9770669,3,1,72.8,0,0,2431,2003,-428,0,3
2465.250,9770769,3,1,72.8,0,0,2431,2003,-428,0,3
2465.350,9770869,3,1,72.8,0,0,2431,2003,-428,0,3
2465.449,9770969,3,1,72.8,0,0,2431,2003,-428,0,3
2465.550,9771069,3,1,72.8,0,0,2431,2003,-428,0,3
2465.663,9771181,3,1,72.8,0,0,2431,2003,-428,0,3
2465.750,9771269,3,1,72.8,0,0,2431,2003,-428,0,3
2465.850,9771369,3,1,72.8,0,0,2431,2003,-428,0,3
2465.950,9771469,3,1,72.8,0,0,2431,2003,-428,0,3
2466.049,9771569,3,1,72.8,0,0,2431,2003,-428,0,3
2466.150,9771669,3,1,72.8,0,0,2431,2003,-428,0,3
2466.250,9771769,3,1,72.8,0,0,2431,2003,-428,0,3
2466.350,9771869,3,1,72.8,0,0,2431,2003,-428,0,3
2466.450,9771969,3,1,72.8,0,0,2431,2003,-428,0,3
2466.556,9772069,3,1,72.8,0,0,2431,2003,-428,0,3
2466.649,9772169,3,1,72.8,0,0,2431,2003,-428,0,3
2466.751,9772269,3,1,72.8,0,0,2431,2003,-428,0,3
2466.850,9772369,3,1,72.8,0,0,2431,2003,-428,0,3
2466.949,9772469,3,1,72.8,0,0,2431,2003,-428,0,3
2467.049,9772569,3,1,72.8,0,0,2431,2003,-428,0,3
2467.150,9772669,3,1,72.8,0,0,2431,2003,-428,0,3
2467.250,9772769,3,1,72.8,0,0,2431,2003,-428,0,3
2467.350,9772869,3,1,72.8,0,0,2431,2003,-428,0,3
2467.449,9772969,3,1,72.8,0,0,2431,2003,-428,0,3
2467.550,9773069,3,1,72.8,0,0,2431,2003,-428,0,3
2467.662,9773181,3,1,72.8,0,0,2431,2003,-428,0,3
2467.750,9773269,3,1,72.8,0,0,2431,2003,-428,0,3
2467.850,9773369,3,1,72.8,0,0,2431,2003,-428,0,3
2467.950,9773469,3,1,72.8,0,0,2431,2003,-428,0,3
2468.049,9773569,3,1,72.8,0,0,2431,2003,-428,0,3
2468.149,9773669,3,1,72.8,0,0,2431,2003,-428,0,3
2468.250,9773769,3,1,72.8,0,0,2431,2003,-428,0,3
2468.350,9773869,3,1,72.8,0,0,2431,2003,-428,0,3
2468.450,9773969,3,1,72.8,0,0,2431,2003,-428,0,3
2468.550,9774069,3,1,72.8,0,0,2431,2003,-428,0,3
2468.650,9774169,3,1,72.8,0,0,2431,2003,-428,0,3
2468.750,9774269,3,1,72.8,0,0,2431,2003,-428,0,3
2468.949,9774469,3,1,72.8,0,0,2431,2003,-428,0,3
2469.049,9774569,3,1,72.8,0,0,2431,2003,-428,0,3
2469.150,9774669,3,1,72.8,0,0,2431,2003,-428,0,3
2469.250,9774769,3,1,72.8,0,0,2431,2003,-428,0,3
2469.350,9774869,3,1,72.8,0,0,2431,2003,-428,0,3
2469.449,9774969,3,1,72.8,0,0,2431,2003,-428,0,3
2469.550,9775069,3,1,72.8,0,0,2431,2003,-428,0,3
2469.661,9775181,3,1,72.8,0,0,2431,2003,-428,0,3
2469.749,9775269,3,1,72.8,0,0,2431,2003,-428,0,3
2469.849,9775369,3,1,72.8,0,0,2431,2003,-428,0,3
2469.949,9775469,3,1,72.8,0,0,2431,2003,-428,0,3
2470.049,9775569,3,1,72.8,0,0,2431,2003,-428,0,3
2470.149,9775669,3,1,72.8,0,0,2431,2003,-428,0,3
2470.249,9775769,3,1,72.8,0,0,2431,2003,-428,0,3
2470.349,9775869,3,1,72.8,0,0,2431,2003,-428,0,3
2470.449,9775969,3,1,72.8,0,0,2431,2003,-428,0,3
2470.549,9776069,3,1,72.8,0,0,2431,2003,-428,0,3
2470.649,9776169,3,1,72.8,0,0,2431,2003,-428,0,3
2470.749,9776269,3,1,72.8,0,0,2431,2003,-428,0,3
2470.849,9776369,3,1,72.8,0,0,2431,2003,-428,0,3
2470.949,9776469,3,1,72.8,0,0,2431,2003,-428,0,3
2471.049,9776569,3,1,72.8,0,0,2431,2003,-428,0,3
2471.149,9776669,3,1,72.8,0,0,2431,2003,-428,0,3
2471.249,9776769,3,1,72.8,0,0,2431,2003,-428,0,3
2471.349,9776869,3,1,72.8,0,0,2431,2003,-428,0,3
2471.449,9776969,3,1,72.8,0,0,2431,2003,-428,0,3
2471.550,9777069,3,1,72.8,0,0,2431,2003,-428,0,3
2471.662,9777181,3,1,72.8,0,0,2431,2003,-428,0,3
2471.749,9777269,3,1,72.8,0,0,2431,2003,-428,0,3
2471.849,9777369,3,1,72.8,0,0,2431,2003,-428,0,3
2471.949,9777469,3,1,72.8,0,0,2431,2003,-428,0,3
2472.050,9777569,3,1,72.8,0,0,2431,2003,-428,0,3
2472.149,9777669,3,1,72.8,0,0,2431,2003,-428,0,3
2472.250,9777769,3,1,72.8,0,0,2431,2003,-428,0,3
2472.350,9777869,3,1,72.8,0,0,2431,2003,-428,0,3
2472.449,9777969,3,1,72.8,0,0,2431,2003,-428,0,3
2472.550,9778069,3,1,72.8,0,0,2431,2003,-428,0,3
2472.653,9778169,3,1,72.8,0,0,2431,2003,-428,0,3
2472.749,9778269,3,1,72.8,0,0,2431,2003,-428,0,3
2472.849,9778369,3,1,72.8,0,0,2431,2003,-428,0,3
2472.949,9778469,3,1,72.8,0,0,2431,2003,-428,0,3
2473.050,9778569,3,1,72.8,0,0,2431,2003,-428,0,3
2473.150,9778669,3,1,72.8,0,0,2431,2003,-428,0,3
2473.249,9778769,3,1,72.8,0,0,2431,2003,-428,0,3
2473.349,9778869,3,1,72.8,0,0,2431,2003,-428,0,3
2473.450,9778969,3,1,72.8,0,0,2431,2003,-428,0,3
2473.549,9779069,3,1,72.8,0,0,2431,2003,-428,0,3
2473.662,9779181,3,1,72.8,0,0,2431,2003,-428,0,3
2473.749,9779269,3,1,72.8,0,0,2431,2003,-428,0,3
2473.849,9779369,3,1,72.8,0,0,2431,2003,-428,0,3
2473.949,9779469,3,1,72.8,0,0,2431,2003,-428,0,3
2474.050,9779569,3,1,72.8,0,0,2431,2003,-428,0,3
2474.150,9779669,3,1,72.8,0,0,2431,2003,-428,0,3
2474.250,9779769,3,1,72.8,0,0,2431,2003,-428,0,3
2474.349,9779869,3,1,72.8,0,0,2431,2003,-428,0,3
2474.448,9779969,3,1,72.8,0,0,2431,2003,-428,0,3
2474.548,9780069,3,1,72.8,0,0,2431,2003,-428,0,3
2474.649,9780169,3,1,72.8,0,0,2431,2003,-428,0,3
2474.750,9780269,3,1,72.8,0,0,2431,2003,-428,0,3
2474.850,9780369,3,1,72.8,0,0,2431,2003,-428,0,3
2474.950,9780469,3,1,72.8,0,0,2431,2003,-428,0,3
2475.049,9780569,3,1,72.8,0,0,2431,2003,-428,0,3
2475.150,9780669,3,1,72.8,0,0,2431,2003,-428,0,3
2475.249,9780769,3,1,72.8,0,0,2431,2003,-428,0,3
2475.349,9780869,3,1,72.8,0,0,2431,2003,-428,0,3
2475.449,9780969,3,1,72.8,0,0,2431,2003,-428,0,3
2475.549,9781069,3,1,72.8,0,0,2431,2003,-428,0,3
2475.661,9781181,3,1,72.8,0,0,2431,2003,-428,0,3
2475.750,9781269,3,1,72.8,0,0,2431,2003,-428,0,3
2475.849,9781369,3,1,72.8,0,0,2431,2003,-428,0,3
2475.949,9781469,3,1,72.8,0,0,2431,2003,-428,0,3
2476.049,9781569,3,1,72.8,0,0,2431,2003,-428,0,3
2476.149,9781669,3,1,72.8,0,0,2431,2003,-428,0,3
2476.249,9781769,3,1,72.8,0,0,2431,2003,-428,0,3
2476.349,9781869,3,1,72.8,0,0,2431,2003,-428,0,3
2476.449,9781969,3,1,72.8,0,0,2431,2003,-428,0,3
2476.549,9782069,3,1,72.8,0,0,2431,2003,-428,0,3
2476.649,9782169,3,1,72.8,0,0,2431,2003,-428,0,3
2476.749,9782269,3,1,72.8,0,0,2431,2003,-428,0,3
2476.850,9782369,3,1,72.8,0,0,2431,2003,-428,0,3
2476.949,9782469,3,1,72.8,0,0,2431,2003,-428,0,3
2477.049,9782569,3,1,72.8,0,0,2431,2003,-428,0,3
2477.150,9782669,3,1,72.8,0,0,2431,2003,-428,0,3
2477.248,9782769,3,1,72.8,0,0,2431,2003,-428,0,3
2477.348,9782869,3,1,72.8,0,0,2431,2003,-428,0,3
2477.449,9782969,3,1,72.8,0,0,2431,2003,-428,0,3
2477.548,9783069,3,1,72.8,0,0,2431,2003,-428,0,3
2477.662,9783181,3,1,72.8,0,0,2431,2003,-428,0,3
2477.749,9783269,3,1,72.8,0,0,2431,2003,-428,0,3
2477.849,9783369,3,1,72.8,0,0,2431,2003,-428,0,3
2477.949,9783469,3,1,72.8,0,0,2431,2003,-428,0,3
2478.049,9783569,3,1,72.8,0,0,2431,2003,-428,0,3
2478.149,9783669,3,1,72.8,0,0,2431,2003,-428,0,3
2478.248,9783769,3,1,72.8,0,0,2431,2003,-428,0,3
2478.349,9783869,3,1,72.8,0,0,2431,2003,-428,0,3
2478.449,9783969,3,1,72.8,0,0,2431,2003,-428,0,3
2478.548,9784069,3,1,72.8,0,0,2431,2003,-428,0,3
2478.649,9784169,3,1,72.8,0,0,2431,2003,-428,0,3
2478.749,9784269,3,1,72.8,0,0,2431,2003,-428,0,3
2478.849,9784369,3,1,72.8,0,0,2431,2003,-428,0,3
2478.948,9784469,3,1,72.8,0,0,2431,2003,-428,0,3
2479.049,9784569,3,1,72.8,0,0,2431,2003,-428,0,3
2479.161,9784681,1,1,72.8,0,0,2431,2003,-428,0,3
2479.249,9784769,1,1,72.8,0,0,2431,2003,-428,0,3
2479.349,9784869,1,1,72.8,0,0,2431,2003,-428,0,3
2479.448,9784969,1,1,72.8,0,0,2431,2003,-428,0,3
2479.549,9785069,1,1,72.8,0,0,2431,2003,-428,0,3
2479.649,9785169,1,1,72.8,0,0,2431,2003,-428,0,3
2479.749,9785269,1,1,72.8,0,0,2431,2003,-428,0,3
2479.849,9785369,1,1,72.8,0,0,2431,2003,-428,0,3
2479.949,9785469,1,1,72.8,0,0,2431,2003,-428,0,3
2480.050,9785569,1,1,72.8,0,0,2431,2003,-428,0,3
2480.148,9785669,1,1,72.8,0,0,2431,2003,-428,0,3
2480.249,9785769,1,1,72.8,0,0,2431,2003,-428,0,3
2480.349,9785869,1,1,72.8,0,0,2431,2003,-428,0,3
2480.449,9785969,1,1,72.8,0,0,2431,2003,-428,0,3
2480.548,9786069,1,1,72.8,0,0,2431,2003,-428,0,3
2480.662,9786181,0,1,0.0,0,0,2431,2431,0,0,0
2480.748,9786269,0,1,0.0,0,0,2431,2431,0,0,0
2480.850,9786369,0,1,0.0,0,0,2431,2431,0,0,0
2480.949,9786469,0,1,0.0,0,0,2431,2431,0,0,0
2481.049,9786569,0,1,0.0,0,0,2431,2431,0,0,0
2481.148,9786669,0,1,0.0,0,0,2431,2431,0,0,0
2481.249,9786769,0,1,0.0,0,0,2431,2431,0,0,0
2481.349,9786869,0,1,0.0,0,0,2431,2431,0,0,0
2481.448,9786969,0,1,0.0,0,0,2431,2431,0,0,0
2481.551,9787069,0,1,0.0,0,0,2431,2431,0,0,0
2481.649,9787169,0,1,0.0,0,0,2431,2431,0,0,0
2481.749,9787269,0,1,0.0,0,0,2431,2431,0,0,0
2481.848,9787369,0,1,0.0,0,0,2431,2431,0,0,0
2481.948,9787469,0,1,0.0,0,0,2431,2431,0,0,0
2482.049,9787569,0,1,0.0,0,0,2431,2431,0,0,0
2482.148,9787669,0,1,0.0,0,0,2431,2431,0,0,0
2482.249,9787769,0,1,0.0,0,0,2431,2431,0,0,0
2482.360,9787881,1,1,0.0,0,0,2431,2431,0,0,0
2482.449,9787969,1,1,0.0,0,0,2431,2431,0,0,0
2482.548,9788069,1,1,0.0,0,0,2431,2431,0,0,0
2482.649,9788169,1,1,0.0,0,0,2431,2431,0,0,0
2482.749,9788269,1,1,0.0,0,0,2431,2431,0,0,0
2482.848,9788369,1,1,0.0,0,0,2431,2431,0,0,0
2482.948,9788469,1,1,0.0,0,0,2431,2431,0,0,0
2483.049,9788569,1,1,0.0,0,0,2431,2431,0,0,0
2483.149,9788669,1,1,0.0,0,0,2431,2431,0,0,0
2483.248,9788769,1,1,0.0,0,0,2431,2431,0,0,0
2483.349,9788869,1,1,0.0,0,0,2431,2431,0,0,0
2483.449,9788969,1,1,0.0,0,0,2431,2431,0,0,0
2483.552,9789069,1,1,0.0,0,0,2431,2431,0,0,0
2483.648,9789169,1,1,0.0,0,0,2431,2431,0,0,0
2483.749,9789269,1,1,0.0,0,0,2431,2431,0,0,0
2483.849,9789369,1,1,0.0,0,0,2431,2431,0,0,0
2483.949,9789469,1,1,0.0,0,0,2431,2431,0,0,0
2484.049,9789569,1,1,0.0,0,0,2431,2431,0,0,0
2484.149,9789669,1,1,0.0,0,0,2431,2431,0,0,0
2484.261,9789781,2,1,0.0,0,0,2432,3099,667,-70,1
2484.349,9789869,2,1,1.1,0,0,2471,3099,628,-70,1
2484.448,9789969,2,1,3.1,0,0,2536,3099,563,-70,1
2484.549,9790069,2,1,5.4,0,0,2615,3099,484,-70,1
2484.649,9790169,2,1,8.1,0,0,2704,3099,395,-70,1
2484.749,9790269,2,1,10.9,0,0,2799,3099,300,-70,1
2484.849,9790369,2,1,13.9,0,0,2897,3099,202,-70,1
2484.949,9790469,2,1,16.9,0,0,3000,3099,99,-70,1
2485.049,9790569,2,1,20.1,0,0,3106,3099,-7,0,1
2485.149,9790669,2,1,22.8,0,0,3197,3099,-98,0,1
2485.261,9790781,2,1,24.7,0,0,3257,3099,-158,0,1
2485.349,9790869,2,1,25.6,0,0,3288,3099,-189,0,1
2485.449,9790969,2,1,25.8,0,0,3293,3099,-194,0,1
2485.549,9791069,2,1,25.8,0,0,3293,3099,-194,0,1
2485.651,9791169,2,1,25.8,0,0,3293,3099,-194,0,1
2485.761,9791281,3,1,25.8,0,0,3293,3099,-194,0,1
2485.848,9791369,3,1,25.8,0,0,3293,3099,-194,0,1
2485.948,9791469,3,1,25.8,0,0,3293,3099,-194,0,1
2486.048,9791569,3,1,25.8,0,0,3293,3099,-194,0,1
2486.148,9791669,3,1,25.8,0,0,3293,3099,-194,0,1
2486.249,9791769,3,1,25.8,0,0,3293,3099,-194,0,1
2486.348,9791869,3,1,25.8,0,0,3293,3099,-194,0,1
2486.448,9791969,3,1,25.8,0,0,3293,3099,-194,0,1
2486.549,9792069,3,1,25.8,0,0,3293,3099,-194,0,1
2486.649,9792169,3,1,25.8,0,0,3293,3099,-194,0,1
2486.749,9792269,3,1,25.8,0,0,3293,3099,-194,0,1
2486.849,9792369,3,1,25.8,0,0,3293,3099,-194,0,1
2486.949,9792469,3,1,25.8,0,0,3293,3099,-194,0,1
2487.048,9792569,3,1,25.8,0,0,3293,3099,-194,0,1
2487.149,9792669,3,1,25.8,0,0,3293,3099,-194,0,1
2487.248,9792769,3,1,25.8,0,0,3293,3099,-194,0,1
2487.349,9792869,3,1,25.8,0,0,3293,3099,-194,0,1
2487.448,9792969,3,1,25.8,0,0,3293,3099,-194,0,1
2487.549,9793069,3,1,25.8,0,0,3293,3099,-194,0,1
2487.648,9793169,3,1,25.8,0,0,3293,3099,-194,0,1
2487.761,9793281,3,1,25.8,0,0,3293,3099,-194,0,1
2487.848,9793369,3,1,25.8,0,0,3293,3099,-194,0,1
2487.948,9793469,3,1,25.8,0,0,3293,3099,-194,0,1
2488.048,9793569,3,1,25.8,0,0,3293,3099,-194,0,1
2488.148,9793669,3,1,25.8,0,0,3293,3099,-194,0,1
2488.248,9793769,3,1,25.8,0,0,3293,3099,-194,0,1
2488.351,9793869,3,1,25.8,0,0,3293,3099,-194,0,1
2488.449,9793969,3,1,25.8,0,0,3293,3099,-194,0,1
2488.549,9794069,3,1,25.8,0,0,3293,3099,-194,0,1
2488.648,9794169,3,1,25.8,0,0,3293,3099,-194,0,1
2488.748,9794269,3,1,25.8,0,0,3293,3099,-194,0,1
2488.848,9794369,3,1,25.8,0,0,3293,3099,-194,0,1
2488.950,9794469,3,1,25.8,0,0,3293,3099,-194,0,1
2489.048,9794569,3,1,25.8,0,0,3293,3099,-194,0,1
2489.148,9794669,3,1,25.8,0,0,3293,3099,-194,0,1
2489.248,9794769,3,1,25.8,0,0,3293,3099,-194,0,1
2489.348,9794869,3,1,25.8,0,0,3293,3099,-194,0,1
2489.448,9794969,3,1,25.8,0,0,3293,3099,-194,0,1
2489.549,9795069,3,1,25.8,0,0,3293,3099,-194,0,1
2489.648,9795169,3,1,25.8,0,0,3293,3099,-194,0,1
2489.761,9795281,3,1,25.8,0,0,3293,3099,-194,0,1
2489.849,9795369,3,1,25.8,0,0,3293,3099,-194,0,1
2489.948,9795469,3,1,25.8,0,0,3293,3099,-194,0,1
2490.048,9795569,3,1,25.8,0,0,3293,3099,-194,0,1
2490.148,9795669,3,1,25.8,0,0,3293,3099,-194,0,1
2490.251,9795769,3,1,25.8,0,0,3293,3099,-194,0,1
2490.348,9795869,3,1,25.8,0,0,3293,3099,-194,0,1
2490.448,9795969,3,1,25.8,0,0,3293,3099,-194,0,1
2490.549,9796069,3,1,25.8,0,0,3293,3099,-194,0,1
2490.648,9796169,3,1,25.8,0,0,3293,3099,-194,0,1
2490.748,9796269,3,1,25.8,0,0,3293,3099,-194,0,1
2490.848,9796369,3,1,25.8,0,0,3293,3099,-194,0,1
2490.948,9796469,3,1,25.8,0,0,3293,3099,-194,0,1
2491.048,9796569,3,1,25.8,0,0,3293,3099,-194,0,1
2491.148,9796669,3,1,25.8,0,0,3293,3099,-194,0,1
2491.248,9796769,3,1,25.8,0,0,3293,3099,-194,0,1
2491.348,9796869,3,1,25.8,0,0,3293,3099,-194,0,1
2491.448,9796969,3,1,25.8,0,0,3293,3099,-194,0,1
2491.548,9797069,3,1,25.8,0,0,3293,3099,-194,0,1
2491.648,9797169,3,1,25.8,0,0,3293,3099,-194,0,1
2491.761,9797281,3,1,25.8,0,0,3293,3099,-194,0,1
2491.848,9797369,3,1,25.8,0,0,3293,3099,-194,0,1
2491.948,9797469,3,1,25.8,0,0,3293,3099,-194,0,1
2492.048,9797569,3,1,25.8,0,0,3293,3099,-194,0,1
2492.148,9797669,3,1,25.8,0,0,3293,3099,-194,0,1
2492.277,9797769,3,1,25.8,0,0,3293,3099,-194,0,1
2492.348,9797869,3,1,25.8,0,0,3293,3099,-194,0,1
2492.448,9797969,3,1,25.8,0,0,3293,3099,-194,0,1
2492.548,9798069,3,1,25.8,0,0,3293,3099,-194,0,1
2492.648,9798169,3,1,25.8,0,0,3293,3099,-194,0,1
2492.749,9798269,3,1,25.8,0,0,3293,3099,-194,0,1
2492.848,9798369,3,1,25.8,0,0,3293,3099,-194,0,1
2492.948,9798469,3,1,25.8,0,0,3293,3099,-194,0,1
2493.048,9798569,3,1,25.8,0,0,3293,3099,-194,0,1
2493.148,9798669,3,1,25.8,0,0,3293,3099,-194,0,1
2493.248,9798769,3,1,25.8,0,0,3293,3099,-194,0,1
2493.348,9798869,3,1,25.8,0,0,3293,3099,-194,0,1
2493.448,9798969,3,1,25.8,0,0,3293,3099,-194,0,1
2493.548,9799069,3,1,25.8,0,0,3293,3099,-194,0,1
2493.648,9799169,3,1,25.8,0,0,3293,3099,-194,0,1
2493.760,9799281,3,1,25.8,0,0,3293,3099,-194,0,1
2493.850,9799369,3,1,25.8,0,0,3293,3099,-194,0,1
2493.948,9799469,3,1,25.8,0,0,3293,3099,-194,0,1
2494.048,9799569,3,1,25.8,0,0,3293,3099,-194,0,1
2494.148,9799669,3,1,25.8,0,0,3293,3099,-194,0,1
2494.248,9799769,3,1,25.8,0,0,3293,3099,-194,0,1
2494.348,9799869,3,1,25.8,0,0,3293,3099,-194,0,1
2494.448,9799969,3,1,25.8,0,0,3293,3099,-194,0,1
2494.548,9800069,3,1,25.8,0,0,3293,3099,-194,0,1
2494.648,9800169,3,1,25.8,0,0,3293,3099,-194,0,1
2494.748,9800269,3,1,25.8,0,0,3293,3099,-194,0,1
2494.861,9800381,2,1,25.8,0,0,3293,2431,-862,70,0
2494.948,9800469,2,1,24.7,0,0,3256,2431,-825,70,0
2495.048,9800569,2,1,22.9,0,0,3198,2431,-767,70,0
2495.148,9800669,2,1,21.0,0,0,3132,2431,-701,70,0
2495.248,9800769,2,1,18.9,0,0,3061,2431,-630,70,0
2495.349,9800869,2,1,16.6,0,0,2987,2431,-556,70,0
2495.448,9800969,2,1,14.5,0,0,2914,2431,-483,70,0
2495.548,9801069,2,1,12.2,0,0,2839,2431,-408,70,0
2495.648,9801169,2,1,9.7,0,0,2756,2431,-325,70,0
2495.754,9801269,2,1,7.7,0,0,2688,2431,-257,70,0
2495.860,9801381,2,1,5.7,0,0,2621,2431,-190,70,0
2495.948,9801469,2,1,3.6,0,0,2551,2431,-120,70,0
2496.048,9801569,2,1,1.5,0,0,2483,2431,-52,70,0
2496.148,9801669,2,1,-0.5,0,0,2410,2431,21,0,0
2496.248,9801769,2,1,-1.5,0,0,2378,2431,53,0,0
2496.348,9801869,2,1,-1.5,0,0,2380,2431,51,0,0
2496.448,9801969,2,1,-1.4,0,0,2381,2431,50,0,0
2496.548,9802069,2,1,-1.4,0,0,2381,2431,50,0,0
2496.647,9802169,2,1,-1.4,0,0,2381,2431,50,0,0
2496.760,9802281,3,1,-1.4,0,0,2381,2431,50,0,0
2496.848,9802369,3,1,-1.4,0,0,2381,2431,50,0,0
2496.948,9802469,3,1,-1.4,0,0,2381,2431,50,0,0
2497.048,9802569,3,1,-1.4,0,0,2381,2431,50,0,0
2497.148,9802669,3,1,-1.4,0,0,2381,2431,50,0,0
2497.248,9802769,3,1,-1.4,0,0,2381,2431,50,0,0
2497.348,9802869,3,1,-1.4,0,0,2381,2431,50,0,0
2497.448,9802969,3,1,-1.4,0,0,2381,2431,50,0,0
2497.548,9803069,3,1,-1.4,0,0,2381,2431,50,0,0
2497.648,9803169,3,1,-1.4,0,0,2381,2431,50,0,0
2497.748,9803269,3,1,-1.4,0,0,2381,2431,50,0,0
2497.848,9803369,3,1,-1.4,0,0,2381,2431,50,0,0
2497.948,9803469,3,1,-1.4,0,0,2381,2431,50,0,0
2498.048,9803569,3,1,-1.4,0,0,2381,2431,50,0,0
2498.148,9803669,3,1,-1.4,0,0,2381,2431,50,0,0
2498.248,9803769,3,1,-1.4,0,0,2381,2431,50,0,0
2498.348,9803869,3,1,-1.4,0,0,2381,2431,50,0,0
2498.448,9803969,3,1,-1.4,0,0,2381,2431,50,0,0
2498.548,9804069,3,1,-1.4,0,0,2381,2431,50,0,0
2498.661,9804181,2,1,-1.4,0,0,2381,1763,-618,70,-1
2498.748,9804269,2,1,-2.2,0,0,2357,1763,-594,70,-1
2498.848,9804369,2,1,-3.3,0,0,2319,1763,-556,70,-1
2498.947,9804469,2,1,-5.0,0,0,2260,1763,-497,70,-1
2499.052,9804569,2,1,-7.0,0,0,2196,1763,-433,70,-1
2499.148,9804669,2,1,-9.0,0,0,2128,1763,-365,70,-1
2499.248,9804769,2,1,-11.1,0,0,2056,1763,-293,70,-1
2499.348,9804869,2,1,-13.5,0,0,1978,1763,-215,70,-1
2499.448,9804969,2,1,-15.8,0,0,1901,1763,-138,70,-1
2499.548,9805069,2,1,-18.3,0,0,1816,1763,-53,70,-1
2499.661,9805181,2,1,-20.7,0,0,1736,1763,27,0,-1
2499.748,9805269,2,1,-22.0,0,0,1694,1763,69,0,-1
2499.848,9805369,2,1,-22.2,0,0,1689,1763,74,0,-1
2499.948,9805469,2,1,-22.2,0,0,1689,1763,74,0,-1
2500.048,9805569,2,1,-22.2,0,0,1689,1763,74,0,-1
2500.160,9805681,3,1,-22.2,0,0,1689,1763,74,0,-1
2500.248,9805769,3,1,-22.2,0,0,1689,1763,74,0,-1
2500.348,9805869,3,1,-22.2,0,0,1689,1763,74,0,-1
2500.448,9805969,3,1,-22.2,0,0,1689,1763,74,0,-1
2500.547,9806069,3,1,-22.2,0,0,1689,1763,74,0,-1
2500.648,9806169,3,1,-22.2,0,0,1689,1763,74,0,-1
2500.749,9806269,3,1,-22.2,0,0,1689,1763,74,0,-1
2500.849,9806369,3,1,-22.2,0,0,1689,1763,74,0,-1
2500.948,9806469,3,1,-22.2,0,0,1689,1763,74,0,-1
2501.048,9806569,3,1,-22.2,0,0,1689,1763,74,0,-1
2501.148,9806669,3,1,-22.2,0,0,1689,1763,74,0,-1
2501.248,9806769,3,1,-22.2,0,0,1689,1763,74,0,-1
2501.348,9806869,3,1,-22.2,0,0,1689,1763,74,0,-1
2501.448,9806969,3,1,-22.2,0,0,1689,1763,74,0,-1
2501.549,9807069,3,1,-22.2,0,0,1689,1763,74,0,-1
2501.648,9807169,3,1,-22.2,0,0,1689,1763,74,0,-1
2501.748,9807269,3,1,-22.2,0,0,1689,1763,74,0,-1
2501.848,9807369,3,1,-22.2,0,0,1689,1763,74,0,-1
2501.948,9807469,3,1,-22.2,0,0,1689,1763,74,0,-1
2502.048,9807569,3,1,-22.2,0,0,1689,1763,74,0,-1
2502.160,9807681,3,1,-22.2,0,0,1689,1763,74,0,-1
2502.248,9807769,3,1,-22.2,0,0,1689,1763,74,0,-1
2502.348,9807869,3,1,-22.2,0,0,1689,1763,74,0,-1
2502.448,9807969,3,1,-22.2,0,0,1689,1763,74,0,-1
2502.548,9808069,3,1,-22.2,0,0,1689,1763,74,0,-1
2502.648,9808169,3,1,-22.2,0,0,1689,1763,74,0,-1
2502.748,9808269,3,1,-22.2,0,0,1689,1763,74,0,-1
2502.848,9808369,3,1,-22.2,0,0,1689,1763,74,0,-1
2502.948,9808469,3,1,-22.2,0,0,1689,1763,74,0,-1
2503.048,9808569,3,1,-22.2,0,0,1689,1763,74,0,-1
2503.148,9808669,3,1,-22.2,0,0,1689,1763,74,0,-1
2503.249,9808769,3,1,-22.2,0,0,1689,1763,74,0,-1
2503.348,9808869,3,1,-22.2,0,0,1689,1763,74,0,-1
2503.448,9808969,3,1,-22.2,0,0,1689,1763,74,0,-1
2503.548,9809069,3,1,-22.2,0,0,1689,1763,74,0,-1
2503.648,9809169,3,1,-22.2,0,0,1689,1763,74,0,-1
2503.748,9809269,3,1,-22.2,0,0,1689,1763,74,0,-1
2503.847,9809369,3,1,-22.2,0,0,1689,1763,74,0,-1
2503.948,9809469,3,1,-22.2,0,0,1689,1763,74,0,-1
2504.048,9809569,3,1,-22.2,0,0,1689,1763,74,0,-1
2504.160,9809681,3,1,-22.2,0,0,1689,1763,74,0,-1
2504.247,9809769,3,1,-22.2,0,0,1689,1763,74,0,-1
2504.347,9809869,3,1,-22.2,0,0,1689,1763,74,0,-1
2504.447,9809969,3,1,-22.2,0,0,1689,1763,74,0,-1
2504.548,9810069,3,1,-22.2,0,0,1689,1763,74,0,-1
2504.656,9810169,3,1,-22.2,0,0,1689,1763,74,0,-1
2504.762,9810281,2,1,-22.2,0,0,1689,1095,-594,70,-2
2504.848,9810369,2,1,-22.8,0,0,1669,1095,-574,70,-2
2504.948,9810469,2,1,-24.1,0,0,1623,1095,-528,70,-2
2505.047,9810569,2,1,-25.8,0,0,1567,1095,-472,70,-2
2505.148,9810669,2,1,-27.8,0,0,1500,1095,-405,70,-2
2505.248,9810769,2,1,-29.9,0,0,1431,1095,-336,70,-2
2505.348,9810869,2,1,-32.1,0,0,1355,1095,-260,70,-2
2505.448,9810969,2,1,-34.6,0,0,1273,1095,-178,70,-2
2505.547,9811069,2,1,-37.1,0,0,1189,1095,-94,70,-2
2505.648,9811169,2,1,-39.6,0,0,1106,1095,-11,70,-2
2505.772,9811281,2,1,-41.7,0,0,1036,1095,59,0,-2
2505.848,9811369,2,1,-42.5,0,0,1009,1095,86,0,-2
2505.947,9811469,2,1,-42.5,0,0,1010,1095,85,0,-2
2506.047,9811569,2,1,-42.5,0,0,1010,1095,85,0,-2
2506.147,9811669,2,1,-42.5,0,0,1010,1095,85,0,-2
2506.260,9811781,3,1,-42.5,0,0,1010,1095,85,0,-2
2506.348,9811869,3,1,-42.5,0,0,1010,1095,85,0,-2
2506.448,9811969,3,1,-42.5,0,0,1010,1095,85,0,-2
2506.547,9812069,3,1,-42.5,0,0,1010,1095,85,0,-2
2506.647,9812169,3,1,-42.5,0,0,1010,1095,85,0,-2
2506.747,9812269,3,1,-42.5,0,0,1010,1095,85,0,-2
2506.849,9812369,3,1,-42.5,0,0,1010,1095,85,0,-2
2506.948,9812469,3,1,-42.5,0,0,1010,1095,85,0,-2
2507.048,9812569,3,1,-42.5,0,0,1010,1095,85,0,-2
2507.147,9812669,3,1,-42.5,0,0,1010,1095,85,0,-2
2507.248,9812769,3,1,-42.5,0,0,1010,1095,85,0,-2
2507.348,9812869,3,1,-42.5,0,0,1010,1095,85,0,-2
2507.447,9812969,3,1,-42.5,0,0,1010,1095,85,0,-2
2507.547,9813069,3,1,-42.5,0,0,1010,1095,85,0,-2
2507.648,9813169,3,1,-42.5,0,0,1010,1095,85,0,-2
2507.747,9813269,3,1,-42.5,0,0,1010,1095,85,0,-2
2507.847,9813369,3,1,-42.5,0,0,1010,1095,85,0,-2
2507.947,9813469,3,1,-42.5,0,0,1010,1095,85,0,-2
2508.047,9813569,3,1,-42.5,0,0,1010,1095,85,0,-2
2508.148,9813669,3,1,-42.5,0,0,1010,1095,85,0,-2
2508.260,9813781,3,1,-42.5,0,0,1010,1095,85,0,-2
2508.347,9813869,3,1,-42.5,0,0,1010,1095,85,0,-2
2508.447,9813969,3,1,-42.5,0,0,1010,1095,85,0,-2
2508.547,9814069,3,1,-42.5,0,0,1010,1095,85,0,-2
2508.647,9814169,3,1,-42.5,0,0,1010,1095,85,0,-2
2508.750,9814269,3,1,-42.5,0,0,1010,1095,85,0,-2
2508.848,9814369,3,1,-42.5,0,0,1010,1095,85,0,-2
2508.948,9814469,3,1,-42.5,0,0,1010,1095,85,0,-2
2509.047,9814569,3,1,-42.5,0,0,1010,1095,85,0,-2
2509.147,9814669,3,1,-42.5,0,0,1010,1095,85,0,-2
2509.247,9814769,3,1,-42.5,0,0,1010,1095,85,0,-2
2509.348,9814869,3,1,-42.5,0,0,1010,1095,85,0,-2
2509.447,9814969,3,1,-42.5,0,0,1010,1095,85,0,-2
2509.548,9815069,3,1,-42.5,0,0,1010,1095,85,0,-2
2509.647,9815169,3,1,-42.5,0,0,1010,1095,85,0,-2
2509.747,9815269,3,1,-42.5,0,0,1010,1095,85,0,-2
2509.847,9815369,3,1,-42.5,0,0,1010,1095,85,0,-2
2509.960,9815481,2,1,-42.5,0,0,1010,428,-582,70,-3
2510.047,9815569,2,1,-43.4,0,0,980,428,-552,70,-3
2510.147,9815669,2,1,-44.7,0,0,935,428,-507,70,-3
2510.247,9815769,2,1,-46.8,0,0,865,428,-437,70,-3
2510.347,9815869,2,1,-49.0,0,0,789,428,-361,70,-3
2510.447,9815969,2,1,-51.6,0,0,703,428,-275,70,-3
2510.547,9816069,2,1,-54.4,0,0,613,428,-185,70,-3
2510.648,9816169,2,1,-57.2,0,0,519,428,-91,70,-3
2510.747,9816269,2,1,-59.7,0,0,432,428,-4,70,-3
2510.847,9816369,2,1,-61.9,0,0,363,428,65,0,-3
2510.960,9816481,2,1,-62.7,0,0,337,428,91,0,-3
2511.047,9816569,2,1,-62.6,0,0,340,428,88,0,-3
2511.147,9816669,2,1,-62.5,0,0,341,428,87,0,-3
2511.248,9816769,2,1,-62.5,0,0,341,428,87,0,-3
2511.347,9816869,2,1,-62.5,0,0,341,428,87,0,-3
2511.459,9816981,3,1,-62.5,0,0,341,428,87,0,-3
2511.547,9817069,3,1,-62.5,0,0,341,428,87,0,-3
2511.647,9817169,3,1,-62.5,0,0,341,428,87,0,-3
2511.749,9817269,3,1,-62.5,0,0,341,428,87,0,-3
2511.847,9817369,3,1,-62.5,0,0,341,428,87,0,-3
2511.947,9817469,3,1,-62.5,0,0,341,428,87,0,-3
2512.046,9817569,3,1,-62.5,0,0,341,428,87,0,-3
2512.147,9817669,3,1,-62.5,0,0,341,428,87,0,-3
2512.247,9817769,3,1,-62.5,0,0,341,428,87,0,-3
2512.347,9817869,3,1,-62.5,0,0,341,428,87,0,-3
2512.447,9817969,3,1,-62.5,0,0,341,428,87,0,-3
2512.547,9818069,3,1,-62.5,0,0,341,428,87,0,-3
2512.648,9818169,3,1,-62.5,0,0,341,428,87,0,-3
2512.747,9818269,3,1,-62.5,0,0,341,428,87,0,-3
2512.847,9818369,3,1,-62.5,0,0,341,428,87,0,-3
2512.948,9818469,3,1,-62.5,0,0,341,428,87,0,-3
2513.047,9818569,3,1,-62.5,0,0,341,428,87,0,-3
2513.147,9818669,3,1,-62.5,0,0,341,428,87,0,-3
2513.248,9818769,3,1,-62.5,0,0,341,428,87,0,-3
2513.347,9818869,3,1,-62.5,0,0,341,428,87,0,-3
2513.459,9818981,3,1,-62.5,0,0,341,428,87,0,-3
2513.547,9819069,3,1,-62.5,0,0,341,428,87,0,-3
2513.647,9819169,3,1,-62.5,0,0,341,428,87,0,-3
2513.747,9819269,3,1,-62.5,0,0,341,428,87,0,-3
2513.847,9819369,3,1,-62.5,0,0,341,428,87,0,-3
2513.947,9819469,3,1,-62.5,0,0,341,428,87,0,-3
2514.047,9819569,3,1,-62.5,0,0,341,428,87,0,-3
2514.147,9819669,3,1,-62.5,0,0,341,428,87,0,-3
2514.260,9819781,2,1,-62.5,0,0,340,-240,-580,70,-4
2514.348,9819869,2,1,-63.4,0,0,313,-240,-553,70,-4
2514.447,9819969,2,1,-64.8,0,0,267,-240,-507,70,-4
2514.548,9820069,2,1,-66.6,0,0,202,-240,-442,70,-4
2514.647,9820169,2,1,-68.7,0,0,133,-240,-373,70,-4
2514.752,9820269,2,1,-71.2,0,0,48,-240,-288,70,-4
2514.847,9820369,2,1,-73.6,0,0,-30,-240,-210,70,-4
2514.949,9820469,2,1,-76.0,0,0,-110,-240,-130,70,-4
2515.047,9820569,2,1,-78.6,0,0,-199,-240,-41,70,-4
2515.147,9820669,2,1,-81.0,0,0,-275,-240,35,0,-4
2515.259,9820781,2,1,-82.1,0,0,-311,-240,71,0,-4
2515.347,9820869,2,1,-82.1,0,0,-313,-240,73,0,-4
2515.447,9820969,2,1,-82.1,0,0,-313,-240,73,0,-4
2515.546,9821069,2,1,-82.1,0,0,-313,-240,73,0,-4
2515.659,9821181,3,1,-82.1,0,0,-313,-240,73,0,-4
2515.747,9821269,3,1,-82.1,0,0,-313,-240,73,0,-4
2515.847,9821369,3,1,-82.1,0,0,-313,-240,73,0,-4
2515.947,9821469,3,1,-82.1,0,0,-313,-240,73,0,-4
2516.046,9821569,3,1,-82.1,0,0,-313,-240,73,0,-4
2516.147,9821669,3,1,-82.1,0,0,-313,-240,73,0,-4
2516.248,9821769,3,1,-82.1,0,0,-313,-240,73,0,-4
2516.347,9821869,3,1,-82.1,0,0,-313,-240,73,0,-4
2516.447,9821969,3,1,-82.1,0,0,-313,-240,73,0,-4
2516.547,9822069,3,1,-82.1,0,0,-313,-240,73,0,-4
2516.646,9822169,3,1,-82.1,0,0,-313,-240,73,0,-4
2516.747,9822269,3,1,-82.1,0,0,-313,-240,73,0,-4
2516.847,9822369,3,1,-82.1,0,0,-313,-240,73,0,-4
2516.947,9822469,3,1,-82.1,0,0,-313,-240,73,0,-4
2517.047,9822569,3,1,-82.1,0,0,-313,-240,73,0,-4
2517.148,9822669,3,1,-82.1,0,0,-313,-240,73,0,-4
2517.247,9822769,3,1,-82.1,0,0,-313,-240,73,0,-4
2517.347,9822869,3,1,-82.1,0,0,-313,-240,73,0,-4
2517.447,9822969,3,1,-82.1,0,0,-313,-240,73,0,-4
2517.547,9823069,3,1,-82.1,0,0,-313,-240,73,0,-4
2517.660,9823181,3,1,-82.1,0,0,-313,-240,73,0,-4
2517.747,9823269,3,1,-82.1,0,0,-313,-240,73,0,-4
2517.847,9823369,3,1,-82.1,0,0,-313,-240,73,0,-4
2517.947,9823469,3,1,-82.1,0,0,-313,-240,73,0,-4
2518.047,9823569,3,1,-82.1,0,0,-313,-240,73,0,-4
2518.147,9823669,3,1,-82.1,0,0,-313,-240,73,0,-4
2518.247,9823769,3,1,-82.1,0,0,-313,-240,73,0,-4
2518.347,9823869,3,1,-82.1,0,0,-313,-240,73,0,-4
2518.447,9823969,3,1,-82.1,0,0,-313,-240,73,0,-4
2518.547,9824069,3,1,-82.1,0,0,-313,-240,73,0,-4
2518.647,9824169,3,1,-82.1,0,0,-313,-240,73,0,-4
2518.747,9824269,3,1,-82.1,0,0,-313,-240,73,0,-4
2518.847,9824369,3,1,-82.1,0,0,-313,-240,73,0,-4
2518.947,9824469,3,1,-82.1,0,0,-313,-240,73,0,-4
2519.047,9824569,3,1,-82.1,0,0,-313,-240,73,0,-4
2519.159,9824681,2,1,-82.1,0,0,-313,-908,-595,70,-5
2519.247,9824769,2,1,-82.6,0,0,-328,-908,-580,70,-5
2519.347,9824869,2,1,-83.9,0,0,-373,-908,-535,70,-5
2519.447,9824969,2,1,-85.4,0,0,-422,-908,-486,70,-5
2519.546,9825069,2,1,-87.7,0,0,-501,-908,-407,70,-5
2519.647,9825169,2,1,-90.0,0,0,-577,-908,-331,70,-5
2519.750,9825269,2,1,-92.5,0,0,-663,-908,-245,70,-5
2519.847,9825369,2,1,-95.0,0,0,-744,-908,-164,70,-5
2519.947,9825469,2,1,-97.6,0,0,-831,-908,-77,70,-5
2520.047,9825569,2,1,-100.2,0,0,-918,-908,10,0,-5
2520.159,9825681,2,1,-102.3,0,0,-988,-908,80,0,-5
2520.246,9825769,2,1,-103.3,0,0,-1019,-908,111,0,-5
2520.347,9825869,2,1,-103.3,0,0,-1021,-908,113,0,-5
2520.447,9825969,2,1,-103.3,0,0,-1021,-908,113,0,-5
2520.547,9826069,2,1,-103.3,0,0,-1021,-908,113,0,-5
2520.660,9826181,3,1,-103.3,0,0,-1021,-908,113,0,-5
2520.747,9826269,3,1,-103.3,0,0,-1021,-908,113,0,-5
2520.847,9826369,3,1,-103.3,0,0,-1021,-908,113,0,-5
2520.947,9826469,3,1,-103.3,0,0,-1021,-908,113,0,-5
2521.047,9826569,3,1,-103.3,0,0,-1021,-908,113,0,-5
2521.147,9826669,3,1,-103.3,0,0,-1021,-908,113,0,-5
2521.246,9826769,3,1,-103.3,0,0,-1021,-908,113,0,-5
2521.347,9826869,3,1,-103.3,0,0,-1021,-908,113,0,-5
2521.448,9826969,3,1,-103.3,0,0,-1021,-908,113,0,-5
2521.547,9827069,3,1,-103.3,0,0,-1021,-908,113,0,-5
2521.647,9827169,3,1,-103.3,0,0,-1021,-908,113,0,-5
2521.747,9827269,3,1,-103.3,0,0,-1021,-908,113,0,-5
2521.847,9827369,3,1,-103.3,0,0,-1021,-908,113,0,-5
2521.947,9827469,3,1,-103.3,0,0,-1021,-908,113,0,-5
2522.047,9827569,3,1,-103.3,0,0,-1021,-908,113,0,-5
2522.147,9827669,3,1,-103.3,0,0,-1021,-908,113,0,-5
2522.249,9827769,3,1,-103.3,0,0,-1021,-908,113,0,-5
2522.347,9827869,3,1,-103.3,0,0,-1021,-908,113,0,-5
2522.447,9827969,3,1,-103.3,0,0,-1021,-908,113,0,-5
2522.547,9828069,3,1,-103.3,0,0,-1021,-908,113,0,-5
2522.659,9828181,3,1,-103.3,0,0,-1021,-908,113,0,-5
2522.747,9828269,3,1,-103.3,0,0,-1021,-908,113,0,-5
2522.846,9828369,3,1,-103.3,0,0,-1021,-908,113,0,-5
2522.947,9828469,3,1,-103.3,0,0,-1021,-908,113,0,-5
2523.046,9828569,3,1,-103.3,0,0,-1021,-908,113,0,-5
2523.147,9828669,3,1,-103.3,0,0,-1021,-908,113,0,-5
2523.247,9828769,3,1,-103.3,0,0,-1021,-908,113,0,-5
2523.347,9828869,3,1,-103.3,0,0,-1021,-908,113,0,-5
2523.447,9828969,3,1,-103.3,0,0,-1021,-908,113,0,-5
2523.547,9829069,3,1,-103.3,0,0,-1021,-908,113,0,-5
2523.647,9829169,3,1,-103.3,0,0,-1021,-908,113,0,-5
2523.747,9829269,3,1,-103.3,0,0,-1021,-908,113,0,-5
2523.847,9829369,3,1,-103.3,0,0,-1021,-908,113,0,-5
2523.946,9829469,3,1,-103.3,0,0,-1021,-908,113,0,-5
2524.048,9829569,3,1,-103.3,0,0,-1021,-908,113,0,-5
2524.146,9829669,3,1,-103.3,0,0,-1021,-908,113,0,-5
2524.247,9829769,3,1,-103.3,0,0,-1021,-908,113,0,-5
2524.346,9829869,3,1,-103.3,0,0,-1021,-908,113,0,-5
2524.447,9829969,3,1,-103.3,0,0,-1021,-908,113,0,-5
2524.547,9830069,3,1,-103.3,0,0,-1021,-908,113,0,-5
2524.659,9830181,3,1,-103.3,0,0,-1021,-908,113,0,-5
2524.747,9830269,3,1,-103.3,0,0,-1021,-908,113,0,-5
2524.846,9830369,3,1,-103.3,0,0,-1021,-908,113,0,-5
2524.946,9830469,3,1,-103.3,0,0,-1021,-908,113,0,-5
2525.046,9830569,3,1,-103.3,0,0,-1021,-908,113,0,-5
2525.146,9830669,3,1,-103.3,0,0,-1021,-908,113,0,-5
2525.246,9830769,3,1,-103.3,0,0,-1021,-908,113,0,-5
2525.347,9830869,3,1,-103.3,0,0,-1021,-908,113,0,-5
2525.460,9830981,2,1,-103.3,0,0,-1021,2431,3452,-70,0
2525.547,9831069,2,1,-102.2,0,0,-983,2431,3414,-70,0
2525.646,9831169,2,1,-100.3,0,0,-917,2431,3348,-70,0
2525.747,9831269,2,1,-98.1,0,0,-844,2431,3275,-70,0
2525.851,9831369,2,1,-95.8,0,0,-768,2431,3199,-70,0
2525.947,9831469,2,1,-93.5,0,0,-690,2431,3121,-70,0
2526.047,9831569,2,1,-91.0,0,0,-608,2431,3039,-70,0
2526.147,9831669,2,1,-88.5,0,0,-524,2431,2955,-70,0
2526.246,9831769,2,1,-85.9,0,0,-438,2431,2869,-70,0
2526.347,9831869,2,1,-83.3,0,0,-352,2431,2783,-70,0
2526.459,9831981,2,1,-80.8,0,0,-265,2431,2696,-70,0
2526.547,9832069,2,1,-78.2,0,0,-179,2431,2610,-70,0
2526.647,9832169,2,1,-75.6,0,0,-94,2431,2525,-70,0
2526.747,9832269,2,1,-73.1,0,0,-8,2431,2439,-70,0
2526.847,9832369,2,1,-70.5,0,0,78,2431,2353,-70,0
2526.946,9832469,2,1,-67.8,0,0,165,2431,2266,-70,0
2527.046,9832569,2,1,-65.2,0,0,254,2431,2177,-70,0
2527.146,9832669,2,1,-62.4,0,0,346,2431,2085,-70,0
2527.246,9832769,2,1,-59.6,0,0,439,2431,1992,-70,0
2527.346,9832869,2,1,-56.8,0,0,535,2431,1896,-70,0
2527.459,9832981,2,1,-53.9,0,0,632,2431,1799,-70,0
2527.546,9833069,2,1,-50.9,0,0,733,2431,1698,-70,0
2527.646,9833169,2,1,-47.8,0,0,835,2431,1596,-70,0
2527.746,9833269,2,1,-44.7,0,0,940,2431,1491,-70,0
2527.846,9833369,2,1,-41.5,0,0,1046,2431,1385,-70,0
2527.946,9833469,2,1,-38.3,0,0,1152,2431,1279,-70,0
2528.046,9833569,2,1,-35.1,0,0,1259,2431,1172,-70,0
2528.147,9833669,2,1,-32.0,0,0,1364,2431,1067,-70,0
2528.247,9833769,2,1,-28.8,0,0,1470,2431,961,-70,0
2528.347,9833869,2,1,-25.6,0,0,1576,2431,855,-70,0
2528.459,9833981,2,1,-22.4,0,0,1683,2431,748,-70,0
2528.546,9834069,2,1,-19.2,0,0,1791,2431,640,-70,0
2528.653,9834169,2,1,-15.9,0,0,1899,2431,532,-70,0
2528.746,9834269,2,1,-12.7,0,0,2007,2431,424,-70,0
2528.846,9834369,2,1,-9.5,0,0,2114,2431,317,-70,0
2528.946,9834469,2,1,-6.3,0,0,2221,2431,210,-70,0
2529.046,9834569,2,1,-3.1,0,0,2327,2431,104,-70,0
2529.146,9834669,2,1,0.0,0,0,2432,2431,-1,0,0
2529.248,9834769,2,1,2.5,0,0,2516,2431,-85,0,0
2529.346,9834869,2,1,3.9,0,0,2563,2431,-132,0,0
2529.458,9834981,2,1,4.3,0,0,2577,2431,-146,0,0
2529.546,9835069,2,1,4.3,0,0,2577,2431,-146,0,0
2529.646,9835169,2,1,4.3,0,0,2577,2431,-146,0,0
2529.758,9835281,3,1,4.3,0,0,2577,2431,-146,0,0
2529.846,9835369,3,1,4.3,0,0,2577,2431,-146,0,0
2529.946,9835469,3,1,4.3,0,0,2577,2431,-146,0,0
2530.046,9835569,3,1,4.3,0,0,2577,2431,-146,0,0
2530.146,9835669,3,1,4.3,0,0,2577,2431,-146,0,0
2530.246,9835769,3,1,4.3,0,0,2577,2431,-146,0,0
2530.345,9835869,3,1,4.3,0,0,2577,2431,-146,0,0
2530.446,9835969,3,1,4.3,0,0,2577,2431,-146,0,0
2530.546,9836069,3,1,4.3,0,0,2577,2431,-146,0,0
2530.645,9836169,3,1,4.3,0,0,2577,2431,-146,0,0
2530.746,9836269,3,1,4.3,0,0,2577,2431,-146,0,0
2530.846,9836369,3,1,4.3,0,0,2577,2431,-146,0,0
2530.946,9836469,3,1,4.3,0,0,2577,2431,-146,0,0
2531.046,9836569,3,1,4.3,0,0,2577,2431,-146,0,0
2531.146,9836669,3,1,4.3,0,0,2577,2431,-146,0,0
2531.245,9836769,3,1,4.3,0,0,2577,2431,-146,0,0
2531.345,9836869,3,1,4.3,0,0,2577,2431,-146,0,0
2531.445,9836969,3,1,4.3,0,0,2577,2431,-146,0,0
2531.547,9837069,3,1,4.3,0,0,2577,2431,-146,0,0
2531.645,9837169,3,1,4.3,0,0,2577,2431,-146,0,0
2531.758,9837281,3,1,4.3,0,0,2577,2431,-146,0,0
2531.845,9837369,3,1,4.3,0,0,2577,2431,-146,0,0
2531.946,9837469,3,1,4.3,0,0,2577,2431,-146,0,0
2532.046,9837569,3,1,4.3,0,0,2577,2431,-146,0,0
2532.145,9837669,3,1,4.3,0,0,2577,2431,-146,0,0
2532.247,9837769,3,1,4.3,0,0,2577,2431,-146,0,0
2532.347,9837869,3,1,4.3,0,0,2577,2431,-146,0,0
2532.446,9837969,3,1,4.3,0,0,2577,2431,-146,0,0
2532.558,9838081,1,1,4.3,0,0,2577,2431,-146,0,0
2532.645,9838169,1,1,4.3,0,0,2577,2431,-146,0,0
2532.745,9838269,1,1,4.3,0,0,2577,2431,-146,0,0
2532.845,9838369,1,1,4.3,0,0,2577,2431,-146,0,0
2532.945,9838469,1,1,4.3,0,0,2577,2431,-146,0,0
2533.049,9838569,1,1,4.3,0,0,2577,2431,-146,0,0
2533.146,9838669,1,1,4.3,0,0,2577,2431,-146,0,0
